Sede,Concepto,Profesional Historia,Ingresos,Atenciones,Uds
CDMX,(EX) EmbryoScope Kit,Jose Juan Guerrero Vargas,3448.28,1,1
CDMX,(EX) EmbryoScope Kit,Lilia Berenice Leyva Macias,10344.83,2,2
CDMX,(EX) EmbryoScope Kit,Monica Olavarria,13793.11,3,3
CDMX,(EX) EmbryoScope Kit,Monica Yazmin Olavarria Guadarrama,3448.28,1,1
CDMX,(EX) EmbryoScope Kit,Oliver Paul Cruz Orozco,0.0,1,1
CDMX,(EX) EmbryoScope Kit,Perla del Rocio Baca Olivoo,3448.28,1,1
CDMX,(EX) Fertilización PICSI / Microfluidos,Giovanni López Salamanca,3017.24,1,1
CDMX,(EX) Fertilización PICSI / Microfluidos,Jaime Antonio Hidalgo Carrera,12068.96,4,4
CDMX,(EX) Fertilización PICSI / Microfluidos,Jairo Hernando Pedraza Pinto,2068.97,1,1
CDMX,(EX) Gonal-F Pen 2.0 900IU,María Elena González Panzzi,20600.0,1,2
CDMX,(EX) Merapur 75 UI (Por caja),María Elena González Panzzi,5400.0,2,2
CDMX,(EX) Ovidrel F-Pen 250MCG,María Elena González Panzzi,3160.0,1,2
CDMX,(EX) REKOVELLE SOL FOR INJ 12MCG/0.36ML CON 3 AGUJA,Claudia Melina Robellada Zarate,2500.0,1,1
CDMX,(EX) REKOVELLE SOL FOR INJ 72MCG/2.16ML CON 9 AGUJA,Alejandro Sanchez Aranda,14000.0,1,1
CDMX,(Ex) Anualidad criopreservación óvulos y/o embriones,Edna Amaro,4310.34,1,1
CDMX,(Ex) Anualidad criopreservación óvulos y/o embriones,Maria Victoria Marchese,4310.34,1,1
CDMX,(Ex) Desvitrificación + transferencia,Fabian Ricardo Castañeda Bochm,12801.72,1,1
CDMX,(Ex) Mensualidad criopreservación óvulos y/o embriones,Alejandro Kava Braveman,3620.69,3,7
CDMX,(Ex) Mensualidad criopreservación óvulos y/o embriones,Daniel Pascal Ponton,1448.28,2,4
CDMX,(Ex) Mensualidad criopreservación óvulos y/o embriones,Eugenia Morán Orozco,517.24,1,1
CDMX,(Ex) Mensualidad criopreservación óvulos y/o embriones,Fabiola del Carmen Brito Sandoval,1551.72,1,3
CDMX,(Ex) Mensualidad criopreservación óvulos y/o embriones,Griselda Reyes Torres,2068.96,2,4
CDMX,(Ex) Mensualidad criopreservación óvulos y/o embriones,Jorge Alberto Campos Cañas,2586.21,2,5
CDMX,(Ex) Mensualidad criopreservación óvulos y/o embriones,José Manuel Lozano Sánchez,3620.69,2,7
CDMX,(Ex) Mensualidad criopreservación óvulos y/o embriones,Ruben Tlapanco Vargas,5172.41,2,10
CDMX,15 Óvulos Garantizados / 15 Eggs Guaranteed CDMX,Armando Miguel Roque Sanchez,198275.86,2,2
CDMX,17 Hidroxiprogesterona,Monica Olavarria,1896.56,2,2
CDMX,20 Óvulos Garantizados / 20 Eggs Guaranteed CDMX,Alma Victoria Villarreal Barranca,232758.62,2,2
CDMX,20 Óvulos Garantizados / 20 Eggs Guaranteed CDMX,Eugenia Morán Orozco,116379.31,1,1
CDMX,20 Óvulos Garantizados / 20 Eggs Guaranteed CDMX,Jaime Antonio Hidalgo Carrera,54956.9,1,1
CDMX,5 años almacenamiento,Eugenia Morán Orozco,12931.03,1,1
CDMX,5 años almacenamiento Embrion,Eugenia Morán Orozco,12931.03,1,1
CDMX,5 años almacenamiento Embriones,Giovanni López Salamanca,12931.03,1,1
CDMX,5 años almacenamiento Esperma,Giovanni López Salamanca,12931.03,1,1
CDMX,5 años almacenamiento Esperma,Jaime Antonio Hidalgo Carrera,12931.03,1,1
CDMX,5 años almacenamiento Esperma,José Alfonso Gutiérrez Frusch,12931.03,1,1
CDMX,5 años almacenamiento Óvulos,Andrea Andrade Rodríguez,12931.03,1,1
CDMX,5 años almacenamiento Óvulos,Eugenia Morán Orozco,64655.15,5,5
CDMX,5 años almacenamiento Óvulos,Giovanni López Salamanca,25862.06,2,2
CDMX,5 años almacenamiento Óvulos,Griselda Reyes Torres,12931.03,1,1
CDMX,5 años almacenamiento Óvulos,Jairo Hernando Pedraza Pinto,12931.03,1,1
CDMX,5 años almacenamiento Óvulos,José Alfonso Gutiérrez Frusch,12931.03,1,1
CDMX,5 años almacenamiento Óvulos,Mayella Fernández del Campo,25862.06,2,2
CDMX,5 años almacenamiento Óvulos,Miguel Ángel Martínez Enríquez,12931.03,1,1
CDMX,5 años almacenamiento Óvulos / Embrion,Alejandro Kava Braveman,25862.06,2,2
CDMX,5 años almacenamiento Óvulos / Embrion,Alejandro Sanchez Aranda,25862.06,2,2
CDMX,5 años almacenamiento Óvulos / Embrion,Armando Miguel Roque Sanchez,12931.03,1,1
CDMX,5 años almacenamiento Óvulos / Embrion,Eugenia Morán Orozco,51724.12,4,4
CDMX,5 años almacenamiento Óvulos / Embrion,Eva Bonifacio Leon,77585.41,6,6
CDMX,5 años almacenamiento Óvulos / Embrion,Fabiola Gallardo Gómez,12931.03,1,1
CDMX,5 años almacenamiento Óvulos / Embrion,Giovanni López Salamanca,51724.12,4,4
CDMX,5 años almacenamiento Óvulos / Embrion,Jaime Antonio Hidalgo Carrera,12931.03,1,1
CDMX,5 años almacenamiento Óvulos / Embrion,Jairo Hernando Pedraza Pinto,12931.03,1,1
CDMX,5 años almacenamiento Óvulos / Embrion,José Alfonso Gutiérrez Frusch,232758.54,18,18
CDMX,5 años almacenamiento Óvulos / Embrion,Maria Victoria Marchese,25862.06,2,2
CDMX,5 años almacenamiento Óvulos / Embrion,María de los Ángeles Flores Manzur,12931.03,1,1
CDMX,5 años almacenamiento Óvulos / Embrion,Mayella Fernández del Campo,38793.09,3,3
CDMX,5 años almacenamiento Óvulos / Embrion,Ruben Gonzalez Ruiz,25862.07,1,2
CDMX,ADN Fetal - Panorama Básico,Eugenia Morán Orozco,60172.4,4,4
CDMX,ADN Fetal - Panorama Básico,Giovanni López Salamanca,30086.2,2,2
CDMX,ADN Fetal - Panorama Básico,Jairo Hernando Pedraza Pinto,15043.1,1,1
CDMX,ADN Fetal - Panorama Extendido,Giovanni López Salamanca,19181.03,2,2
CDMX,AMH (Nanogramos),Alejandro Sanchez Aranda,3017.24,2,2
CDMX,AMH (Nanogramos),Armando Miguel Roque Sanchez,0.0,5,5
CDMX,AMH (Nanogramos),Enfermeria,1724.14,1,1
CDMX,AMH (Nanogramos),Eugenia Morán Orozco,3448.28,14,14
CDMX,AMH (Nanogramos),Giovanni López Salamanca,1724.14,6,6
CDMX,AMH (Nanogramos),Jaime Antonio Hidalgo Carrera,3448.28,8,8
CDMX,AMH (Nanogramos),Jairo Hernando Pedraza Pinto,1724.14,8,8
CDMX,AMH (Nanogramos),Monica Olavarria,1724.14,4,4
CDMX,AMH (Nanogramos),Ruben Gonzalez Ruiz,1724.14,9,9
CDMX,ASPIRINA PROTEC 100MG 28 TAB,Alejandro Sanchez Aranda,480.0,2,2
CDMX,ASPIRINA PROTEC 100MG 28 TAB,Alma Victoria Villarreal Barranca,1680.0,7,7
CDMX,ASPIRINA PROTEC 100MG 28 TAB,Armando Miguel Roque Sanchez,3840.0,16,16
CDMX,ASPIRINA PROTEC 100MG 28 TAB,Blanca Cardenas,240.0,1,1
CDMX,ASPIRINA PROTEC 100MG 28 TAB,Eugenia Morán Orozco,44075.6,183,185
CDMX,ASPIRINA PROTEC 100MG 28 TAB,Giovanni López Salamanca,21979.2,92,93
CDMX,ASPIRINA PROTEC 100MG 28 TAB,Jaime Antonio Hidalgo Carrera,6000.0,25,25
CDMX,ASPIRINA PROTEC 100MG 28 TAB,Jairo Hernando Pedraza Pinto,12960.0,54,54
CDMX,ASPIRINA PROTEC 100MG 28 TAB,José Alfonso Gutiérrez Frusch,240.0,1,1
CDMX,ASPIRINA PROTEC 100MG 28 TAB,María Elena González Panzzi,240.0,1,1
CDMX,ASPIRINA PROTEC 100MG 28 TAB,Monica Olavarria,480.0,2,2
CDMX,ASPIRINA PROTEC 100MG 28 TAB,Norma Sharey Vazquez Jimenez,240.0,1,1
CDMX,ASPIRINA PROTEC 100MG 28 TAB,Ruben Gonzalez Ruiz,3091.2,13,13
CDMX,AUN NO SUCEDE EL TRATAMIENTO,Eugenia Morán Orozco,0.0,1,1
CDMX,"Ac. Anti TPO (Tiroperoxidasa, Microsomales)",Maritza Ivett Rojas Valencia,603.45,1,1
CDMX,Ac. Anti-Beta 2 Glicoproteína IgG,Jairo Hernando Pedraza Pinto,0.0,1,1
CDMX,Ac. Anti-Chlamydia Trachomatis IgG e IgM,Eugenia Morán Orozco,2672.42,2,2
CDMX,Ac. Anti-Tiroglobulina (Anti-TG),Maritza Ivett Rojas Valencia,560.34,1,1
CDMX,Ac. Anti-Virus Herpes (HSV) Tipo I y II IgG e IgM,Eugenia Morán Orozco,948.28,2,2
CDMX,Ac. Anti-Virus Herpes (HSV) Tipo I y II IgG e IgM,Giovanni López Salamanca,948.28,2,2
CDMX,Ac. Anti-tiroideos,Eugenia Morán Orozco,0.0,1,1
CDMX,Ac. Anti-tiroideos,Jairo Hernando Pedraza Pinto,2129.31,1,1
CDMX,Ac. Anti-tiroideos,Ruben Gonzalez Ruiz,1465.52,1,1
CDMX,Alfa Fetoproteína (AFP),Giovanni López Salamanca,702.59,1,1
CDMX,All Inclusive Surrogacy Package CDMX,(Sin asignar),181034.48,1,1
CDMX,All Inclusive Surrogacy Package CDMX,Alma Victoria Villarreal Barranca,181034.48,1,1
CDMX,All Inclusive Surrogacy Package CDMX,Eugenia Morán Orozco,858620.92,4,4
CDMX,All Inclusive Surrogacy Package CDMX,Giovanni López Salamanca,412500.16,3,3
CDMX,All Inclusive Surrogacy Package CDMX,Jairo Hernando Pedraza Pinto,323275.86,2,2
CDMX,Almacenamiento de gametos 1 año,(Sin asignar),6034.48,1,1
CDMX,Almacenamiento de gametos 1 año,Alejandro Kava Braveman,64655.12,13,13
CDMX,Almacenamiento de gametos 1 año,Alejandro Sanchez Aranda,81034.44,15,15
CDMX,Almacenamiento de gametos 1 año,Alma Victoria Villarreal Barranca,10344.82,2,2
CDMX,Almacenamiento de gametos 1 año,Andrea Andrade Rodríguez,12499.99,3,3
CDMX,Almacenamiento de gametos 1 año,Armando Miguel Roque Sanchez,14655.16,6,6
CDMX,Almacenamiento de gametos 1 año,Carlos Andres Lejtik Alva,12068.97,1,2
CDMX,Almacenamiento de gametos 1 año,Daniel Pascal Ponton,16379.3,3,3
CDMX,Almacenamiento de gametos 1 año,Daniel Vieyra Cortés,4310.34,1,1
CDMX,Almacenamiento de gametos 1 año,Deborah Cassis Bendeck,10344.82,3,3
CDMX,Almacenamiento de gametos 1 año,Diana Duran,6034.48,1,1
CDMX,Almacenamiento de gametos 1 año,Edith Cervantes Guerrero,24137.92,4,4
CDMX,Almacenamiento de gametos 1 año,Eugenia Morán Orozco,276723.99,54,58
CDMX,Almacenamiento de gametos 1 año,Eva Bonifacio Leon,31637.91,5,5
CDMX,Almacenamiento de gametos 1 año,Fabiola del Carmen Brito Sandoval,6034.48,1,1
CDMX,Almacenamiento de gametos 1 año,Felipe de Jesús Compeán Báez,8620.68,2,2
CDMX,Almacenamiento de gametos 1 año,Gerardo Armando Paladino Barquera,47413.76,9,9
CDMX,Almacenamiento de gametos 1 año,Giovanni López Salamanca,201939.54,38,39
CDMX,Almacenamiento de gametos 1 año,Gisela Cuevas Velasco,18965.5,5,5
CDMX,Almacenamiento de gametos 1 año,Griselda Reyes Torres,56034.44,12,12
CDMX,Almacenamiento de gametos 1 año,Horacio Méndez Serrano,4310.34,1,1
CDMX,Almacenamiento de gametos 1 año,Isabel Suarez Zaragoza,6034.48,1,1
CDMX,Almacenamiento de gametos 1 año,Jaime Antonio Hidalgo Carrera,10344.82,2,2
CDMX,Almacenamiento de gametos 1 año,Jairo Hernando Pedraza Pinto,26724.12,5,5
CDMX,Almacenamiento de gametos 1 año,Jefsi Argelia Leon Dominguez,10344.82,2,2
CDMX,Almacenamiento de gametos 1 año,Jorge Alberto Campos Cañas,10344.82,3,3
CDMX,Almacenamiento de gametos 1 año,José Alfonso Gutiérrez Frusch,211637.79,41,42
CDMX,Almacenamiento de gametos 1 año,José Manuel Lozano Sánchez,23620.67,5,5
CDMX,Almacenamiento de gametos 1 año,Maria Victoria Marchese,26724.12,5,5
CDMX,Almacenamiento de gametos 1 año,Maritza Ivett Rojas Valencia,6034.48,1,1
CDMX,Almacenamiento de gametos 1 año,María Elena González Panzzi,8620.68,2,2
CDMX,Almacenamiento de gametos 1 año,María de los Ángeles Flores Manzur,18965.5,4,4
CDMX,Almacenamiento de gametos 1 año,Mayela Fernandez del Campo (MEFI),4310.34,1,1
CDMX,Almacenamiento de gametos 1 año,Mayella Fernández del Campo,17241.36,4,4
CDMX,Almacenamiento de gametos 1 año,Melissa Itzel Villagomez Aleman,20689.64,4,4
CDMX,Almacenamiento de gametos 1 año,Miguel Ángel Martínez Enríquez,18103.44,3,3
CDMX,Almacenamiento de gametos 1 año,Miranda Lucía Morán Morales,6034.48,1,1
CDMX,Almacenamiento de gametos 1 año,Monica Olavarria,10344.82,2,2
CDMX,Almacenamiento de gametos 1 año,Monica Yazmin Olavarria Guadarrama,4310.34,1,1
CDMX,Almacenamiento de gametos 1 año,Paola Berenice Merchand Álvarez,10344.82,2,2
CDMX,Almacenamiento de gametos 1 año,Peggy Molina Vargas,6034.48,1,1
CDMX,Almacenamiento de gametos 1 año,Ruben Gonzalez Ruiz,34482.74,6,6
CDMX,Almacenamiento de gametos 1 año,Sofia Rodriguez Mendoza (MEFI),10344.82,2,2
CDMX,Almacenamiento de gametos 5 años,Alejandro Kava Braveman,51724.12,4,4
CDMX,Almacenamiento de gametos 5 años,Alejandro Sanchez Aranda,68965.5,5,5
CDMX,Almacenamiento de gametos 5 años,Armando Miguel Roque Sanchez,124999.97,10,11
CDMX,Almacenamiento de gametos 5 años,Carlos Andres Lejtik Alva,12931.03,1,1
CDMX,Almacenamiento de gametos 5 años,Daniel Pascal Ponton,12931.03,1,1
CDMX,Almacenamiento de gametos 5 años,Enfermeria,12931.03,1,1
CDMX,Almacenamiento de gametos 5 años,Eugenia Morán Orozco,408706.81,29,30
CDMX,Almacenamiento de gametos 5 años,Eva Bonifacio Leon,25862.06,2,4
CDMX,Almacenamiento de gametos 5 años,Fabiola del Carmen Brito Sandoval,12931.03,1,1
CDMX,Almacenamiento de gametos 5 años,Gerardo Armando Paladino Barquera,12931.03,1,1
CDMX,Almacenamiento de gametos 5 años,Giovanni López Salamanca,125431.01,11,11
CDMX,Almacenamiento de gametos 5 años,Gisela Cuevas Velasco,12931.03,1,1
CDMX,Almacenamiento de gametos 5 años,Griselda Reyes Torres,12931.03,1,1
CDMX,Almacenamiento de gametos 5 años,Horacio Méndez Serrano,12931.03,2,2
CDMX,Almacenamiento de gametos 5 años,Jaime Antonio Hidalgo Carrera,12931.03,1,1
CDMX,Almacenamiento de gametos 5 años,Jairo Hernando Pedraza Pinto,77586.2,6,6
CDMX,Almacenamiento de gametos 5 años,Jorge Manuel Rodriguez Purata,12931.03,1,1
CDMX,Almacenamiento de gametos 5 años,José Alfonso Gutiérrez Frusch,181034.44,13,13
CDMX,Almacenamiento de gametos 5 años,José Manuel Lozano Sánchez,38793.09,3,3
CDMX,Almacenamiento de gametos 5 años,Maria Victoria Marchese,25862.06,2,2
CDMX,Almacenamiento de gametos 5 años,María de los Ángeles Flores Manzur,38793.09,3,3
CDMX,Almacenamiento de gametos 5 años,Mayela Fernandez del Campo (MEFI),25862.06,2,2
CDMX,Almacenamiento de gametos 5 años,Mayella Fernández del Campo,159482.72,11,13
CDMX,Almacenamiento de gametos 5 años,Monica Yazmin Olavarria Guadarrama,12931.03,1,1
CDMX,Almacenamiento de gametos 5 años,Ruben Gonzalez Ruiz,73275.85,5,5
CDMX,Almacenamiento de gametos 5 años,Sofia Rodriguez Mendoza (MEFI),43103.44,3,3
CDMX,Androstenediona,(Sin asignar),387.93,1,1
CDMX,Androstenediona,Jairo Hernando Pedraza Pinto,387.93,1,1
CDMX,Antigeno Prostático,Giovanni López Salamanca,948.28,1,1
CDMX,Antimulleriana AMH (Nanogramos),(Sin asignar),15086.22,12,12
CDMX,Antimulleriana AMH (Nanogramos),Alma Victoria Villarreal Barranca,14551.74,85,85
CDMX,Antimulleriana AMH (Nanogramos),Armando Miguel Roque Sanchez,13689.67,42,42
CDMX,Antimulleriana AMH (Nanogramos),Enfermeria,8620.7,5,5
CDMX,Antimulleriana AMH (Nanogramos),Eugenia Morán Orozco,16793.12,64,64
CDMX,Antimulleriana AMH (Nanogramos),Giovanni López Salamanca,6689.66,54,54
CDMX,Antimulleriana AMH (Nanogramos),Jaime Antonio Hidalgo Carrera,13689.67,40,40
CDMX,Antimulleriana AMH (Nanogramos),Jairo Hernando Pedraza Pinto,12068.98,49,49
CDMX,Antimulleriana AMH (Nanogramos),José Alfonso Gutiérrez Frusch,0.0,1,1
CDMX,Antimulleriana AMH (Nanogramos),Miranda Lucía Morán Morales,8620.7,60,60
CDMX,Antimulleriana AMH (Nanogramos),Monica Olavarria,8620.7,24,24
CDMX,Antimulleriana AMH (Nanogramos),Ruben Gonzalez Ruiz,8413.8,41,41
CDMX,Antitrombina III,Giovanni López Salamanca,668.97,1,1
CDMX,Antígeno Carcinoembrionario (CEA),Giovanni López Salamanca,715.52,1,1
CDMX,Aspiración de quiste - CDMX,Alma Victoria Villarreal Barranca,40344.82,2,2
CDMX,Aspiración de quiste - CDMX,Armando Miguel Roque Sanchez,21551.72,1,1
CDMX,Aspiración de quiste - CDMX,Eugenia Morán Orozco,20172.41,1,1
CDMX,Aspiración de quiste - CDMX,Giovanni López Salamanca,40344.82,2,2
CDMX,Aspiración de quiste - CDMX,Miranda Lucía Morán Morales,20172.41,1,1
CDMX,Aspiración de quiste - CDMX,Ruben Gonzalez Ruiz,20172.41,1,1
CDMX,Aspirina protect (caja c/28),Armando Miguel Roque Sanchez,960.0,4,4
CDMX,Aspirina protect (caja c/28),Eugenia Morán Orozco,11980.0,60,61
CDMX,Aspirina protect (caja c/28),Giovanni López Salamanca,4549.6,24,24
CDMX,Aspirina protect (caja c/28),Jaime Antonio Hidalgo Carrera,2490.0,13,13
CDMX,Aspirina protect (caja c/28),Jairo Hernando Pedraza Pinto,3040.0,16,16
CDMX,Aspirina protect (caja c/28),José Alfonso Gutiérrez Frusch,170.0,1,1
CDMX,Aspirina protect (caja c/28),Ruben Gonzalez Ruiz,2360.0,12,12
CDMX,Banco de donador de semen internacional - Disponibilidad 48 - 72 hrs CDMX,Eugenia Morán Orozco,21551.72,1,1
CDMX,Banco de óvulo donadora internacional x óvulo - Disponibilidad 48 - 72 hrs CDMX,Armando Miguel Roque Sanchez,98275.86,1,6
CDMX,Banco de óvulo donadora nacional x óvulo - Disponibilidad 48 - 72 hrs CDMX,Jaime Antonio Hidalgo Carrera,112500.0,1,9
CDMX,Banco de óvulos FI - Ovodonación Ovobank (6 óvulos) - Disponibilidad inmediata CDMX,LORENA CHRISSIE OCEGUERA PALAO,85345.42,1,1
CDMX,Biometria Hemática Pack,Alma Victoria Villarreal Barranca,388.0,4,4
CDMX,Biometria Hemática Pack,Armando Miguel Roque Sanchez,364.66,12,12
CDMX,Biometria Hemática Pack,Eugenia Morán Orozco,387.93,12,12
CDMX,Biometria Hemática Pack,Giovanni López Salamanca,107.76,8,8
CDMX,Biometria Hemática Pack,Griselda Reyes Torres,387.93,1,1
CDMX,Biometria Hemática Pack,Jaime Antonio Hidalgo Carrera,0.0,1,1
CDMX,Biometria Hemática Pack,Jairo Hernando Pedraza Pinto,0.0,9,9
CDMX,Biometria Hemática Pack,José Alfonso Gutiérrez Frusch,0.0,1,1
CDMX,Biometria Hemática Pack,Lilia Berenice Leyva Macias,387.93,1,1
CDMX,Biometria Hemática Pack,María Elena González Panzzi,0.0,1,1
CDMX,Biometria Hemática Pack,Miranda Lucía Morán Morales,387.93,3,3
CDMX,Biometria Hemática Pack,Monica Olavarria,0.0,1,1
CDMX,Biometria Hemática Pack,Ruben Gonzalez Ruiz,0.0,3,3
CDMX,Biometría hemática,(Sin asignar),387.93,1,1
CDMX,Biometría hemática,Alejandro Sanchez Aranda,387.93,1,1
CDMX,Biometría hemática,Alma Victoria Villarreal Barranca,0.0,1,1
CDMX,Biometría hemática,Armando Miguel Roque Sanchez,1163.79,15,15
CDMX,Biometría hemática,Carlos Andres Lejtik Alva,387.93,1,1
CDMX,Biometría hemática,Eugenia Morán Orozco,3491.37,49,49
CDMX,Biometría hemática,Gerardo Armando Paladino Barquera,775.86,2,2
CDMX,Biometría hemática,Giovanni López Salamanca,775.86,23,23
CDMX,Biometría hemática,Jaime Antonio Hidalgo Carrera,1551.72,22,22
CDMX,Biometría hemática,Jairo Hernando Pedraza Pinto,1551.72,32,32
CDMX,Biometría hemática,Maritza Ivett Rojas Valencia,775.86,2,2
CDMX,Biometría hemática,María Elena González Panzzi,387.93,1,1
CDMX,Biometría hemática,María de los Ángeles Flores Manzur,387.93,1,1
CDMX,Biometría hemática,Mayela Fernandez del Campo (MEFI),387.93,1,1
CDMX,Biometría hemática,Monica Olavarria,0.0,4,4
CDMX,Biometría hemática,Monica Yazmin Olavarria Guadarrama,387.93,2,2
CDMX,Biometría hemática,Norma Sharey Vazquez Jimenez,0.0,1,1
CDMX,Biometría hemática,Ruben Gonzalez Ruiz,2234.48,24,24
CDMX,Biopsia de endometrio,Armando Miguel Roque Sanchez,1551.72,1,1
CDMX,Biopsia de endometrio,Monica Olavarria,1551.72,1,1
CDMX,Biopsia de endometrio,Oliver Paul Cruz Orozco,1551.72,1,1
CDMX,Biopsia por embrión de 1 a 10,Giovanni López Salamanca,8620.69,1,1
CDMX,Biopsia testicular,Eugenia Morán Orozco,29310.34,1,1
CDMX,Biopsia testicular,Miranda Lucía Morán Morales,28000.17,1,1
CDMX,Biopsia testicular - CDMX,Armando Miguel Roque Sanchez,28000.0,1,1
CDMX,Biopsia testicular - CDMX,Eugenia Morán Orozco,28000.0,1,1
CDMX,Bolentax 40mg,Jaime Antonio Hidalgo Carrera,4000.0,1,5
CDMX,Búsqueda de microdeleciones del cromosoma Y,Enfermeria,5474.14,1,1
CDMX,CA 125,Giovanni López Salamanca,560.34,1,1
CDMX,CARGO DOBLE,Eugenia Morán Orozco,0.0,3,3
CDMX,CARGO DOBLE,Laboratorio FIV/Andrología,0.0,1,1
CDMX,CARGO ERRADO,Eugenia Morán Orozco,0.0,1,1
CDMX,CARGO ERRADO,Jairo Hernando Pedraza Pinto,0.0,2,10
CDMX,"CICLO CANCELADO, NO SE DIO SERVICIO",Eugenia Morán Orozco,0.0,1,1
CDMX,CUERPO AMARILLO FTE 6X2 50ML/2MG AMP (PROGESTERONA),Armando Miguel Roque Sanchez,6102.0,3,6
CDMX,CUERPO AMARILLO FTE 6X2 50ML/2MG AMP (PROGESTERONA),Eugenia Morán Orozco,233910.0,158,231
CDMX,CUERPO AMARILLO FTE 6X2 50ML/2MG AMP (PROGESTERONA),Giovanni López Salamanca,60958.98,39,60
CDMX,CUERPO AMARILLO FTE 6X2 50ML/2MG AMP (PROGESTERONA),Jaime Antonio Hidalgo Carrera,31527.0,12,31
CDMX,CUERPO AMARILLO FTE 6X2 50ML/2MG AMP (PROGESTERONA),Jairo Hernando Pedraza Pinto,39663.0,33,39
CDMX,CUERPO AMARILLO FTE 6X2 50ML/2MG AMP (PROGESTERONA),Ruben Gonzalez Ruiz,15255.0,10,15
CDMX,Capacitación espermática,Carlos Parra,0.0,2,0
CDMX,Capacitación espermática,Mayella Fernández del Campo,1508.62,1,1
CDMX,Captura + Fertilización + VItrificación (Embryo Freezing) CDMX,Gerardo Armando Paladino Barquera,55818.97,2,2
CDMX,Captura + Fertilización + VItrificación (Embryo Freezing) CDMX,María de los Ángeles Flores Manzur,29138.46,1,1
CDMX,Captura + Vitrificación (Egg Freezing) CDMX,Griselda Reyes Torres,22015.6,1,1
CDMX,Captura + Vitrificación (Egg Freezing) CDMX,María de los Ángeles Flores Manzur,25862.07,1,1
CDMX,Captura + fertilización CDMX,Alejandro Sanchez Aranda,21250.0,1,1
CDMX,Captura + fertilización CDMX,Gisela Cuevas Velasco,21250.0,1,1
CDMX,Captura + fertilización CDMX,Magdalena Cruz Luna,12235.0,1,1
CDMX,Captura + fertilización CDMX,Miguel Ángel Martínez Enríquez,21250.0,1,1
CDMX,Captura CDMX,Gerardo Armando Paladino Barquera,9482.76,1,1
CDMX,Captura ovular y vitrificación - CDMX,Armando Miguel Roque Sanchez,58189.66,1,1
CDMX,Captura ovular y vitrificación - CDMX,Eugenia Morán Orozco,864224.17,13,13
CDMX,Captura ovular y vitrificación - CDMX,Giovanni López Salamanca,488146.57,7,7
CDMX,Captura ovular y vitrificación - CDMX,Jaime Antonio Hidalgo Carrera,262715.52,4,4
CDMX,Captura ovular y vitrificación - CDMX,Jairo Hernando Pedraza Pinto,58189.66,1,1
CDMX,Captura ovular y vitrificación - CDMX,Monica Olavarria,140086.21,2,2
CDMX,Captura ovular y vitrificación - CDMX,Ruben Gonzalez Ruiz,418318.99,9,7
CDMX,Cargos administrativos,Alejandro Kava Braveman,6034.48,1,1
CDMX,Cargos administrativos,Aline Yunuen García Cortes,405.17,1,1
CDMX,Cargos administrativos,Claudia Melina Robellada Zarate,0.0,1,1
CDMX,Cargos administrativos,Fatima Giron Ávila,1724.14,1,1
CDMX,Cargos administrativos,Gisela Cuevas Velasco,2586.21,1,1
CDMX,Cargos administrativos,LORENA CHRISSIE OCEGUERA PALAO,12931.1,1,1
CDMX,Cariotipo en sangre periférica,Enfermeria,7887.93,1,1
CDMX,Cariotipo en sangre periférica,Eugenia Morán Orozco,7887.93,1,1
CDMX,Cariotipo pareja,Giovanni López Salamanca,7758.62,1,1
CDMX,Ceftriaxona,Jose Juan Guerrero Vargas,300.0,1,1
CDMX,Cesárea 2 noches,Armando Miguel Roque Sanchez,66810.34,1,1
CDMX,Cetrotide 0.25mg,Alejandro Sanchez Aranda,28056.0,10,21
CDMX,Cetrotide 0.25mg,Alma Victoria Villarreal Barranca,112918.72,38,92
CDMX,Cetrotide 0.25mg,Armando Miguel Roque Sanchez,278903.36,94,212
CDMX,Cetrotide 0.25mg,Carlos Andres Lejtik Alva,8016.0,3,6
CDMX,Cetrotide 0.25mg,Carlos Parra,4809.6,2,4
CDMX,Cetrotide 0.25mg,Claudia Melina Robellada Zarate,4008.0,3,3
CDMX,Cetrotide 0.25mg,Eugenia Morán Orozco,533922.72,184,402
CDMX,Cetrotide 0.25mg,Giovanni López Salamanca,320390.24,111,249
CDMX,Cetrotide 0.25mg,Jaime Antonio Hidalgo Carrera,196194.56,72,148
CDMX,Cetrotide 0.25mg,Jairo Hernando Pedraza Pinto,323204.0,99,250
CDMX,Cetrotide 0.25mg,José Manuel Lozano Sánchez,4008.0,1,3
CDMX,Cetrotide 0.25mg,María Elena González Panzzi,8016.0,2,6
CDMX,Cetrotide 0.25mg,Mayela Fernandez del Campo (MEFI),4008.0,1,3
CDMX,Cetrotide 0.25mg,Miranda Lucía Morán Morales,17368.0,7,13
CDMX,Cetrotide 0.25mg,Monica Olavarria,37408.0,15,29
CDMX,Cetrotide 0.25mg,Monica Yazmin Olavarria Guadarrama,4008.0,2,3
CDMX,Cetrotide 0.25mg,Norma Sharey Vazquez Jimenez,9352.0,3,7
CDMX,Cetrotide 0.25mg,Ruben Gonzalez Ruiz,174017.04,65,131
CDMX,Check up Fertilidad Hombres,Eugenia Morán Orozco,4051.72,2,2
CDMX,Check up Fertilidad Hombres,Giovanni López Salamanca,1616.38,1,1
CDMX,Check up Fertilidad Hombres,Ruben Gonzalez Ruiz,1896.55,1,1
CDMX,Check up Fertilidad Hombres CDMX,(Sin asignar),2586.21,1,1
CDMX,Check up Fertilidad Hombres CDMX,Giovanni López Salamanca,4741.38,2,2
CDMX,Check up Fertilidad Hombres CDMX,Jaime Antonio Hidalgo Carrera,2586.21,1,1
CDMX,Check up Fertilidad Hombres CDMX,Jairo Hernando Pedraza Pinto,2586.21,1,1
CDMX,Check up Fertilidad Hombres GDL,Carlos Parra,2155.17,1,1
CDMX,Check up Fertilidad Hombres GDL,Giovanni López Salamanca,4051.72,2,2
CDMX,Check up Fertilidad Hombres GDL,Miranda Lucía Morán Morales,4310.34,2,2
CDMX,Check up Fertilidad Masculino,Jaime Antonio Hidalgo Carrera,1896.55,1,1
CDMX,Check up Fertilidad Mujeres,(Sin asignar),1896.55,1,1
CDMX,Check up Fertilidad Mujeres,Alma Victoria Villarreal Barranca,86982.7,48,48
CDMX,Check up Fertilidad Mujeres,Armando Miguel Roque Sanchez,24655.15,13,13
CDMX,Check up Fertilidad Mujeres,Eugenia Morán Orozco,21948.26,14,14
CDMX,Check up Fertilidad Mujeres,Giovanni López Salamanca,35636.18,19,19
CDMX,Check up Fertilidad Mujeres,Jaime Antonio Hidalgo Carrera,19999.99,12,12
CDMX,Check up Fertilidad Mujeres,Jairo Hernando Pedraza Pinto,21896.54,12,12
CDMX,Check up Fertilidad Mujeres,Miranda Lucía Morán Morales,63189.61,34,34
CDMX,Check up Fertilidad Mujeres,Monica Olavarria,16637.92,9,9
CDMX,Check up Fertilidad Mujeres,Ruben Gonzalez Ruiz,16206.89,9,9
CDMX,Check up Fertilidad Parejas,Alma Victoria Villarreal Barranca,33189.64,11,11
CDMX,Check up Fertilidad Parejas,Armando Miguel Roque Sanchez,21120.68,7,7
CDMX,Check up Fertilidad Parejas,Eugenia Morán Orozco,25853.44,9,9
CDMX,Check up Fertilidad Parejas,Giovanni López Salamanca,39224.12,13,13
CDMX,Check up Fertilidad Parejas,Jaime Antonio Hidalgo Carrera,12758.62,4,4
CDMX,Check up Fertilidad Parejas,Jairo Hernando Pedraza Pinto,18103.44,6,6
CDMX,Check up Fertilidad Parejas,José Alfonso Gutiérrez Frusch,3017.24,1,1
CDMX,Check up Fertilidad Parejas,Miranda Lucía Morán Morales,24137.92,9,9
CDMX,Check up Fertilidad Parejas,Monica Olavarria,15948.27,6,6
CDMX,Check up Fertilidad Parejas,Ruben Gonzalez Ruiz,5129.31,2,2
CDMX,Check up Fertilidad masculino,Miranda Lucía Morán Morales,1896.55,1,1
CDMX,Check up GALENSTINE CDMX,(Sin asignar),2000.0,1,1
CDMX,Check up Hombres CDMX,Giovanni López Salamanca,8318.98,5,5
CDMX,Check up Hombres CDMX,Jaime Antonio Hidalgo Carrera,10344.84,4,4
CDMX,Check up Hombres CDMX,Jairo Hernando Pedraza Pinto,2586.21,1,1
CDMX,Check up Hombres CDMX,Laboratorio FIV/Andrología,2586.21,1,1
CDMX,Check up Hombres CDMX,Ruben Gonzalez Ruiz,8469.84,6,4
CDMX,Check up Mujeres CDMX,Armando Miguel Roque Sanchez,10344.84,4,4
CDMX,Check up Mujeres CDMX,Eugenia Morán Orozco,23146.58,12,12
CDMX,Check up Mujeres CDMX,Giovanni López Salamanca,12025.89,9,9
CDMX,Check up Mujeres CDMX,Jaime Antonio Hidalgo Carrera,14353.47,7,7
CDMX,Check up Mujeres CDMX,Jairo Hernando Pedraza Pinto,23793.14,13,13
CDMX,Check up Mujeres CDMX,Monica Olavarria,10344.84,4,4
CDMX,Check up Mujeres CDMX,Ruben Gonzalez Ruiz,7758.63,3,3
CDMX,Check up Parejas CDMX,(Sin asignar),3706.9,1,1
CDMX,Check up Parejas CDMX,Eugenia Morán Orozco,23965.54,8,8
CDMX,Check up Parejas CDMX,Giovanni López Salamanca,18448.29,7,7
CDMX,Check up Parejas CDMX,Jaime Antonio Hidalgo Carrera,16070.7,7,7
CDMX,Check up Parejas CDMX,Jairo Hernando Pedraza Pinto,11982.77,4,4
CDMX,Check up Parejas CDMX,Monica Olavarria,3706.9,1,1
CDMX,Check up Parejas CDMX,Ruben Gonzalez Ruiz,18534.5,5,5
CDMX,Check up fertilidad mujeres CDMX,Armando Miguel Roque Sanchez,1551.72,1,1
CDMX,Check up fertilidad mujeres CDMX,Eugenia Morán Orozco,11706.99,6,6
CDMX,Check up fertilidad mujeres CDMX,Giovanni López Salamanca,4698.29,4,4
CDMX,Check up fertilidad mujeres CDMX,Monica Olavarria,1293.1,1,1
CDMX,Check up fertilidad mujeres CDMX,Ruben Gonzalez Ruiz,7396.56,3,3
CDMX,Check up ginecologico,Alma Victoria Villarreal Barranca,11810.35,8,8
CDMX,Check up ginecologico,Armando Miguel Roque Sanchez,6896.56,4,4
CDMX,Check up ginecologico,Eugenia Morán Orozco,1293.1,2,2
CDMX,Check up ginecologico,Giovanni López Salamanca,3879.31,3,3
CDMX,Check up ginecologico,Jairo Hernando Pedraza Pinto,1293.1,1,1
CDMX,Check up ginecologico,José Alfonso Gutiérrez Frusch,1724.14,1,1
CDMX,Check up ginecologico,Miranda Lucía Morán Morales,34314.63,24,24
CDMX,Check up ginecologico,Monica Olavarria,10344.82,7,7
CDMX,Check up ginecologico (sin papanicolao) CDMX,Monica Olavarria,862.07,1,1
CDMX,Check up ginecologico CDMX,Alma Victoria Villarreal Barranca,3189.66,2,2
CDMX,Check up ginecologico CDMX,Armando Miguel Roque Sanchez,5172.42,3,3
CDMX,Check up ginecologico CDMX,Eugenia Morán Orozco,8620.7,5,5
CDMX,Check up ginecologico CDMX,Giovanni López Salamanca,5862.07,4,4
CDMX,Check up ginecologico CDMX,Jairo Hernando Pedraza Pinto,3448.28,2,2
CDMX,Check up ginecologico CDMX,Miranda Lucía Morán Morales,3189.66,2,2
CDMX,Check up ginecologico CDMX,Monica Olavarria,4137.93,3,3
CDMX,Check up ginecologico CDMX,Ruben Gonzalez Ruiz,5172.42,4,4
CDMX,Check upFertilidad  Parejas CDMX,Armando Miguel Roque Sanchez,3706.9,1,1
CDMX,Check upFertilidad  Parejas CDMX,Eugenia Morán Orozco,3706.9,1,1
CDMX,Check upFertilidad  Parejas CDMX,Giovanni López Salamanca,6034.49,2,2
CDMX,Check upFertilidad  Parejas CDMX,Jaime Antonio Hidalgo Carrera,6894.83,2,2
CDMX,Check upFertilidad  Parejas CDMX,Jairo Hernando Pedraza Pinto,11120.7,3,3
CDMX,Checkup Fertilidad CDMX,Armando Miguel Roque Sanchez,2586.21,1,1
CDMX,Chlamydia trachomatis por PCR Cualitativa,Eugenia Morán Orozco,3275.86,1,1
CDMX,Cita de primera vez SOP,Monica Olavarria,7758.6,5,5
CDMX,Cita indiviudal de seguimiento SOP Médico presencial,Monica Olavarria,3103.44,2,2
CDMX,Cita primera vez IPS,(Sin asignar),2586.21,3,3
CDMX,Cita primera vez IPS,Alma Victoria Villarreal Barranca,862.07,1,1
CDMX,Cita primera vez IPS,Armando Miguel Roque Sanchez,2586.21,3,3
CDMX,Cita primera vez IPS,Eugenia Morán Orozco,11206.91,12,13
CDMX,Cita primera vez IPS,Giovanni López Salamanca,5172.42,6,6
CDMX,Cita primera vez IPS,Jaime Antonio Hidalgo Carrera,862.07,2,2
CDMX,Cita primera vez IPS,Jairo Hernando Pedraza Pinto,1724.14,2,2
CDMX,Cita primera vez IPS,Miranda Lucía Morán Morales,862.07,1,1
CDMX,Cita primera vez IPS,Ruben Gonzalez Ruiz,862.07,2,2
CDMX,Citomegalovirus IgG,Giovanni López Salamanca,536.21,1,1
CDMX,Citomegalovirus IgM,Giovanni López Salamanca,536.21,1,1
CDMX,Coito programado - CDMX,Alma Victoria Villarreal Barranca,8620.68,2,2
CDMX,Coito programado - CDMX,Armando Miguel Roque Sanchez,12931.02,3,3
CDMX,Coito programado - CDMX,Miranda Lucía Morán Morales,4310.34,1,1
CDMX,Coito programado - CDMX,Ruben Gonzalez Ruiz,4181.03,1,1
CDMX,Colesterol total,José Alfonso Gutiérrez Frusch,241.38,1,1
CDMX,Colocacion DIU Mirena [Consultorio],Alma Victoria Villarreal Barranca,6465.52,1,1
CDMX,Colocacion DIU Mirena [Consultorio],Armando Miguel Roque Sanchez,6465.52,1,1
CDMX,Colocacion DIU Mirena [Consultorio],Jaime Antonio Hidalgo Carrera,6465.52,1,1
CDMX,Colocacion DIU PLATA,Miranda Lucía Morán Morales,3017.24,1,1
CDMX,Congelamiento de embriones CDMX,Armando Miguel Roque Sanchez,206896.59,2,2
CDMX,Congelamiento de embriones CDMX,Eugenia Morán Orozco,881808.67,11,11
CDMX,Congelamiento de embriones CDMX,Giovanni López Salamanca,1106551.72,12,12
CDMX,Congelamiento de embriones CDMX,Jaime Antonio Hidalgo Carrera,78620.69,1,1
CDMX,Congelamiento de embriones CDMX,Jairo Hernando Pedraza Pinto,609912.75,7,7
CDMX,Congelamiento de embriones CDMX,Monica Olavarria,102586.21,1,1
CDMX,Congelamiento de semen (por depósito),Ruben Gonzalez Ruiz,8620.69,1,2
CDMX,Congelamiento de semen (por depósito) CDMX,Eugenia Morán Orozco,4310.34,1,1
CDMX,Congelamiento de semen (por depósito) CDMX,Jaime Antonio Hidalgo Carrera,4310.34,1,1
CDMX,Congelamiento de semen (por depósito) CDMX,Miranda Lucía Morán Morales,4525.86,1,1
CDMX,Congelamiento de semen (por depósito) CDMX - GDL - MET,Alejandro Sanchez Aranda,4310.34,1,1
CDMX,Congelamiento de semen (por depósito) CDMX - GDL - MET,Alma Victoria Villarreal Barranca,4310.35,1,1
CDMX,Congelamiento de semen (por depósito) CDMX - GDL - MET,Armando Miguel Roque Sanchez,15086.2,4,4
CDMX,Congelamiento de semen (por depósito) CDMX - GDL - MET,Eugenia Morán Orozco,42241.35,8,10
CDMX,Congelamiento de semen (por depósito) CDMX - GDL - MET,Giovanni López Salamanca,44827.79,10,11
CDMX,Congelamiento de semen (por depósito) CDMX - GDL - MET,Griselda Reyes Torres,11206.9,1,3
CDMX,Congelamiento de semen (por depósito) CDMX - GDL - MET,Jaime Antonio Hidalgo Carrera,28879.28,7,7
CDMX,Congelamiento de semen (por depósito) CDMX - GDL - MET,Jairo Hernando Pedraza Pinto,25862.05,4,6
CDMX,Congelamiento de semen (por depósito) CDMX - GDL - MET,José Alfonso Gutiérrez Frusch,21551.7,5,5
CDMX,Congelamiento de semen (por depósito) CDMX - GDL - MET,Ruben Gonzalez Ruiz,17241.36,4,4
CDMX,Congelamiento de óvulos CDMX,Alma Victoria Villarreal Barranca,364439.65,5,5
CDMX,Congelamiento de óvulos CDMX,Armando Miguel Roque Sanchez,759267.24,11,11
CDMX,Congelamiento de óvulos CDMX,Eugenia Morán Orozco,1472629.86,23,23
CDMX,Congelamiento de óvulos CDMX,Giovanni López Salamanca,709913.84,11,11
CDMX,Congelamiento de óvulos CDMX,Jaime Antonio Hidalgo Carrera,595905.17,9,9
CDMX,Congelamiento de óvulos CDMX,Jairo Hernando Pedraza Pinto,716379.29,10,10
CDMX,Congelamiento de óvulos CDMX,Miranda Lucía Morán Morales,81896.55,1,1
CDMX,Congelamiento de óvulos CDMX,Monica Olavarria,81896.55,1,1
CDMX,Congelamiento de óvulos CDMX,Ruben Gonzalez Ruiz,298060.36,5,5
CDMX,Congelamiento de óvulos CDMX Promoción Marzo,Alma Victoria Villarreal Barranca,61422.41,1,1
CDMX,Consulta 14% off all 1st time appointments [Valentines_2026],Jairo Hernando Pedraza Pinto,2298.27,2,2
CDMX,Consulta 14% off all 1st time appointments [Valentines_2026],Ruben Gonzalez Ruiz,1334.48,1,1
CDMX,Consulta Fertilidad CDMX,Alejandro Sanchez Aranda,1423.0,1,1
CDMX,Consulta Fertilidad CDMX,Armando Miguel Roque Sanchez,3103.44,2,2
CDMX,Consulta Fertilidad CDMX,Eugenia Morán Orozco,5237.07,9,9
CDMX,Consulta Fertilidad CDMX,Giovanni López Salamanca,2262.93,2,2
CDMX,Consulta Fertilidad CDMX,Jaime Antonio Hidalgo Carrera,1551.72,1,1
CDMX,Consulta Fertilidad CDMX,Jairo Hernando Pedraza Pinto,4655.16,3,3
CDMX,Consulta Fertilidad CDMX,Ruben Gonzalez Ruiz,2327.58,2,2
CDMX,Consulta Galentine's Day Check-up [with lower cost AMH] - Galentines_2026,Armando Miguel Roque Sanchez,4929.3,3,3
CDMX,Consulta Galentine's Day Check-up [with lower cost AMH] - Galentines_2026,Eugenia Morán Orozco,1334.47,1,1
CDMX,Consulta Galentine's Day Check-up [with lower cost AMH] - Galentines_2026,Jaime Antonio Hidalgo Carrera,13188.79,5,5
CDMX,Consulta Galentine's Day Check-up [with lower cost AMH] - Galentines_2026,Jairo Hernando Pedraza Pinto,5000.0,2,2
CDMX,Consulta Galentine's Day Check-up [with lower cost AMH] - Galentines_2026,Ruben Gonzalez Ruiz,8965.52,4,4
CDMX,Consulta Presencial Especialista [Promo 1000],Armando Miguel Roque Sanchez,1724.14,2,2
CDMX,Consulta Presencial Especialista [Promo 1000],Eugenia Morán Orozco,862.07,1,1
CDMX,Consulta Presencial Especialista [Promo 1000],Giovanni López Salamanca,862.07,1,1
CDMX,Consulta Presencial Especialista [Promo 1000],Jaime Antonio Hidalgo Carrera,862.07,1,1
CDMX,Consulta Presencial Especialista [Promo 1000],Jairo Hernando Pedraza Pinto,862.07,1,1
CDMX,Consulta Presencial Especialista [Promo 1000],Ruben Gonzalez Ruiz,1724.14,2,2
CDMX,Consulta de nutrición - CDMX,Eugenia Morán Orozco,1551.72,1,1
CDMX,Consulta de nutrición - CDMX,Monica Olavarria,1379.31,1,1
CDMX,Consulta de nutrición CDMX,(Sin asignar),1551.72,1,1
CDMX,Consulta de nutrición CDMX,Alma Victoria Villarreal Barranca,0.0,1,1
CDMX,Consulta de nutrición CDMX,Armando Miguel Roque Sanchez,3010.34,2,2
CDMX,Consulta de nutrición CDMX,Eugenia Morán Orozco,0.0,2,2
CDMX,Consulta de nutrición CDMX,Giovanni López Salamanca,0.0,1,1
CDMX,Consulta de nutrición CDMX,Monica Olavarria,13448.25,11,11
CDMX,Consulta de primera vez,(Sin asignar),1896.55,2,2
CDMX,Consulta de primera vez,Alma Victoria Villarreal Barranca,25862.47,27,27
CDMX,Consulta de primera vez,Armando Miguel Roque Sanchez,43275.79,38,38
CDMX,Consulta de primera vez,Carlos Parra,862.07,1,1
CDMX,Consulta de primera vez,Diana Duran,862.07,1,1
CDMX,Consulta de primera vez,Eugenia Morán Orozco,26551.68,40,40
CDMX,Consulta de primera vez,Giovanni López Salamanca,26164.2,24,24
CDMX,Consulta de primera vez,Jaime Antonio Hidalgo Carrera,12586.19,11,11
CDMX,Consulta de primera vez,Jairo Hernando Pedraza Pinto,20258.59,20,20
CDMX,Consulta de primera vez,José Alfonso Gutiérrez Frusch,2155.17,2,2
CDMX,Consulta de primera vez,Miranda Lucía Morán Morales,29741.77,27,27
CDMX,Consulta de primera vez,Monica Olavarria,7284.47,8,6
CDMX,Consulta de primera vez,Ruben Gonzalez Ruiz,10689.64,8,8
CDMX,Consulta de primera vez + HAM,Ruben Gonzalez Ruiz,711.21,1,1
CDMX,Consulta de primera vez en línea,Eugenia Morán Orozco,2241.38,2,2
CDMX,Consulta de primera vez online,(Sin asignar),1120.69,1,1
CDMX,Consulta de primera vez online,Armando Miguel Roque Sanchez,2241.38,2,2
CDMX,Consulta de primera vez online,Eugenia Morán Orozco,10431.04,11,11
CDMX,Consulta de primera vez online,Giovanni López Salamanca,8318.97,9,9
CDMX,Consulta de primera vez online,Jaime Antonio Hidalgo Carrera,3103.45,4,4
CDMX,Consulta de primera vez online,Jairo Hernando Pedraza Pinto,5948.28,6,6
CDMX,Consulta de primera vez online,Ruben Gonzalez Ruiz,8879.32,9,9
CDMX,Consulta de primera vez online CDMX,Eugenia Morán Orozco,16551.73,14,15
CDMX,Consulta de primera vez online CDMX,Giovanni López Salamanca,1982.76,2,2
CDMX,Consulta de primera vez online CDMX,Jaime Antonio Hidalgo Carrera,4482.76,4,4
CDMX,Consulta de primera vez online CDMX,Jairo Hernando Pedraza Pinto,2241.38,2,2
CDMX,Consulta de primera vez online CDMX,Monica Olavarria,1120.69,1,1
CDMX,Consulta de primera vez online [Promo 800],Alma Victoria Villarreal Barranca,1379.32,2,2
CDMX,Consulta de primera vez online [Promo 800],Armando Miguel Roque Sanchez,689.66,1,1
CDMX,Consulta de primera vez online [Promo 800],Eugenia Morán Orozco,5517.28,8,8
CDMX,Consulta de primera vez online [Promo 800],Giovanni López Salamanca,689.66,1,1
CDMX,Consulta de primera vez online [Promo 800],Jaime Antonio Hidalgo Carrera,689.66,1,1
CDMX,Consulta de primera vez online [Promo 800],Jairo Hernando Pedraza Pinto,2758.64,4,4
CDMX,Consulta de primera vez padres de intención,Eugenia Morán Orozco,2586.21,3,3
CDMX,Consulta de primera vez presencial,Alma Victoria Villarreal Barranca,1724.14,2,2
CDMX,Consulta de primera vez presencial,Armando Miguel Roque Sanchez,3448.28,4,4
CDMX,Consulta de primera vez presencial,Eugenia Morán Orozco,4310.35,5,5
CDMX,Consulta de primera vez presencial,Giovanni López Salamanca,862.07,2,2
CDMX,Consulta de primera vez presencial,Jaime Antonio Hidalgo Carrera,2586.21,3,3
CDMX,Consulta de primera vez presencial,Jairo Hernando Pedraza Pinto,1724.14,2,2
CDMX,Consulta de primera vez presencial,Miranda Lucía Morán Morales,862.07,1,1
CDMX,Consulta de primera vez presencial,Monica Olavarria,862.07,1,1
CDMX,Consulta obstetricia,Eugenia Morán Orozco,1293.1,1,1
CDMX,Consulta online [Promo 800],Jaime Antonio Hidalgo Carrera,689.66,1,1
CDMX,Consulta presencial + HAM [Promo 1700],(Sin asignar),1465.52,1,1
CDMX,Consulta presencial + HAM [Promo 1700],Alma Victoria Villarreal Barranca,13189.68,9,9
CDMX,Consulta presencial + HAM [Promo 1700],Armando Miguel Roque Sanchez,11724.16,8,8
CDMX,Consulta presencial + HAM [Promo 1700],Eugenia Morán Orozco,13189.68,10,10
CDMX,Consulta presencial + HAM [Promo 1700],Giovanni López Salamanca,8793.12,6,6
CDMX,Consulta presencial + HAM [Promo 1700],Jaime Antonio Hidalgo Carrera,5862.08,4,4
CDMX,Consulta presencial + HAM [Promo 1700],Jairo Hernando Pedraza Pinto,17586.24,12,12
CDMX,Consulta presencial + HAM [Promo 1700],Miranda Lucía Morán Morales,19051.76,13,13
CDMX,Consulta presencial + HAM [Promo 1700],Monica Olavarria,2931.04,2,2
CDMX,Consulta presencial + HAM [Promo 1700],Ruben Gonzalez Ruiz,20429.35,14,14
CDMX,Consulta primera vez SOP,(Sin asignar),3103.44,2,2
CDMX,Consulta primera vez SOP,Miranda Lucía Morán Morales,4655.16,3,3
CDMX,Consulta primera vez SOP,Monica Olavarria,13965.48,9,9
CDMX,Consulta subsecuente,Armando Miguel Roque Sanchez,4267.23,3,3
CDMX,Consulta subsecuente,Eugenia Morán Orozco,8663.77,6,6
CDMX,Consulta subsecuente,Giovanni López Salamanca,1422.41,1,1
CDMX,Consulta subsecuente,Jaime Antonio Hidalgo Carrera,4267.23,3,3
CDMX,Consulta subsecuente,Monica Olavarria,2844.82,2,2
CDMX,Consulta subsecuente,Monica Yazmin Olavarria Guadarrama,1422.41,1,1
CDMX,Consulta subsecuente,Ruben Gonzalez Ruiz,1422.41,1,1
CDMX,"Consulta subsecuente
online",Eugenia Morán Orozco,1120.69,1,1
CDMX,"Consulta subsecuente
online",Ruben Gonzalez Ruiz,689.66,1,1
CDMX,Cortisol,Monica Olavarria,280.17,1,1
CDMX,Creatinina,Giovanni López Salamanca,90.0,1,1
CDMX,Cuerpo Amarillo,Eugenia Morán Orozco,70173.0,36,69
CDMX,Cuerpo Amarillo,Giovanni López Salamanca,12590.46,9,13
CDMX,Cuerpo Amarillo,Jaime Antonio Hidalgo Carrera,1017.0,1,1
CDMX,Cuerpo Amarillo,Jairo Hernando Pedraza Pinto,6102.0,5,6
CDMX,Cuerpo Amarillo,José Alfonso Gutiérrez Frusch,2034.0,1,2
CDMX,Cuerpo Amarillo,Ruben Gonzalez Ruiz,5085.0,4,5
CDMX,Cultivo de Exudado Vaginal,Alma Victoria Villarreal Barranca,560.34,1,1
CDMX,Cultivo de Exudado Vaginal,Armando Miguel Roque Sanchez,3362.04,6,6
CDMX,Cultivo de Exudado Vaginal,Eugenia Morán Orozco,13448.16,25,25
CDMX,Cultivo de Exudado Vaginal,Giovanni López Salamanca,1681.02,3,3
CDMX,Cultivo de Exudado Vaginal,Jairo Hernando Pedraza Pinto,1681.02,3,3
CDMX,Cultivo de Exudado Vaginal,Monica Olavarria,2241.36,4,4
CDMX,Cultivo de Exudado Vaginal,Ruben Gonzalez Ruiz,1120.68,2,2
CDMX,Cultivo de orina,Eugenia Morán Orozco,948.28,2,2
CDMX,Cultivo de orina,Miranda Lucía Morán Morales,474.14,1,1
CDMX,Cultivos infecciosos masculinos,Armando Miguel Roque Sanchez,4310.34,1,1
CDMX,Cuota de almacenamiento anual,Eva Bonifacio Leon,0.0,1,1
CDMX,Cuota de almacenamiento anual,José Alfonso Gutiérrez Frusch,17241.36,5,5
CDMX,Cuota de almacenamiento anual (Gametos),Alejandro Kava Braveman,4310.34,1,1
CDMX,Cuota de almacenamiento anual (Gametos),Alejandro Sanchez Aranda,17241.36,4,4
CDMX,Cuota de almacenamiento anual (Gametos),Andrea Andrade Rodríguez,4310.34,1,1
CDMX,Cuota de almacenamiento anual (Gametos),Eugenia Morán Orozco,17241.36,4,4
CDMX,Cuota de almacenamiento anual (Gametos),Eva Bonifacio Leon,8620.68,2,2
CDMX,Cuota de almacenamiento anual (Gametos),Fabian Ricardo Castañeda Bochm,4310.34,1,1
CDMX,Cuota de almacenamiento anual (Gametos),Gerardo Armando Paladino Barquera,4310.34,1,1
CDMX,Cuota de almacenamiento anual (Gametos),Giovanni López Salamanca,4310.34,1,1
CDMX,Cuota de almacenamiento anual (Gametos),Griselda Reyes Torres,8620.68,2,2
CDMX,Cuota de almacenamiento anual (Gametos),Jaime Antonio Hidalgo Carrera,12931.02,3,3
CDMX,Cuota de almacenamiento anual (Gametos),Jose Modesto Alfredo Gongora Rodriguez,4310.34,2,2
CDMX,Cuota de almacenamiento anual (Gametos),José Alfonso Gutiérrez Frusch,38793.06,9,9
CDMX,Cuota de almacenamiento anual (Gametos),José Manuel Lozano Sánchez,4310.34,1,1
CDMX,Cuota de almacenamiento anual (Gametos),Mayella Fernández del Campo,12931.02,3,3
CDMX,Cuota de almacenamiento anual (Gametos),Monica Yazmin Olavarria Guadarrama,4310.34,1,1
CDMX,Cuota de almacenamiento anual (Gametos),Ruben Gonzalez Ruiz,4310.34,1,1
CDMX,Cuota de almacenamiento anual (Gametos),Ruben Tlapanco Vargas,4310.34,1,1
CDMX,Cuota de almacenamiento anual Ovulo,Daniel Pascal Ponton,4310.34,1,1
CDMX,Cuota de almacenamiento anual Ovulo,Eva Bonifacio Leon,8620.68,2,2
CDMX,Cuota de almacenamiento anual Ovulo,Griselda Reyes Torres,8620.68,2,2
CDMX,Cuota de almacenamiento anual Ovulo,José Alfonso Gutiérrez Frusch,21551.7,5,5
CDMX,Cuota de almacenamiento anual Ovulo,María de los Ángeles Flores Manzur,4310.34,1,1
CDMX,Cuota de almacenamiento anual Ovulo,Mayella Fernández del Campo,4310.34,1,1
CDMX,Cuota de almacenamiento anual Ovulo,Ruben Tlapanco Vargas,4310.34,1,1
CDMX,Cuota de almacenamiento anual Ovulo / Embrion,Alejandro Kava Braveman,34482.72,9,9
CDMX,Cuota de almacenamiento anual Ovulo / Embrion,Alejandro Sanchez Aranda,21551.7,5,5
CDMX,Cuota de almacenamiento anual Ovulo / Embrion,Armando Miguel Roque Sanchez,4310.34,1,1
CDMX,Cuota de almacenamiento anual Ovulo / Embrion,Berenice Flores,4310.34,1,1
CDMX,Cuota de almacenamiento anual Ovulo / Embrion,Carlos Parra,8620.68,2,2
CDMX,Cuota de almacenamiento anual Ovulo / Embrion,Daniel Pascal Ponton,4310.34,1,1
CDMX,Cuota de almacenamiento anual Ovulo / Embrion,Deborah Cassis Bendeck,17241.37,2,6
CDMX,Cuota de almacenamiento anual Ovulo / Embrion,Edna Amaro,4310.34,1,1
CDMX,Cuota de almacenamiento anual Ovulo / Embrion,Eugenia Morán Orozco,109913.69,23,28
CDMX,Cuota de almacenamiento anual Ovulo / Embrion,Eva Bonifacio Leon,73017.19,11,19
CDMX,Cuota de almacenamiento anual Ovulo / Embrion,Fabiola del Carmen Brito Sandoval,4310.34,1,1
CDMX,Cuota de almacenamiento anual Ovulo / Embrion,Felipe de Jesús Compeán Báez,4310.34,1,1
CDMX,Cuota de almacenamiento anual Ovulo / Embrion,Gerardo Armando Paladino Barquera,25862.04,6,6
CDMX,Cuota de almacenamiento anual Ovulo / Embrion,Giovanni López Salamanca,30172.38,9,9
CDMX,Cuota de almacenamiento anual Ovulo / Embrion,Griselda Reyes Torres,25862.04,6,6
CDMX,Cuota de almacenamiento anual Ovulo / Embrion,Guadalupe Nolazco Beltrán,8620.68,2,2
CDMX,Cuota de almacenamiento anual Ovulo / Embrion,Jaime Antonio Hidalgo Carrera,8620.68,2,2
CDMX,Cuota de almacenamiento anual Ovulo / Embrion,Jairo Hernando Pedraza Pinto,34482.74,5,9
CDMX,Cuota de almacenamiento anual Ovulo / Embrion,Jorge Manuel Rodriguez Purata,17241.36,4,4
CDMX,Cuota de almacenamiento anual Ovulo / Embrion,Jorge Michel (EX),4310.34,1,1
CDMX,Cuota de almacenamiento anual Ovulo / Embrion,Jose Modesto Alfredo Gongora Rodriguez,4310.34,1,1
CDMX,Cuota de almacenamiento anual Ovulo / Embrion,José Alfonso Gutiérrez Frusch,215517.05,49,54
CDMX,Cuota de almacenamiento anual Ovulo / Embrion,José Manuel Lozano Sánchez,4310.34,1,1
CDMX,Cuota de almacenamiento anual Ovulo / Embrion,Maria Victoria Marchese,12931.02,3,3
CDMX,Cuota de almacenamiento anual Ovulo / Embrion,Maritza Ivett Rojas Valencia,0.0,1,1
CDMX,Cuota de almacenamiento anual Ovulo / Embrion,María de los Ángeles Flores Manzur,8620.68,2,2
CDMX,Cuota de almacenamiento anual Ovulo / Embrion,Mayella Fernández del Campo,17241.36,4,4
CDMX,Cuota de almacenamiento anual Ovulo / Embrion,Melissa Itzel Villagomez Aleman,21551.7,5,5
CDMX,Cuota de almacenamiento anual Ovulo / Embrion,Miguel Ángel Martínez Enríquez,4310.34,1,1
CDMX,Cuota de almacenamiento anual Ovulo / Embrion,Monica Yazmin Olavarria Guadarrama,17241.37,2,6
CDMX,Cuota de almacenamiento anual Ovulo / Embrion,Ruben Gonzalez Ruiz,12931.02,4,4
CDMX,Cuota de almacenamiento anual Ovulo / Embrion,Sofia Rodriguez Mendoza (MEFI),8362.06,2,2
CDMX,Cuota de almacenamiento anual Ovulos,Giovanni López Salamanca,4310.34,1,1
CDMX,Cuota de almacenamiento anual de congelamiento de óvulos,Griselda Reyes Torres,4310.34,1,1
CDMX,Cuota de almacenamiento esperma,Armando Miguel Roque Sanchez,4310.34,1,1
CDMX,Cuota de almacenamiento esperma,Carlos Parra,9051.72,1,3
CDMX,Cuota de almacenamiento esperma,Eugenia Morán Orozco,21551.7,5,5
CDMX,Cuota de almacenamiento esperma,Eva Bonifacio Leon,4310.34,1,1
CDMX,Cuota de almacenamiento esperma,Giovanni López Salamanca,4310.34,1,1
CDMX,Cuota de almacenamiento esperma,Jaime Antonio Hidalgo Carrera,9051.72,2,3
CDMX,Cuota de almacenamiento esperma,Jairo Hernando Pedraza Pinto,34482.74,6,8
CDMX,Cuota de almacenamiento esperma,José Alfonso Gutiérrez Frusch,20258.6,5,5
CDMX,Cuota de almacenamiento esperma,María Elena González Panzzi,4310.34,1,1
CDMX,Cuota de almacenamiento esperma,Tanya Barajas Serrano,10344.82,3,3
CDMX,DHA-S (DHEA-SO4),Miranda Lucía Morán Morales,1422.42,3,3
CDMX,DHA-S (DHEA-SO4),Monica Olavarria,1422.42,3,3
CDMX,DUPHASTON 10 MG 20 TAB,Alma Victoria Villarreal Barranca,750.0,1,1
CDMX,DUPHASTON 10 MG 20 TAB,Armando Miguel Roque Sanchez,4500.0,4,6
CDMX,DUPHASTON 10 MG 20 TAB,Jairo Hernando Pedraza Pinto,3000.0,3,4
CDMX,Dehidroepiandrosterona (DHEA),Jairo Hernando Pedraza Pinto,620.69,1,1
CDMX,Dehidroepiandrosterona (DHEA),Monica Olavarria,620.69,1,1
CDMX,Desvitrificación,Alma Victoria Villarreal Barranca,8620.69,1,1
CDMX,Desvitrificación,Eugenia Morán Orozco,8620.69,1,1
CDMX,Desvitrificación,Jaime Antonio Hidalgo Carrera,8620.69,1,1
CDMX,Desvitrificación,Monica Yazmin Olavarria Guadarrama,6896.55,1,1
CDMX,Desvitrificación (4 cryotops),Eugenia Morán Orozco,53965.52,4,4
CDMX,Desvitrificación (4 cryotops),Giovanni López Salamanca,78924.57,6,6
CDMX,Desvitrificación (4 cryotops),Jaime Antonio Hidalgo Carrera,13491.38,1,1
CDMX,Desvitrificación (4 cryotops),Jairo Hernando Pedraza Pinto,13491.38,1,1
CDMX,Desvitrificación (4 cryotops),José Alfonso Gutiérrez Frusch,13491.38,1,1
CDMX,Desvitrificación (4 cryotops),Ruben Gonzalez Ruiz,39125.0,3,3
CDMX,Desvitrificación CDMX,Gerardo Armando Paladino Barquera,7931.03,1,1
CDMX,Desvitrificación CDMX,Giovanni López Salamanca,7327.59,1,1
CDMX,Devolución,Guadalupe Nolazco Beltrán,-10150.0,1,-1
CDMX,Dispositivo mirena,Jaime Antonio Hidalgo Carrera,5200.0,1,1
CDMX,Donación esperma - Donante extranjero,Armando Miguel Roque Sanchez,21551.72,1,1
CDMX,Donación esperma - Donante extranjero,Eugenia Morán Orozco,21551.72,1,1
CDMX,Donación esperma - Donante extranjero,Giovanni López Salamanca,43103.44,2,2
CDMX,Donación esperma - Donante extranjero,Melissa Itzel Villagomez Aleman,25000.0,1,1
CDMX,Donación esperma - LAFER - Europeo,Eugenia Morán Orozco,21551.72,1,1
CDMX,Donación esperma - LAFER - Europeo,Giovanni López Salamanca,21551.72,1,1
CDMX,Donación esperma - LAFER - Europeo,Jose Juan Guerrero Vargas,21551.72,1,1
CDMX,Donación esperma - LAFER - Europeo,Maritza Ivett Rojas Valencia,21551.72,1,1
CDMX,Donación esperma - LAFER - Europeo,Melissa Itzel Villagomez Aleman,21551.72,1,1
CDMX,Donación esperma - LAFER - Extranjero,Giovanni López Salamanca,17241.38,1,1
CDMX,Donación esperma - LAFER - Nacional,Giovanni López Salamanca,12931.03,1,1
CDMX,Donadora de ovulos categoria 3,Giovanni López Salamanca,146551.72,1,1
CDMX,Donante Europeo E,Alma Victoria Villarreal Barranca,47413.79,1,1
CDMX,Donante Europeo M,Alma Victoria Villarreal Barranca,24137.93,1,1
CDMX,ERRADO CARGO,Giovanni López Salamanca,0.0,1,1
CDMX,EmbryoScope Kit Interno,Alma Victoria Villarreal Barranca,45258.62,6,6
CDMX,EmbryoScope Kit Interno,Armando Miguel Roque Sanchez,8620.69,1,1
CDMX,EmbryoScope Kit Interno,Eugenia Morán Orozco,0.0,2,2
CDMX,EmbryoScope Kit Interno,Giovanni López Salamanca,8620.69,1,1
CDMX,EmbryoScope Kit Interno,Jairo Hernando Pedraza Pinto,25862.07,3,3
CDMX,EmbryoScope Kit Interno,Monica Olavarria,8620.69,1,1
CDMX,Endometrio,Monica Olavarria,20204.31,1,1
CDMX,Esperma FI,Melissa Itzel Villagomez Aleman,21551.72,1,1
CDMX,Espermatobioscopía (ED),(Sin asignar),19137.9,17,17
CDMX,Espermatobioscopía (ED),Alejandro Sanchez Aranda,1293.1,1,1
CDMX,Espermatobioscopía (ED),Alma Victoria Villarreal Barranca,2586.2,10,10
CDMX,Espermatobioscopía (ED),Armando Miguel Roque Sanchez,8887.92,9,9
CDMX,Espermatobioscopía (ED),Eugenia Morán Orozco,13724.14,17,17
CDMX,Espermatobioscopía (ED),Gerardo Armando Paladino Barquera,3793.1,3,3
CDMX,Espermatobioscopía (ED),Giovanni López Salamanca,8715.5,15,15
CDMX,Espermatobioscopía (ED),Griselda Reyes Torres,1293.1,1,1
CDMX,Espermatobioscopía (ED),Jaime Antonio Hidalgo Carrera,7586.2,8,8
CDMX,Espermatobioscopía (ED),Jairo Hernando Pedraza Pinto,6293.1,7,7
CDMX,Espermatobioscopía (ED),José Alfonso Gutiérrez Frusch,3879.3,4,4
CDMX,Espermatobioscopía (ED),Laboratorio FIV/Andrología,39568.9,36,36
CDMX,Espermatobioscopía (ED),Laura Esmeralda Gonzalez Lopez,1293.1,1,1
CDMX,Espermatobioscopía (ED),Margarita Pozos,1293.1,1,1
CDMX,Espermatobioscopía (ED),Maritza Ivett Rojas Valencia,3793.1,3,3
CDMX,Espermatobioscopía (ED),Marlene Lizbeth Zamora Ramirez,1293.1,1,1
CDMX,Espermatobioscopía (ED),María Elena González Panzzi,1293.1,1,1
CDMX,Espermatobioscopía (ED),Melissa Itzel Villagomez Aleman,905.17,1,1
CDMX,Espermatobioscopía (ED),Miranda Lucía Morán Morales,2586.2,5,5
CDMX,Espermatobioscopía (ED),Monica Olavarria,0.0,2,2
CDMX,Espermatobioscopía (ED),Rafael Pereyra Quiñones,1206.9,1,1
CDMX,Espermatobioscopía (ED),Ruben Gonzalez Ruiz,2508.62,4,4
CDMX,Espermatobioscopía (ED) CDMX - GDL - MET,(Sin asignar),2413.8,2,2
CDMX,Espermatobioscopía (ED) CDMX - GDL - MET,Eugenia Morán Orozco,2413.8,3,3
CDMX,Espermatobioscopía (ED) CDMX - GDL - MET,Gerardo Armando Paladino Barquera,1206.9,1,1
CDMX,Espermatobioscopía (ED) CDMX - GDL - MET,Giovanni López Salamanca,1206.9,1,1
CDMX,Espermatobioscopía (ED) CDMX - GDL - MET,Laboratorio FIV/Andrología,2413.8,2,2
CDMX,Espermatobioscopía (ED) CDMX - GDL - MET,Maritza Ivett Rojas Valencia,1134.48,1,1
CDMX,Espermatobioscopía (ED) CDMX - GDL - MET,Ruben Gonzalez Ruiz,2112.07,2,2
CDMX,Espermocultivo,(Sin asignar),1931.04,4,4
CDMX,Espermocultivo,Alejandro Sanchez Aranda,2120.7,4,4
CDMX,Espermocultivo,Armando Miguel Roque Sanchez,3086.22,6,6
CDMX,Espermocultivo,Enfermeria,818.97,1,1
CDMX,Espermocultivo,Eugenia Morán Orozco,1637.94,3,3
CDMX,Espermocultivo,Eva Bonifacio Leon,818.97,2,2
CDMX,Espermocultivo,Giovanni López Salamanca,482.76,1,1
CDMX,Espermocultivo,Gisela Cuevas Velasco,482.76,1,1
CDMX,Espermocultivo,Jaime Antonio Hidalgo Carrera,482.76,1,1
CDMX,Espermocultivo,Jefsi Argelia Leon Dominguez,1301.73,4,4
CDMX,Espermocultivo,Laboratorio FIV/Andrología,1784.49,3,3
CDMX,Espermocultivo,Ruben Gonzalez Ruiz,965.52,2,2
CDMX,Essentials Surrogacy Package CDMX,Monica Olavarria,94655.17,1,1
CDMX,Estradiol,(Sin asignar),521.55,1,1
CDMX,Estradiol,Alejandro Sanchez Aranda,3650.85,7,7
CDMX,Estradiol,Armando Miguel Roque Sanchez,521.55,4,4
CDMX,Estradiol,Claudia Melina Robellada Zarate,521.55,1,1
CDMX,Estradiol,Eugenia Morán Orozco,1564.66,4,6
CDMX,Estradiol,Giovanni López Salamanca,2607.76,4,7
CDMX,Estradiol,Griselda Reyes Torres,521.55,1,1
CDMX,Estradiol,Jaime Antonio Hidalgo Carrera,3129.3,7,7
CDMX,Estradiol,Jairo Hernando Pedraza Pinto,1043.1,2,2
CDMX,Estradiol,Jorge Michel,521.55,1,1
CDMX,Estradiol,Maritza Ivett Rojas Valencia,1470.78,3,3
CDMX,Estradiol,Mayela Fernandez del Campo (MEFI),2086.2,6,6
CDMX,Estradiol,Monica Olavarria,1043.1,3,3
CDMX,Estradiol,Ruben Gonzalez Ruiz,521.55,1,1
CDMX,Estudio Homosisteina,Alejandro Sanchez Aranda,2000.0,1,1
CDMX,Estudio Urea,Armando Miguel Roque Sanchez,111.2,1,1
CDMX,Estudio creatinina,Armando Miguel Roque Sanchez,144.0,1,1
CDMX,Examen general de orina,Armando Miguel Roque Sanchez,465.52,2,2
CDMX,Examen general de orina,Eugenia Morán Orozco,3956.92,17,17
CDMX,Examen general de orina,Giovanni López Salamanca,1396.56,6,6
CDMX,Examen general de orina,Jaime Antonio Hidalgo Carrera,465.52,3,3
CDMX,Examen general de orina,Jairo Hernando Pedraza Pinto,1396.56,6,6
CDMX,Examen general de orina,Ruben Gonzalez Ruiz,232.76,1,1
CDMX,Exudado vaginal cultivo,Eugenia Morán Orozco,3879.3,6,6
CDMX,FIV  - CDMX,Norma Sharey Vazquez Jimenez,120689.66,1,1
CDMX,FIV (sin transferencia) - CDMX,Eugenia Morán Orozco,96551.72,1,1
CDMX,FIV - CDMX,Armando Miguel Roque Sanchez,211206.9,2,2
CDMX,FIV - CDMX,Eugenia Morán Orozco,337069.07,3,3
CDMX,FIV - CDMX,Giovanni López Salamanca,90517.24,1,1
CDMX,FIV - CDMX,Jaime Antonio Hidalgo Carrera,294482.76,3,3
CDMX,FIV - CDMX,Jairo Hernando Pedraza Pinto,575000.0,6,6
CDMX,FIV - CDMX,Ruben Gonzalez Ruiz,-90517.24,1,-1
CDMX,FIV Integral - CDMX,Armando Miguel Roque Sanchez,241379.32,2,2
CDMX,FIV Integral - CDMX,Eugenia Morán Orozco,289655.16,3,3
CDMX,FIV Integral - CDMX,Giovanni López Salamanca,362068.98,3,3
CDMX,FIV Integral - CDMX,Jaime Antonio Hidalgo Carrera,225862.07,2,2
CDMX,FIV Integral - CDMX,Jairo Hernando Pedraza Pinto,327586.22,3,3
CDMX,FIV Integral - CDMX,Ruben Gonzalez Ruiz,113448.28,1,1
CDMX,FIV con 3 Transferencias / IVF with 3 Transfers - CDMX,Alma Victoria Villarreal Barranca,693965.54,6,6
CDMX,FIV con 3 Transferencias / IVF with 3 Transfers - CDMX,Armando Miguel Roque Sanchez,1581034.52,15,15
CDMX,FIV con 3 Transferencias / IVF with 3 Transfers - CDMX,Eugenia Morán Orozco,965517.27,9,9
CDMX,FIV con 3 Transferencias / IVF with 3 Transfers - CDMX,Giovanni López Salamanca,1261206.91,12,12
CDMX,FIV con 3 Transferencias / IVF with 3 Transfers - CDMX,Jaime Antonio Hidalgo Carrera,325862.07,3,3
CDMX,FIV con 3 Transferencias / IVF with 3 Transfers - CDMX,Jairo Hernando Pedraza Pinto,603448.29,6,6
CDMX,FIV con 3 Transferencias / IVF with 3 Transfers - CDMX,Miranda Lucía Morán Morales,325862.08,3,3
CDMX,FIV con 3 Transferencias / IVF with 3 Transfers - CDMX,Monica Olavarria,108620.69,1,1
CDMX,FIV con 3 Transferencias / IVF with 3 Transfers - CDMX,Ruben Gonzalez Ruiz,78620.69,1,1
CDMX,FSH,(Sin asignar),387.93,1,1
CDMX,FSH,Alejandro Sanchez Aranda,3103.44,8,8
CDMX,FSH,Armando Miguel Roque Sanchez,387.93,1,1
CDMX,FSH,Eugenia Morán Orozco,0.0,4,4
CDMX,FSH,Gerardo Armando Paladino Barquera,387.93,1,1
CDMX,FSH,Giovanni López Salamanca,775.86,4,4
CDMX,FSH,Griselda Reyes Torres,387.93,1,1
CDMX,FSH,Jaime Antonio Hidalgo Carrera,1163.79,3,3
CDMX,FSH,Mayela Fernandez del Campo (MEFI),775.86,3,3
CDMX,FSH,Monica Olavarria,0.0,1,1
CDMX,FSH,Monica Yazmin Olavarria Guadarrama,387.93,1,1
CDMX,FSH,Ruben Gonzalez Ruiz,775.86,7,7
CDMX,"FSH, LH, Estradiol",Alejandro Sanchez Aranda,1379.31,1,1
CDMX,"FSH, LH, Estradiol",Carlos Andres Lejtik Alva,1379.31,1,1
CDMX,Ferritina,Alejandro Sanchez Aranda,361.21,1,1
CDMX,Ferritina,Jaime Antonio Hidalgo Carrera,361.21,1,1
CDMX,Fertility Check Up CDMX,Armando Miguel Roque Sanchez,3879.3,3,3
CDMX,Fertility Check Up CDMX,Eugenia Morán Orozco,5603.45,4,4
CDMX,Fertility Check Up CDMX,Giovanni López Salamanca,3103.44,2,2
CDMX,Fertility Check Up CDMX,Jaime Antonio Hidalgo Carrera,3103.44,2,2
CDMX,Fertility Check Up CDMX,Jairo Hernando Pedraza Pinto,3103.44,2,2
CDMX,Fertility Check Up CDMX,Monica Olavarria,1551.72,1,1
CDMX,Fertility Check Up CDMX,Ruben Gonzalez Ruiz,4849.14,3,3
CDMX,Fertility Check Up online,Eugenia Morán Orozco,2241.38,2,2
CDMX,Fertility Check Up online,Jaime Antonio Hidalgo Carrera,4482.76,4,4
CDMX,Fertility Check Up online,Jairo Hernando Pedraza Pinto,8706.9,8,8
CDMX,Fertilizacion CDMX,Gerardo Armando Paladino Barquera,10905.17,2,2
CDMX,Fertilización de óvulos congelados y transferencia (DFT) + 6 OVODONO - CDMX,Eugenia Morán Orozco,119655.17,1,1
CDMX,Fertilización de óvulos congelados y transferencia (DFT) - CDMX,Eugenia Morán Orozco,42068.97,1,1
CDMX,Fertilización de óvulos congelados y transferencia (DFT) - CDMX,Giovanni López Salamanca,94827.59,1,1
CDMX,Fertilización de óvulos congelados y transferencia (DFT) - CDMX,Jaime Antonio Hidalgo Carrera,94827.59,1,1
CDMX,"Fertilización, crecimiento y desarrollo embrionario a día 5",Eugenia Morán Orozco,16982.76,1,1
CDMX,"Fertilización, crecimiento y desarrollo embrionario a día 5",Giovanni López Salamanca,31418.1,2,2
CDMX,"Fertilización, crecimiento y desarrollo embrionario a día 5",Monica Olavarria,16982.76,1,1
CDMX,"Fertilización, crecimiento y desarrollo embrionario a día 5",Ruben Gonzalez Ruiz,15284.48,1,1
CDMX,Folatos,Alejandro Sanchez Aranda,438.79,1,1
CDMX,Fragmentación del ADN espermático,(Sin asignar),23620.72,7,7
CDMX,Fragmentación del ADN espermático,Adriana Galvan Luna,3189.66,1,1
CDMX,Fragmentación del ADN espermático,Alejandro Sanchez Aranda,3189.66,1,1
CDMX,Fragmentación del ADN espermático,Alma Victoria Villarreal Barranca,3448.28,1,1
CDMX,Fragmentación del ADN espermático,Armando Miguel Roque Sanchez,23620.72,7,7
CDMX,Fragmentación del ADN espermático,Axel Cayetano,3448.28,1,1
CDMX,Fragmentación del ADN espermático,Claudia Melina Robellada Zarate,6637.94,2,2
CDMX,Fragmentación del ADN espermático,Edith Cervantes Guerrero,3448.28,1,1
CDMX,Fragmentación del ADN espermático,Eugenia Morán Orozco,30517.28,9,9
CDMX,Fragmentación del ADN espermático,Eva Bonifacio Leon,3448.28,1,1
CDMX,Fragmentación del ADN espermático,Gerardo Armando Paladino Barquera,6724.14,2,2
CDMX,Fragmentación del ADN espermático,Giovanni López Salamanca,20431.06,6,6
CDMX,Fragmentación del ADN espermático,Jaime Antonio Hidalgo Carrera,23103.48,7,7
CDMX,Fragmentación del ADN espermático,Jairo Hernando Pedraza Pinto,9827.6,3,3
CDMX,Fragmentación del ADN espermático,Jefsi Argelia Leon Dominguez,6379.32,2,2
CDMX,Fragmentación del ADN espermático,Laboratorio FIV/Andrología,59429.38,18,18
CDMX,Fragmentación del ADN espermático,Mariela Elizaith Caballero Cedillo,2392.24,1,1
CDMX,Fragmentación del ADN espermático,Marlene Lizbeth Zamora Ramirez,3448.28,1,1
CDMX,Fragmentación del ADN espermático,Martha Esmeralda Espinosa Esparza,3017.24,1,1
CDMX,Fragmentación del ADN espermático,Mayela Fernandez del Campo (MEFI),3448.28,1,1
CDMX,Fragmentación del ADN espermático,Mayella Fernández del Campo,3189.66,1,1
CDMX,Fragmentación del ADN espermático,Miranda Lucía Morán Morales,13103.46,4,4
CDMX,Fragmentación del ADN espermático,Monica Olavarria,10086.22,3,3
CDMX,Fragmentación del ADN espermático,Monica Yazmin Olavarria Guadarrama,3189.66,1,1
CDMX,Fragmentación del ADN espermático,Ruben Gonzalez Ruiz,29612.1,9,9
CDMX,Fragmentación del ADN espermático - CDMX,(Sin asignar),44655.24,14,14
CDMX,Fragmentación del ADN espermático - CDMX,Alejandro Kava Braveman,3189.66,1,1
CDMX,Fragmentación del ADN espermático - CDMX,Alejandro Sanchez Aranda,15948.3,5,5
CDMX,Fragmentación del ADN espermático - CDMX,Amaranta Paulina Martinez Alvarado,3189.66,1,1
CDMX,Fragmentación del ADN espermático - CDMX,Armando Miguel Roque Sanchez,9568.98,3,3
CDMX,Fragmentación del ADN espermático - CDMX,Claudia Melina Robellada Zarate,3189.66,1,1
CDMX,Fragmentación del ADN espermático - CDMX,Eugenia Morán Orozco,25517.28,8,8
CDMX,Fragmentación del ADN espermático - CDMX,Eva Bonifacio Leon (Externa),3189.66,1,1
CDMX,Fragmentación del ADN espermático - CDMX,Gerardo Armando Paladino Barquera,6379.32,2,2
CDMX,Fragmentación del ADN espermático - CDMX,Giovanni López Salamanca,12758.64,4,4
CDMX,Fragmentación del ADN espermático - CDMX,Gisela Cuevas Velasco,3189.66,1,1
CDMX,Fragmentación del ADN espermático - CDMX,Griselda Reyes Torres,1206.9,1,1
CDMX,Fragmentación del ADN espermático - CDMX,Jaime Antonio Hidalgo Carrera,35086.26,11,11
CDMX,Fragmentación del ADN espermático - CDMX,Jairo Hernando Pedraza Pinto,12758.64,4,4
CDMX,Fragmentación del ADN espermático - CDMX,Jefsi Argelia Leon Dominguez,3189.66,1,1
CDMX,Fragmentación del ADN espermático - CDMX,Jorge Luis Santibañes Flores,3189.66,1,1
CDMX,Fragmentación del ADN espermático - CDMX,Laboratorio FIV/Andrología,53362.15,17,17
CDMX,Fragmentación del ADN espermático - CDMX,Marlene Lizbeth Zamora Ramirez,6379.32,2,2
CDMX,Fragmentación del ADN espermático - CDMX,Mayela Fernandez del Campo (MEFI),3189.66,1,1
CDMX,Fragmentación del ADN espermático - CDMX,Monica Olavarria,3189.66,1,1
CDMX,Fragmentación del ADN espermático - CDMX,Ruben Gonzalez Ruiz,20043.13,7,7
CDMX,GONAL-F PEN2.0 - 300IU,(Sin asignar),0.0,1,5
CDMX,GONAL-F PEN2.0 - 300IU,Alejandro Sanchez Aranda,16500.0,2,3
CDMX,GONAL-F PEN2.0 - 300IU,Alma Victoria Villarreal Barranca,38500.0,7,7
CDMX,GONAL-F PEN2.0 - 300IU,Armando Miguel Roque Sanchez,108950.0,17,20
CDMX,GONAL-F PEN2.0 - 300IU,Eugenia Morán Orozco,154376.0,25,29
CDMX,GONAL-F PEN2.0 - 300IU,Giovanni López Salamanca,90390.0,15,17
CDMX,GONAL-F PEN2.0 - 300IU,Jaime Antonio Hidalgo Carrera,43300.0,7,8
CDMX,GONAL-F PEN2.0 - 300IU,Jairo Hernando Pedraza Pinto,48450.0,8,9
CDMX,GONAL-F PEN2.0 - 300IU,Miranda Lucía Morán Morales,5500.0,1,1
CDMX,GONAL-F PEN2.0 - 300IU,Monica Olavarria,11000.0,1,2
CDMX,GONAL-F PEN2.0 - 300IU,Ruben Gonzalez Ruiz,78032.0,15,15
CDMX,GONAL-F PEN2.0 - 900IU,Alma Victoria Villarreal Barranca,258531.0,14,19
CDMX,GONAL-F PEN2.0 - 900IU,Armando Miguel Roque Sanchez,656556.0,45,51
CDMX,GONAL-F PEN2.0 - 900IU,Carlos Parra,13650.0,1,1
CDMX,GONAL-F PEN2.0 - 900IU,Eugenia Morán Orozco,656136.0,42,50
CDMX,GONAL-F PEN2.0 - 900IU,Giovanni López Salamanca,673476.0,41,51
CDMX,GONAL-F PEN2.0 - 900IU,Guadalupe Nolazco Beltrán,13650.0,1,1
CDMX,GONAL-F PEN2.0 - 900IU,Jaime Antonio Hidalgo Carrera,356118.0,23,27
CDMX,GONAL-F PEN2.0 - 900IU,Jairo Hernando Pedraza Pinto,582840.0,32,44
CDMX,GONAL-F PEN2.0 - 900IU,Miranda Lucía Morán Morales,27300.0,2,2
CDMX,GONAL-F PEN2.0 - 900IU,Ruben Gonzalez Ruiz,286336.56,17,22
CDMX,Globulina Transportadora de Hormonas sexuales ( SHBG),Eugenia Morán Orozco,293.1,1,1
CDMX,Globulina Transportadora de Hormonas sexuales ( SHBG),Jairo Hernando Pedraza Pinto,293.1,1,1
CDMX,Globulina Transportadora de Hormonas sexuales ( SHBG),Miranda Lucía Morán Morales,1172.4,5,5
CDMX,Globulina Transportadora de Hormonas sexuales ( SHBG),Monica Olavarria,2637.9,9,9
CDMX,Globulina Transportadora de Hormonas sexuales ( SHBG),Ruben Gonzalez Ruiz,293.1,1,1
CDMX,Glucosa,Alma Victoria Villarreal Barranca,379.32,2,2
CDMX,Glucosa,Armando Miguel Roque Sanchez,568.98,3,3
CDMX,Glucosa,Blanca Cardenas,379.32,2,2
CDMX,Glucosa,Enfermeria,189.66,1,1
CDMX,Glucosa,Eugenia Morán Orozco,8345.04,44,44
CDMX,Glucosa,Giovanni López Salamanca,474.15,3,3
CDMX,Glucosa,Jairo Hernando Pedraza Pinto,1706.94,10,10
CDMX,Glucosa,Miranda Lucía Morán Morales,189.66,1,1
CDMX,Glucosa,Monica Olavarria,189.66,1,1
CDMX,Glucosa,Ruben Gonzalez Ruiz,568.98,3,3
CDMX,Gonal F 300 UI,Armando Miguel Roque Sanchez,10036.0,2,2
CDMX,Gonal F 300 UI,Eugenia Morán Orozco,64866.0,13,13
CDMX,Gonal F 300 UI,Giovanni López Salamanca,40144.0,7,9
CDMX,Gonal F 300 UI,Jaime Antonio Hidalgo Carrera,24722.0,5,5
CDMX,Gonal F 300 UI,Jairo Hernando Pedraza Pinto,15054.0,3,3
CDMX,Gonal F 300 UI,Monica Olavarria,10036.0,2,2
CDMX,Gonal F 900 UI,Armando Miguel Roque Sanchez,76210.0,5,6
CDMX,Gonal F 900 UI,Carlos Andres Lejtik Alva,38286.0,2,3
CDMX,Gonal F 900 UI,Eugenia Morán Orozco,355526.0,21,28
CDMX,Gonal F 900 UI,Giovanni López Salamanca,266554.0,15,21
CDMX,Gonal F 900 UI,Jaime Antonio Hidalgo Carrera,178412.76,10,14
CDMX,Gonal F 900 UI,Jairo Hernando Pedraza Pinto,253792.0,13,20
CDMX,Gonal F 900 UI,Ruben Gonzalez Ruiz,140382.0,10,11
CDMX,Gonapeptyl Daily 0.1 (por ampolla),Alejandro Sanchez Aranda,10280.0,6,22
CDMX,Gonapeptyl Daily 0.1 (por ampolla),Alma Victoria Villarreal Barranca,16262.4,14,38
CDMX,Gonapeptyl Daily 0.1 (por ampolla),Armando Miguel Roque Sanchez,43598.4,42,94
CDMX,Gonapeptyl Daily 0.1 (por ampolla),Carlos Andres Lejtik Alva,904.0,1,2
CDMX,Gonapeptyl Daily 0.1 (por ampolla),Claudia Melina Robellada Zarate,3840.0,2,8
CDMX,Gonapeptyl Daily 0.1 (por ampolla),Eugenia Morán Orozco,57606.8,62,124
CDMX,Gonapeptyl Daily 0.1 (por ampolla),Giovanni López Salamanca,37539.2,42,84
CDMX,Gonapeptyl Daily 0.1 (por ampolla),Jaime Antonio Hidalgo Carrera,22096.0,24,48
CDMX,Gonapeptyl Daily 0.1 (por ampolla),Jairo Hernando Pedraza Pinto,40984.0,40,91
CDMX,Gonapeptyl Daily 0.1 (por ampolla),María de los Ángeles Flores Manzur,451.0,1,1
CDMX,Gonapeptyl Daily 0.1 (por ampolla),Miranda Lucía Morán Morales,6720.0,4,14
CDMX,Gonapeptyl Daily 0.1 (por ampolla),Monica Olavarria,11664.0,14,27
CDMX,Gonapeptyl Daily 0.1 (por ampolla),Monica Yazmin Olavarria Guadarrama,1808.0,2,4
CDMX,Gonapeptyl Daily 0.1 (por ampolla),Norma Sharey Vazquez Jimenez,904.0,1,2
CDMX,Gonapeptyl Daily 0.1 (por ampolla),Ruben Gonzalez Ruiz,15536.0,17,34
CDMX,Grupo Sanguíneo RH,Alejandro Sanchez Aranda,318.97,1,1
CDMX,Grupo Sanguíneo RH,Alma Victoria Villarreal Barranca,0.0,3,3
CDMX,Grupo Sanguíneo RH,Armando Miguel Roque Sanchez,637.94,23,23
CDMX,Grupo Sanguíneo RH,Carlos Andres Lejtik Alva,318.97,1,1
CDMX,Grupo Sanguíneo RH,Eugenia Morán Orozco,1594.85,53,53
CDMX,Grupo Sanguíneo RH,Gerardo Armando Paladino Barquera,318.97,1,1
CDMX,Grupo Sanguíneo RH,Giovanni López Salamanca,2232.79,33,33
CDMX,Grupo Sanguíneo RH,Jaime Antonio Hidalgo Carrera,318.97,20,20
CDMX,Grupo Sanguíneo RH,Jairo Hernando Pedraza Pinto,956.91,31,31
CDMX,Grupo Sanguíneo RH,Maritza Ivett Rojas Valencia,318.97,1,1
CDMX,Grupo Sanguíneo RH,María Elena González Panzzi,637.94,2,2
CDMX,Grupo Sanguíneo RH,María de los Ángeles Flores Manzur,318.97,1,1
CDMX,Grupo Sanguíneo RH,Miranda Lucía Morán Morales,0.0,1,1
CDMX,Grupo Sanguíneo RH,Monica Olavarria,318.97,6,6
CDMX,Grupo Sanguíneo RH,Monica Yazmin Olavarria Guadarrama,318.97,2,2
CDMX,Grupo Sanguíneo RH,Norma Sharey Vazquez Jimenez,0.0,1,1
CDMX,Grupo Sanguíneo RH,Ruben Gonzalez Ruiz,1802.18,25,25
CDMX,HIOSCINA 10 MG C/24 (BUSCAPINA),Giovanni López Salamanca,253.0,1,1
CDMX,Hemoglobina glicosilada,Alma Victoria Villarreal Barranca,1868.11,4,4
CDMX,Hemoglobina glicosilada,Armando Miguel Roque Sanchez,474.14,1,1
CDMX,Hemoglobina glicosilada,Eugenia Morán Orozco,19913.88,43,43
CDMX,Hemoglobina glicosilada,Giovanni López Salamanca,474.14,1,1
CDMX,Hemoglobina glicosilada,Jaime Antonio Hidalgo Carrera,919.83,2,2
CDMX,Hemoglobina glicosilada,Jairo Hernando Pedraza Pinto,948.28,2,2
CDMX,Hemoglobina glicosilada,Miranda Lucía Morán Morales,2370.7,5,5
CDMX,Hemoglobina glicosilada,Monica Olavarria,948.28,2,2
CDMX,Hepatitis B HBeAg,Armando Miguel Roque Sanchez,646.55,2,2
CDMX,Hepatitis B HBeAg,Fatima Giron Ávila,646.55,1,1
CDMX,Hepatitis B HBeAg,Giovanni López Salamanca,646.55,1,1
CDMX,Hepatitis B HBeAg,Jaime Antonio Hidalgo Carrera,0.0,1,1
CDMX,Hepatitis B superficie HBsAg,Carlos Andres Lejtik Alva,646.55,1,1
CDMX,Hepatitis B superficie HBsAg,Eugenia Morán Orozco,862.07,1,1
CDMX,Hepatitis B superficie HBsAg,José Alfonso Gutiérrez Frusch,862.07,1,1
CDMX,Hepatitis B superficie HBsAg,Miranda Lucía Morán Morales,818.97,1,1
CDMX,Hepatitis B superficie HBsAg,Ruben Gonzalez Ruiz,646.55,1,1
CDMX,Hepatitis C,Armando Miguel Roque Sanchez,818.97,1,1
CDMX,Hepatitis C,Eugenia Morán Orozco,1637.94,2,2
CDMX,Hepatitis C,Fatima Giron Ávila,818.97,1,1
CDMX,Hepatitis C,Gisela Cuevas Velasco,818.97,1,1
CDMX,Hepatitis C,Marlene Lizbeth Zamora Ramirez,818.97,1,1
CDMX,Histeroscopia con energia,Giovanni López Salamanca,6724.14,1,1
CDMX,Histeroscopia diagnostica,Alma Victoria Villarreal Barranca,90517.24,5,5
CDMX,Histeroscopia diagnostica,Armando Miguel Roque Sanchez,132586.2,7,7
CDMX,Histeroscopia diagnostica,Eugenia Morán Orozco,181034.46,9,9
CDMX,Histeroscopia diagnostica,Giovanni López Salamanca,267241.37,16,16
CDMX,Histeroscopia diagnostica,Jaime Antonio Hidalgo Carrera,21551.72,1,1
CDMX,Histeroscopia diagnostica,Jairo Hernando Pedraza Pinto,34482.76,2,2
CDMX,Histeroscopia diagnostica,Miranda Lucía Morán Morales,17241.38,1,1
CDMX,Histeroscopia diagnostica,Monica Olavarria,34482.76,2,2
CDMX,Histeroscopia diagnostica,Ruben Gonzalez Ruiz,17241.38,1,1
CDMX,Histeroscopia diagnóstica con anestesia,Armando Miguel Roque Sanchez,51724.14,3,3
CDMX,Histeroscopia diagnóstica con anestesia,Eugenia Morán Orozco,30172.42,2,2
CDMX,Histeroscopia diagnóstica con anestesia,Fatima Giron Ávila,15086.21,1,1
CDMX,Histeroscopia diagnóstica con anestesia,Jaime Antonio Hidalgo Carrera,41379.48,2,2
CDMX,Histeroscopia diagnóstica con anestesia,Jairo Hernando Pedraza Pinto,29741.38,2,2
CDMX,Histeroscopia diagnóstica con anestesia,Monica Olavarria,0.0,1,1
CDMX,Histeroscopia diagnóstica con anestesia,Peggy Molina Vargas,15086.21,1,1
CDMX,Histeroscopia diagnóstica con anestesia,Ruben Gonzalez Ruiz,32327.59,2,2
CDMX,Histeroscopia diagnóstica con anestesia CDMX,Armando Miguel Roque Sanchez,17241.38,1,1
CDMX,Histeroscopia diagnóstica con anestesia CDMX,Giovanni López Salamanca,16370.69,1,1
CDMX,Histeroscopia diagnóstica con anestesia CDMX,Jaime Antonio Hidalgo Carrera,13965.52,1,1
CDMX,Histeroscopía diagnóstica - CDMX,Ruben Gonzalez Ruiz,17241.38,1,1
CDMX,Histeroscopía operatoria - CDMX,Mayela Fernandez del Campo (MEFI),24137.93,1,1
CDMX,Histerosonografía,Alma Victoria Villarreal Barranca,9051.72,3,3
CDMX,Histerosonografía,Armando Miguel Roque Sanchez,3017.24,1,1
CDMX,Histerosonografía,Eugenia Morán Orozco,11810.34,4,4
CDMX,Histerosonografía,Giovanni López Salamanca,6034.48,2,2
CDMX,Histerosonografía,Jaime Antonio Hidalgo Carrera,6034.48,2,2
CDMX,Histerosonografía,Jairo Hernando Pedraza Pinto,8922.41,3,3
CDMX,Histerosonografía,José Alfonso Gutiérrez Frusch,3017.24,1,1
CDMX,Honorarios medicos,Claudia Melina Robellada Zarate,25862.07,1,1
CDMX,Honorarios médicos,Ruben Gonzalez Ruiz,81896.55,1,1
CDMX,Hormona Luteinisante (LH),Alejandro Sanchez Aranda,521.55,1,1
CDMX,Hormona Luteinisante (LH),Armando Miguel Roque Sanchez,0.0,1,1
CDMX,Hormona Luteinisante (LH),Eugenia Morán Orozco,0.0,6,6
CDMX,Hormona Luteinisante (LH),Giovanni López Salamanca,2086.21,8,10
CDMX,Hormona Luteinisante (LH),Jaime Antonio Hidalgo Carrera,1043.1,2,2
CDMX,Hormona Luteinisante (LH),Ruben Gonzalez Ruiz,521.55,2,2
CDMX,Hormona Luteinizante (LH),(Sin asignar),521.55,1,1
CDMX,Hormona Luteinizante (LH),Alejandro Sanchez Aranda,3129.3,6,6
CDMX,Hormona Luteinizante (LH),Alma Victoria Villarreal Barranca,521.55,1,1
CDMX,Hormona Luteinizante (LH),Armando Miguel Roque Sanchez,521.55,8,8
CDMX,Hormona Luteinizante (LH),Claudia Melina Robellada Zarate,1043.1,2,2
CDMX,Hormona Luteinizante (LH),Eugenia Morán Orozco,7823.25,23,23
CDMX,Hormona Luteinizante (LH),Gerardo Armando Paladino Barquera,521.55,1,1
CDMX,Hormona Luteinizante (LH),Giovanni López Salamanca,0.0,5,5
CDMX,Hormona Luteinizante (LH),Jaime Antonio Hidalgo Carrera,1564.65,3,3
CDMX,Hormona Luteinizante (LH),Jairo Hernando Pedraza Pinto,4172.4,11,11
CDMX,Hormona Luteinizante (LH),Mayela Fernandez del Campo (MEFI),1564.65,4,4
CDMX,Hormona Luteinizante (LH),Monica Olavarria,1043.1,4,4
CDMX,Idice HOMA,Jaime Antonio Hidalgo Carrera,303.28,1,1
CDMX,Inseminacion CDMX,Alma Victoria Villarreal Barranca,20689.66,1,1
CDMX,Inseminacion CDMX,Armando Miguel Roque Sanchez,34913.8,2,2
CDMX,Inseminacion CDMX,Eugenia Morán Orozco,227758.65,12,12
CDMX,Inseminacion CDMX,Giovanni López Salamanca,20689.66,1,1
CDMX,Inseminacion CDMX,Jaime Antonio Hidalgo Carrera,20689.66,1,1
CDMX,Inseminación intrauterina - CDMX,Eugenia Morán Orozco,70775.87,4,4
CDMX,Inseminación intrauterina - CDMX,Jaime Antonio Hidalgo Carrera,18965.52,1,1
CDMX,Inseminación intrauterina - CDMX,Jairo Hernando Pedraza Pinto,20689.66,1,1
CDMX,Inseminación intrauterina - CDMX,Ruben Gonzalez Ruiz,20689.66,1,1
CDMX,Insulina basal,Alma Victoria Villarreal Barranca,3764.67,8,8
CDMX,Insulina basal,Armando Miguel Roque Sanchez,3736.22,8,8
CDMX,Insulina basal,Blanca Cardenas,948.28,2,2
CDMX,Insulina basal,Enfermeria,948.28,2,2
CDMX,Insulina basal,Eugenia Morán Orozco,26077.7,57,57
CDMX,Insulina basal,Fatima Giron Ávila,474.14,1,1
CDMX,Insulina basal,Giovanni López Salamanca,3318.98,7,7
CDMX,Insulina basal,Jaime Antonio Hidalgo Carrera,1896.56,4,4
CDMX,Insulina basal,Jairo Hernando Pedraza Pinto,5215.54,12,12
CDMX,Insulina basal,Maritza Ivett Rojas Valencia,948.28,2,2
CDMX,Insulina basal,Miranda Lucía Morán Morales,1422.42,3,3
CDMX,Insulina basal,Monica Olavarria,2844.84,6,6
CDMX,Insulina basal,Ruben Gonzalez Ruiz,1422.42,3,3
CDMX,Integrated Frozen Donor Surrogacy Package CDMX,Armando Miguel Roque Sanchez,546206.9,1,2
CDMX,Integrated Frozen Donor Surrogacy Package CDMX,Eugenia Morán Orozco,277586.21,1,1
CDMX,Integrated Frozen Donor Surrogacy Package CDMX,Giovanni López Salamanca,277586.21,1,1
CDMX,LAB - RI WITNESS RFDI PATIENT ID CARDS 6-70-100/50 (PAQUETE 50 PZAS),Eugenia Morán Orozco,431.03,1,1
CDMX,LEVONORGESTREL/ ETINILESTRADIOL 0.15/0.03MG 21 TAB (MICROGYNON),Armando Miguel Roque Sanchez,414.0,1,1
CDMX,LEVONORGESTREL/ ETINILESTRADIOL 0.15/0.03MG 21 TAB (MICROGYNON),Eugenia Morán Orozco,3312.0,8,8
CDMX,LEVONORGESTREL/ ETINILESTRADIOL 0.15/0.03MG 21 TAB (MICROGYNON),Giovanni López Salamanca,5382.0,13,14
CDMX,LEVONORGESTREL/ ETINILESTRADIOL 0.15/0.03MG 21 TAB (MICROGYNON),Jaime Antonio Hidalgo Carrera,828.0,2,2
CDMX,LEVONORGESTREL/ ETINILESTRADIOL 0.15/0.03MG 21 TAB (MICROGYNON),Jairo Hernando Pedraza Pinto,414.0,1,1
CDMX,Letz 2.5mg,(Sin asignar),1600.0,1,2
CDMX,Letz 2.5mg,Alejandro Sanchez Aranda,1600.0,2,2
CDMX,Letz 2.5mg,Alma Victoria Villarreal Barranca,3200.0,5,5
CDMX,Letz 2.5mg,Armando Miguel Roque Sanchez,3200.0,4,4
CDMX,Letz 2.5mg,Eugenia Morán Orozco,13960.0,18,18
CDMX,Letz 2.5mg,Giovanni López Salamanca,9424.0,13,13
CDMX,Letz 2.5mg,Jaime Antonio Hidalgo Carrera,1380.0,2,2
CDMX,Letz 2.5mg,Jairo Hernando Pedraza Pinto,4000.0,7,7
CDMX,Letz 2.5mg,Monica Olavarria,800.0,1,1
CDMX,Letz 2.5mg,Ruben Gonzalez Ruiz,800.0,2,2
CDMX,MOMENTS 50 MG 30 TABc,Alejandro Sanchez Aranda,950.0,1,1
CDMX,MOMENTS 50 MG 30 TABc,Armando Miguel Roque Sanchez,1900.0,2,2
CDMX,MOMENTS 50 MG 30 TABc,Eugenia Morán Orozco,2850.0,3,3
CDMX,MOMENTS 50 MG 30 TABc,Giovanni López Salamanca,950.0,1,1
CDMX,MOMENTS 50 MG 30 TABc,Jaime Antonio Hidalgo Carrera,950.0,1,1
CDMX,Marcadores tumorales ovario,Alma Victoria Villarreal Barranca,2758.62,2,2
CDMX,Marcadores tumorales ovario,Monica Olavarria,1379.31,1,1
CDMX,Medicamentos Post-Captura,Armando Miguel Roque Sanchez,1232.0,1,1
CDMX,Merapur 75 UI (por ampolla),Alejandro Sanchez Aranda,52012.0,11,62
CDMX,Merapur 75 UI (por ampolla),Alma Victoria Villarreal Barranca,129512.8,33,146
CDMX,Merapur 75 UI (por ampolla),Armando Miguel Roque Sanchez,582101.04,120,698
CDMX,Merapur 75 UI (por ampolla),Carlos Andres Lejtik Alva,4746.0,2,6
CDMX,Merapur 75 UI (por ampolla),Carlos Parra,7120.0,2,8
CDMX,Merapur 75 UI (por ampolla),Eugenia Morán Orozco,508903.2,193,620
CDMX,Merapur 75 UI (por ampolla),Giovanni López Salamanca,491787.8,142,594
CDMX,Merapur 75 UI (por ampolla),Guadalupe Nolazco Beltrán,7120.0,1,8
CDMX,Merapur 75 UI (por ampolla),Jaime Antonio Hidalgo Carrera,205738.16,65,254
CDMX,Merapur 75 UI (por ampolla),Jairo Hernando Pedraza Pinto,359704.0,104,431
CDMX,Merapur 75 UI (por ampolla),Miranda Lucía Morán Morales,65860.0,13,74
CDMX,Merapur 75 UI (por ampolla),Monica Olavarria,55966.0,16,73
CDMX,Merapur 75 UI (por ampolla),Monica Yazmin Olavarria Guadarrama,15029.0,3,19
CDMX,Merapur 75 UI (por ampolla),Ruben Gonzalez Ruiz,271634.18,80,336
CDMX,Meticorten 5 mg,Alejandro Sanchez Aranda,690.0,1,1
CDMX,"Metilentetrahidrofolato reductasa MTHFR (Mutación 677-C, A1298 C)",Giovanni López Salamanca,5500.0,1,1
CDMX,Microgynon,Eugenia Morán Orozco,3726.0,9,9
CDMX,Microgynon,Giovanni López Salamanca,1217.16,3,3
CDMX,Microgynon,Jaime Antonio Hidalgo Carrera,414.0,1,1
CDMX,Microgynon,José Alfonso Gutiérrez Frusch,414.0,1,1
CDMX,Microgynon,Ruben Gonzalez Ruiz,828.0,2,2
CDMX,Moments,Eugenia Morán Orozco,3800.0,4,4
CDMX,Muestra de esperma FI - Sperm bank - Disponibilidad inmediata CDMX,Alma Victoria Villarreal Barranca,15517.24,2,2
CDMX,Muestra de esperma FI - Sperm bank - Disponibilidad inmediata GDL,Armando Miguel Roque Sanchez,21551.72,1,1
CDMX,OESTROGEL .0.06 / 100 G (ESTRADIOL EN GEL),Alejandro Sanchez Aranda,900.0,1,1
CDMX,OESTROGEL .0.06 / 100 G (ESTRADIOL EN GEL),Armando Miguel Roque Sanchez,900.0,1,1
CDMX,OESTROGEL .0.06 / 100 G (ESTRADIOL EN GEL),Eugenia Morán Orozco,24300.0,20,28
CDMX,OESTROGEL .0.06 / 100 G (ESTRADIOL EN GEL),Giovanni López Salamanca,21600.0,20,25
CDMX,OESTROGEL .0.06 / 100 G (ESTRADIOL EN GEL),Jairo Hernando Pedraza Pinto,8100.0,6,9
CDMX,OESTROGEL .0.06 / 100 G (ESTRADIOL EN GEL),Ruben Gonzalez Ruiz,4500.0,5,5
CDMX,OVIDREL F-PEN 250MCG - PLUMAS,Alejandro Sanchez Aranda,10955.0,5,5
CDMX,OVIDREL F-PEN 250MCG - PLUMAS,Alma Victoria Villarreal Barranca,30409.0,14,14
CDMX,OVIDREL F-PEN 250MCG - PLUMAS,Armando Miguel Roque Sanchez,89780.0,39,40
CDMX,OVIDREL F-PEN 250MCG - PLUMAS,Eugenia Morán Orozco,102282.0,46,46
CDMX,OVIDREL F-PEN 250MCG - PLUMAS,Giovanni López Salamanca,54335.0,24,24
CDMX,OVIDREL F-PEN 250MCG - PLUMAS,Jaime Antonio Hidalgo Carrera,29261.0,13,13
CDMX,OVIDREL F-PEN 250MCG - PLUMAS,Jairo Hernando Pedraza Pinto,46664.0,21,22
CDMX,OVIDREL F-PEN 250MCG - PLUMAS,Miranda Lucía Morán Morales,9400.0,4,4
CDMX,OVIDREL F-PEN 250MCG - PLUMAS,Monica Olavarria,29508.0,12,13
CDMX,OVIDREL F-PEN 250MCG - PLUMAS,Monica Yazmin Olavarria Guadarrama,2103.0,1,1
CDMX,OVIDREL F-PEN 250MCG - PLUMAS,Norma Sharey Vazquez Jimenez,2103.0,1,1
CDMX,OVIDREL F-PEN 250MCG - PLUMAS,Ruben Gonzalez Ruiz,15462.0,7,7
CDMX,Oestrogel,Eugenia Morán Orozco,2700.0,3,3
CDMX,Oestrogel,Giovanni López Salamanca,6246.0,2,7
CDMX,Oestrogel,Jaime Antonio Hidalgo Carrera,1800.0,1,2
CDMX,Oestrogel,Jairo Hernando Pedraza Pinto,2700.0,3,3
CDMX,Ovidrel 250 mg,Armando Miguel Roque Sanchez,14343.0,7,7
CDMX,Ovidrel 250 mg,Carlos Andres Lejtik Alva,2049.0,1,1
CDMX,Ovidrel 250 mg,Eugenia Morán Orozco,34833.0,17,17
CDMX,Ovidrel 250 mg,Giovanni López Salamanca,16343.0,9,9
CDMX,Ovidrel 250 mg,Jaime Antonio Hidalgo Carrera,14343.0,7,7
CDMX,Ovidrel 250 mg,Jairo Hernando Pedraza Pinto,10245.0,5,5
CDMX,Ovidrel 250 mg,Monica Olavarria,2049.0,1,1
CDMX,Ovidrel 250 mg,Ruben Gonzalez Ruiz,10245.0,5,5
CDMX,Ovodonacion donadora nacional x óvulo,Armando Miguel Roque Sanchez,75000.0,1,8
CDMX,Ovodonacion donadora nacional x óvulo,Eugenia Morán Orozco,197931.03,1,14
CDMX,Ovodonación donadora internacional x óvulo,Melissa Itzel Villagomez Aleman,181034.48,1,10
CDMX,PERGOVERIS PEN 300/150IU,Alma Victoria Villarreal Barranca,5850.0,1,1
CDMX,PERGOVERIS PEN 300/150IU,Armando Miguel Roque Sanchez,5383.0,1,1
CDMX,PERGOVERIS PEN 300/150IU,Eugenia Morán Orozco,27849.0,5,5
CDMX,PERGOVERIS PEN 300/150IU,Giovanni López Salamanca,11700.0,1,2
CDMX,PERGOVERIS PEN 300/150IU,Jaime Antonio Hidalgo Carrera,16616.0,3,3
CDMX,PERGOVERIS PEN 300/150IU,Jairo Hernando Pedraza Pinto,11700.0,1,2
CDMX,PERGOVERIS PEN 450/225IU,Alma Victoria Villarreal Barranca,48804.0,6,7
CDMX,PERGOVERIS PEN 450/225IU,Eugenia Morán Orozco,8300.0,1,1
CDMX,PERGOVERIS PEN 450/225IU,Giovanni López Salamanca,33200.0,3,4
CDMX,PERGOVERIS PEN 450/225IU,Jairo Hernando Pedraza Pinto,15961.0,4,4
CDMX,PERGOVERIS PEN 900/450IU,Alma Victoria Villarreal Barranca,270882.0,13,22
CDMX,PERGOVERIS PEN 900/450IU,Armando Miguel Roque Sanchez,45450.0,2,3
CDMX,PERGOVERIS PEN 900/450IU,Carlos Parra,12120.0,1,1
CDMX,PERGOVERIS PEN 900/450IU,Eugenia Morán Orozco,812709.0,39,56
CDMX,PERGOVERIS PEN 900/450IU,Giovanni López Salamanca,316952.0,14,21
CDMX,PERGOVERIS PEN 900/450IU,Jaime Antonio Hidalgo Carrera,220289.0,10,15
CDMX,PERGOVERIS PEN 900/450IU,Jairo Hernando Pedraza Pinto,374185.0,17,27
CDMX,PERGOVERIS PEN 900/450IU,Jorge Michel,30300.0,1,2
CDMX,PERGOVERIS PEN 900/450IU,Mayela Fernandez del Campo (MEFI),30300.0,1,2
CDMX,PERGOVERIS PEN 900/450IU,Miranda Lucía Morán Morales,30300.0,1,2
CDMX,PERGOVERIS PEN 900/450IU,Monica Olavarria,15150.0,1,1
CDMX,PERGOVERIS PEN 900/450IU,Monica Yazmin Olavarria Guadarrama,29102.0,2,2
CDMX,PERGOVERIS PEN 900/450IU,Norma Sharey Vazquez Jimenez,72755.0,3,5
CDMX,PGT por embrion (1 a 3) CDMX,Gerardo Armando Paladino Barquera,10344.83,1,1
CDMX,PGT por embrion (1 a 3) CDMX,María de los Ángeles Flores Manzur,20689.66,1,2
CDMX,PGT-A por embrion,Adriana Galvan Luna,33750.0,1,3
CDMX,PGT-A por embrion,Alejandro Sanchez Aranda,174568.96,5,18
CDMX,PGT-A por embrion,Aline Yunuen García Cortes,75775.86,2,6
CDMX,PGT-A por embrion,Alma Victoria Villarreal Barranca,200689.65,7,19
CDMX,PGT-A por embrion,Armando Miguel Roque Sanchez,515068.96,14,52
CDMX,PGT-A por embrion,Brenda Sanchez Ramirez,60646.55,1,7
CDMX,PGT-A por embrion,Carlos Andres Lejtik Alva,54310.34,1,6
CDMX,PGT-A por embrion,Cintia Mejía García,48103.44,2,4
CDMX,PGT-A por embrion,Claudia Melina Robellada Zarate,24051.72,1,2
CDMX,PGT-A por embrion,Diana Duran,54310.34,1,6
CDMX,PGT-A por embrion,Edith Cervantes Guerrero,103706.9,3,10
CDMX,PGT-A por embrion,Enrique Reyes Muñoz,78362.06,2,8
CDMX,PGT-A por embrion,Eugenia Morán Orozco,1340424.92,37,156
CDMX,PGT-A por embrion,Fabian Ricardo Castañeda Bochm,80948.28,2,8
CDMX,PGT-A por embrion,Fabiola del Carmen Brito Sandoval,9482.76,1,1
CDMX,PGT-A por embrion,Gerardo Armando Paladino Barquera,255474.13,7,24
CDMX,PGT-A por embrion,Giovanni López Salamanca,834077.62,27,99
CDMX,PGT-A por embrion,Gisela Cuevas Velasco,45258.62,1,5
CDMX,PGT-A por embrion,Griselda Reyes Torres,100991.37,6,9
CDMX,PGT-A por embrion,Guadalupe Nolazco Beltrán,145887.93,4,14
CDMX,PGT-A por embrion,Jaime Antonio Hidalgo Carrera,303686.19,12,33
CDMX,PGT-A por embrion,Jairo Hernando Pedraza Pinto,912448.23,24,110
CDMX,PGT-A por embrion,Jefsi Argelia Leon Dominguez,99181.03,3,9
CDMX,PGT-A por embrion,Jose Juan Guerrero Vargas,126077.58,3,13
CDMX,PGT-A por embrion,José Manuel Lozano Sánchez,115603.44,4,10
CDMX,PGT-A por embrion,Laura Esmeralda Gonzalez Lopez,24137.93,1,2
CDMX,PGT-A por embrion,Lilia Berenice Leyva Macias,152715.52,4,15
CDMX,PGT-A por embrion,Maritza Ivett Rojas Valencia,86637.93,2,9
CDMX,PGT-A por embrion,Marlene Lizbeth Zamora Ramirez,71120.69,2,7
CDMX,PGT-A por embrion,María de los Ángeles Flores Manzur,82758.62,2,8
CDMX,PGT-A por embrion,Miranda Lucía Morán Morales,80172.41,2,7
CDMX,PGT-A por embrion,Monica Olavarria,203922.41,6,20
CDMX,PGT-A por embrion,Monica Yazmin Olavarria Guadarrama,12931.03,1,1
CDMX,PGT-A por embrion,Norma Sharey Vazquez Jimenez,22344.83,1,2
CDMX,PGT-A por embrion,Oliver Paul Cruz Orozco,12931.03,1,1
CDMX,PGT-A por embrion,Ruben Gonzalez Ruiz,123439.66,5,16
CDMX,PGT-M hasta 12 embriones,Alejandro Sanchez Aranda,62500.0,1,1
CDMX,PGT-M hasta 12 embriones,Giovanni López Salamanca,250603.45,2,2
CDMX,PGT-SR Robertsoniana,Jairo Hernando Pedraza Pinto,96250.0,1,7
CDMX,PREDNISONA 20 MG C/30 TAB (METICORTEN) ASPEN,Giovanni López Salamanca,2250.0,3,3
CDMX,PREDNISONA 20 MG C/30 TAB (METICORTEN) ASPEN,Jaime Antonio Hidalgo Carrera,750.0,1,1
CDMX,PRIMOGYN 1MG C/28 GRA,Eugenia Morán Orozco,850.0,1,1
CDMX,PRIMOGYN 2 MG C/28 GRAG,Alejandro Sanchez Aranda,8000.0,4,8
CDMX,PRIMOGYN 2 MG C/28 GRAG,Alma Victoria Villarreal Barranca,4000.0,2,4
CDMX,PRIMOGYN 2 MG C/28 GRAG,Armando Miguel Roque Sanchez,64000.0,30,64
CDMX,PRIMOGYN 2 MG C/28 GRAG,Blanca Cardenas,3000.0,1,3
CDMX,PRIMOGYN 2 MG C/28 GRAG,Eugenia Morán Orozco,841000.0,324,846
CDMX,PRIMOGYN 2 MG C/28 GRAG,Giovanni López Salamanca,380960.0,158,386
CDMX,PRIMOGYN 2 MG C/28 GRAG,Jaime Antonio Hidalgo Carrera,65000.0,21,65
CDMX,PRIMOGYN 2 MG C/28 GRAG,Jairo Hernando Pedraza Pinto,150000.0,60,154
CDMX,PRIMOGYN 2 MG C/28 GRAG,José Alfonso Gutiérrez Frusch,2000.0,1,2
CDMX,PRIMOGYN 2 MG C/28 GRAG,Miranda Lucía Morán Morales,4000.0,1,4
CDMX,PRIMOGYN 2 MG C/28 GRAG,Ruben Gonzalez Ruiz,36700.0,18,37
CDMX,Panel de drogas en orina (III),Eugenia Morán Orozco,1594.83,1,1
CDMX,Panel de drogas en orina (III),Giovanni López Salamanca,1594.83,1,1
CDMX,Panel de drogas en orina (III),Jaime Antonio Hidalgo Carrera,1594.83,1,1
CDMX,Panel de drogas en orina (III),Jairo Hernando Pedraza Pinto,1594.83,1,1
CDMX,Panel de drogas en orina (III),Miranda Lucía Morán Morales,1594.83,1,1
CDMX,Papanicolaou,(Sin asignar),0.0,2,2
CDMX,Papanicolaou,Alma Victoria Villarreal Barranca,13998.38,25,25
CDMX,Papanicolaou,Armando Miguel Roque Sanchez,8748.36,15,15
CDMX,Papanicolaou,Diana Duran,1120.69,1,1
CDMX,Papanicolaou,Eugenia Morán Orozco,16175.02,28,28
CDMX,Papanicolaou,Giovanni López Salamanca,8856.05,17,17
CDMX,Papanicolaou,Jaime Antonio Hidalgo Carrera,4208.63,9,9
CDMX,Papanicolaou,Jairo Hernando Pedraza Pinto,4884.49,11,11
CDMX,Papanicolaou,José Alfonso Gutiérrez Frusch,0.0,2,2
CDMX,Papanicolaou,Miranda Lucía Morán Morales,10143.11,42,42
CDMX,Papanicolaou,Monica Olavarria,4582.76,14,14
CDMX,Papanicolaou,Ruben Gonzalez Ruiz,1667.27,8,8
CDMX,Paquete Análisis Serología,(Sin asignar),6465.51,4,4
CDMX,Paquete Análisis Serología,Alejandro Sanchez Aranda,15086.19,7,7
CDMX,Paquete Análisis Serología,Alma Victoria Villarreal Barranca,58060.28,30,30
CDMX,Paquete Análisis Serología,Armando Miguel Roque Sanchez,70991.3,53,53
CDMX,Paquete Análisis Serología,Carlos Andres Lejtik Alva,2155.17,1,1
CDMX,Paquete Análisis Serología,Eugenia Morán Orozco,191049.79,115,113
CDMX,Paquete Análisis Serología,Fabian Ricardo Castañeda Bochm,4310.34,2,2
CDMX,Paquete Análisis Serología,Gerardo Armando Paladino Barquera,4310.34,2,2
CDMX,Paquete Análisis Serología,Giovanni López Salamanca,109059.72,73,73
CDMX,Paquete Análisis Serología,Gisela Cuevas Velasco,2155.17,1,1
CDMX,Paquete Análisis Serología,Guadalupe Nolazco Beltrán,2155.17,1,1
CDMX,Paquete Análisis Serología,Jaime Antonio Hidalgo Carrera,34159.45,26,26
CDMX,Paquete Análisis Serología,Jairo Hernando Pedraza Pinto,102155.06,56,56
CDMX,Paquete Análisis Serología,José Alfonso Gutiérrez Frusch,8620.68,6,6
CDMX,Paquete Análisis Serología,José Manuel Lozano Sánchez,2155.17,1,1
CDMX,Paquete Análisis Serología,Liat Levy Mitrani,2155.17,1,1
CDMX,Paquete Análisis Serología,Maritza Ivett Rojas Valencia,4051.72,2,2
CDMX,Paquete Análisis Serología,María Elena González Panzzi,4310.34,2,2
CDMX,Paquete Análisis Serología,María de los Ángeles Flores Manzur,2155.17,1,1
CDMX,Paquete Análisis Serología,Miranda Lucía Morán Morales,18857.74,11,11
CDMX,Paquete Análisis Serología,Monica Olavarria,14827.57,8,9
CDMX,Paquete Análisis Serología,Monica Yazmin Olavarria Guadarrama,2155.17,2,2
CDMX,Paquete Análisis Serología,Ruben Gonzalez Ruiz,39008.58,24,24
CDMX,Paquete DFT Fertilización de óvulos congelados y transferencia + 6 Ovulos FI,Armando Miguel Roque Sanchez,119655.17,1,1
CDMX,Paquete Hormonas Basales,(Sin asignar),5172.42,2,2
CDMX,Paquete Hormonas Basales,Alejandro Sanchez Aranda,10344.84,4,4
CDMX,Paquete Hormonas Basales,Alma Victoria Villarreal Barranca,7758.63,7,7
CDMX,Paquete Hormonas Basales,Areli Sánchez,2586.21,1,1
CDMX,Paquete Hormonas Basales,Armando Miguel Roque Sanchez,31034.52,15,15
CDMX,Paquete Hormonas Basales,Carlos Andres Lejtik Alva,2586.21,1,1
CDMX,Paquete Hormonas Basales,Claudia Melina Robellada Zarate,5172.42,2,2
CDMX,Paquete Hormonas Basales,Enfermeria,5172.42,2,2
CDMX,Paquete Hormonas Basales,Eugenia Morán Orozco,42000.03,37,37
CDMX,Paquete Hormonas Basales,Giovanni López Salamanca,12500.01,14,14
CDMX,Paquete Hormonas Basales,Jaime Antonio Hidalgo Carrera,17517.25,8,8
CDMX,Paquete Hormonas Basales,Jairo Hernando Pedraza Pinto,387.93,5,5
CDMX,Paquete Hormonas Basales,Miranda Lucía Morán Morales,5172.42,3,3
CDMX,Paquete Hormonas Basales,Monica Olavarria,10344.84,6,6
CDMX,Paquete Hormonas Basales,Ruben Gonzalez Ruiz,12931.05,5,5
CDMX,Paquete Integral de Fertilidad CDMX,Jaime Antonio Hidalgo Carrera,142241.38,1,1
CDMX,Paquete Método ROPA CDMX,Jairo Hernando Pedraza Pinto,163793.1,1,1
CDMX,Paquete Método ROPA CDMX,Monica Olavarria,147413.79,1,1
CDMX,Paquete Wellness,José Alfonso Gutiérrez Frusch,3448.28,1,1
CDMX,Patología,Armando Miguel Roque Sanchez,1422.41,1,1
CDMX,Patología,Eugenia Morán Orozco,2844.82,2,2
CDMX,Patología,Fatima Giron Ávila,2844.82,2,2
CDMX,Patología,Giovanni López Salamanca,1422.41,1,1
CDMX,Patología,Jaime Antonio Hidalgo Carrera,4267.23,3,3
CDMX,Patología,Ruben Gonzalez Ruiz,1422.41,1,1
CDMX,Patología Biopsia de endometrio,Alma Victoria Villarreal Barranca,4655.16,3,3
CDMX,Patología Biopsia de endometrio,Armando Miguel Roque Sanchez,1594.83,1,1
CDMX,Patología Biopsia de endometrio,Giovanni López Salamanca,3103.44,2,2
CDMX,Patología Biopsia de endometrio,Jaime Antonio Hidalgo Carrera,1551.72,1,1
CDMX,Patología Biopsia de endometrio,Jairo Hernando Pedraza Pinto,1551.72,1,1
CDMX,Patología Biopsia de endometrio,Mayela Fernandez del Campo (MEFI),1551.72,1,1
CDMX,Perfil ETS,Alejandro Sanchez Aranda,9482.76,2,2
CDMX,Perfil ETS,Alma Victoria Villarreal Barranca,63939.64,14,14
CDMX,Perfil ETS,Armando Miguel Roque Sanchez,69543.1,15,15
CDMX,Perfil ETS,Eugenia Morán Orozco,159224.08,38,38
CDMX,Perfil ETS,Giovanni López Salamanca,112508.61,26,26
CDMX,Perfil ETS,Jaime Antonio Hidalgo Carrera,21551.7,5,5
CDMX,Perfil ETS,Jairo Hernando Pedraza Pinto,23275.86,6,6
CDMX,Perfil ETS,José Alfonso Gutiérrez Frusch,9482.76,2,2
CDMX,Perfil ETS,Miranda Lucía Morán Morales,31896.59,7,7
CDMX,Perfil ETS,Monica Olavarria,9051.72,2,2
CDMX,Perfil ETS,Ruben Gonzalez Ruiz,13362.06,3,3
CDMX,Perfil ETS Femenino / Cultivos infecciosos,(Sin asignar),3879.31,1,1
CDMX,Perfil ETS Femenino / Cultivos infecciosos,Alma Victoria Villarreal Barranca,8620.68,2,2
CDMX,Perfil ETS Femenino / Cultivos infecciosos,Armando Miguel Roque Sanchez,72767.17,19,19
CDMX,Perfil ETS Femenino / Cultivos infecciosos,Eugenia Morán Orozco,170198.1,41,41
CDMX,Perfil ETS Femenino / Cultivos infecciosos,Giovanni López Salamanca,97413.69,23,23
CDMX,Perfil ETS Femenino / Cultivos infecciosos,Jaime Antonio Hidalgo Carrera,17241.36,4,4
CDMX,Perfil ETS Femenino / Cultivos infecciosos,Jairo Hernando Pedraza Pinto,71120.63,17,17
CDMX,Perfil ETS Femenino / Cultivos infecciosos,Monica Olavarria,12931.02,4,4
CDMX,Perfil ETS Femenino / Cultivos infecciosos,Ruben Gonzalez Ruiz,24310.33,7,7
CDMX,Perfil ETS femenino,Giovanni López Salamanca,4310.34,1,1
CDMX,Perfil TORCH IgG e IgM,Alejandro Sanchez Aranda,3017.24,1,1
CDMX,Perfil TORCH IgG e IgM,Alma Victoria Villarreal Barranca,3017.24,1,1
CDMX,Perfil TORCH IgG e IgM,Eugenia Morán Orozco,15086.2,5,5
CDMX,Perfil TORCH IgG e IgM,Giovanni López Salamanca,9051.72,3,3
CDMX,Perfil TORCH IgG e IgM,Jairo Hernando Pedraza Pinto,12068.96,4,4
CDMX,Perfil Tiroideo con Ac. Antitiroideos,Alejandro Sanchez Aranda,1853.45,1,1
CDMX,Perfil Tiroideo con Ac. Antitiroideos,Alma Victoria Villarreal Barranca,5449.14,3,3
CDMX,Perfil Tiroideo con Ac. Antitiroideos,Armando Miguel Roque Sanchez,7413.8,4,4
CDMX,Perfil Tiroideo con Ac. Antitiroideos,Enfermeria,3706.9,2,2
CDMX,Perfil Tiroideo con Ac. Antitiroideos,Eugenia Morán Orozco,12974.15,7,7
CDMX,Perfil Tiroideo con Ac. Antitiroideos,Giovanni López Salamanca,7413.8,5,5
CDMX,Perfil Tiroideo con Ac. Antitiroideos,Jaime Antonio Hidalgo Carrera,7302.59,4,4
CDMX,Perfil Tiroideo con Ac. Antitiroideos,Jairo Hernando Pedraza Pinto,11120.7,6,6
CDMX,Perfil Tiroideo con Ac. Antitiroideos,Maritza Ivett Rojas Valencia,3706.9,2,2
CDMX,Perfil Tiroideo con Ac. Antitiroideos,Monica Olavarria,12017.77,8,8
CDMX,Perfil Tiroideo con Ac. Antitiroideos,Ruben Gonzalez Ruiz,1853.45,1,1
CDMX,Perfil Tiroideo sin Ac. Antitiroideos,Monica Olavarria,896.55,1,1
CDMX,Perfil Tiroideo sin Antitiroideos,Monica Olavarria,896.55,1,1
CDMX,Perfil Tiroideo sin anticuerpo,Armando Miguel Roque Sanchez,717.12,1,1
CDMX,Perfil Tiroideo sin anticuerpo,Monica Olavarria,1792.8,2,2
CDMX,Perfil Tiroideo sin anticuerpos Antitiroideos,Miranda Lucía Morán Morales,896.55,1,1
CDMX,Perfil Trombofilias,Eugenia Morán Orozco,12327.59,1,1
CDMX,Perfil androgenico femenino,Monica Olavarria,2155.17,1,1
CDMX,Perfil androgenico femenino,Ruben Gonzalez Ruiz,2155.17,1,1
CDMX,Perfil antifosfolipidos,Giovanni López Salamanca,3258.62,1,1
CDMX,Perfil bioquímico de 24 elementos,Giovanni López Salamanca,1185.34,1,1
CDMX,Perfil bioquímico de 24 elementos,Jaime Antonio Hidalgo Carrera,1185.34,1,1
CDMX,Perfil bioquímico de 24 elementos,Miranda Lucía Morán Morales,1185.34,1,1
CDMX,Perfil bioquímico de 35 elementos,Alma Victoria Villarreal Barranca,2228.45,1,1
CDMX,Perfil bioquímico de 35 elementos,Eugenia Morán Orozco,2370.69,1,1
CDMX,Perfil bioquímico de 35 elementos,Jaime Antonio Hidalgo Carrera,4741.38,2,2
CDMX,Perfil bioquímico de 35 elementos,Monica Olavarria,4741.38,2,2
CDMX,Perfil de lípidos,Alma Victoria Villarreal Barranca,1706.9,2,2
CDMX,Perfil de lípidos,Eugenia Morán Orozco,5120.7,6,6
CDMX,Perfil de lípidos,Miranda Lucía Morán Morales,853.45,2,2
CDMX,Perfil disparo captura,Alejandro Sanchez Aranda,1912.0,3,3
CDMX,Perfil disparo captura,Alma Victoria Villarreal Barranca,717.0,18,18
CDMX,Perfil disparo captura,Armando Miguel Roque Sanchez,0.0,37,37
CDMX,Perfil disparo captura,Carlos Andres Lejtik Alva,717.0,1,1
CDMX,Perfil disparo captura,Claudia Melina Robellada Zarate,0.0,1,1
CDMX,Perfil disparo captura,Eugenia Morán Orozco,0.0,64,64
CDMX,Perfil disparo captura,Giovanni López Salamanca,673.98,42,42
CDMX,Perfil disparo captura,Jaime Antonio Hidalgo Carrera,0.0,22,22
CDMX,Perfil disparo captura,Jairo Hernando Pedraza Pinto,717.0,38,38
CDMX,Perfil disparo captura,María Elena González Panzzi,717.0,2,2
CDMX,Perfil disparo captura,Miranda Lucía Morán Morales,0.0,4,4
CDMX,Perfil disparo captura,Monica Olavarria,2868.0,12,12
CDMX,Perfil disparo captura,Monica Yazmin Olavarria Guadarrama,717.0,1,1
CDMX,Perfil disparo captura,Norma Sharey Vazquez Jimenez,0.0,1,1
CDMX,Perfil disparo captura,Ruben Gonzalez Ruiz,0.0,17,17
CDMX,Perfil ginecológico,Eugenia Morán Orozco,3000.0,1,1
CDMX,Perfil inicio,Alejandro Sanchez Aranda,4120.42,8,8
CDMX,Perfil inicio,Alma Victoria Villarreal Barranca,0.0,20,20
CDMX,Perfil inicio,Armando Miguel Roque Sanchez,1195.0,59,59
CDMX,Perfil inicio,Blanca Cardenas,0.0,1,1
CDMX,Perfil inicio,Carlos Andres Lejtik Alva,0.0,1,1
CDMX,Perfil inicio,Eugenia Morán Orozco,1195.0,192,192
CDMX,Perfil inicio,Giovanni López Salamanca,0.0,108,108
CDMX,Perfil inicio,Jaime Antonio Hidalgo Carrera,1195.0,38,38
CDMX,Perfil inicio,Jairo Hernando Pedraza Pinto,0.0,69,69
CDMX,Perfil inicio,José Alfonso Gutiérrez Frusch,0.0,1,1
CDMX,Perfil inicio,María Elena González Panzzi,1195.0,1,1
CDMX,Perfil inicio,Mayela Fernandez del Campo (MEFI),732.76,2,2
CDMX,Perfil inicio,Miranda Lucía Morán Morales,0.0,5,5
CDMX,Perfil inicio,Monica Olavarria,1195.0,10,10
CDMX,Perfil inicio,Norma Sharey Vazquez Jimenez,0.0,1,1
CDMX,Perfil inicio,Ruben Gonzalez Ruiz,0.0,31,31
CDMX,Perfil pre captura,Alejandro Sanchez Aranda,412.07,1,1
CDMX,Perfil pre captura,Eugenia Morán Orozco,0.0,4,4
CDMX,Perfil pre captura,Giovanni López Salamanca,0.0,1,1
CDMX,Perfil pre captura,Jaime Antonio Hidalgo Carrera,0.0,3,3
CDMX,Perfil pre captura,Jairo Hernando Pedraza Pinto,0.0,1,1
CDMX,Perfil pre captura,Ruben Gonzalez Ruiz,0.0,1,1
CDMX,Perfil pre operatorio CDMX,Alejandro Sanchez Aranda,1293.09,3,3
CDMX,Perfil pre operatorio CDMX,Alma Victoria Villarreal Barranca,862.06,12,12
CDMX,Perfil pre operatorio CDMX,Armando Miguel Roque Sanchez,431.03,11,11
CDMX,Perfil pre operatorio CDMX,Eugenia Morán Orozco,862.06,19,19
CDMX,Perfil pre operatorio CDMX,Fabian Ricardo Castañeda Bochm,431.03,1,1
CDMX,Perfil pre operatorio CDMX,Giovanni López Salamanca,1293.09,17,17
CDMX,Perfil pre operatorio CDMX,Griselda Reyes Torres,431.03,1,1
CDMX,Perfil pre operatorio CDMX,Jaime Antonio Hidalgo Carrera,0.0,3,3
CDMX,Perfil pre operatorio CDMX,Jairo Hernando Pedraza Pinto,431.03,10,10
CDMX,Perfil pre operatorio CDMX,Jose Juan Guerrero Vargas,431.03,1,1
CDMX,Perfil pre operatorio CDMX,Miranda Lucía Morán Morales,431.03,3,3
CDMX,Perfil pre operatorio CDMX,Monica Olavarria,1293.09,4,4
CDMX,Perfil pre operatorio CDMX,Ruben Gonzalez Ruiz,0.0,1,1
CDMX,Perfil pre operatorios,Alma Victoria Villarreal Barranca,431.03,6,6
CDMX,Perfil pre operatorios,Armando Miguel Roque Sanchez,431.03,5,5
CDMX,Perfil pre operatorios,Eugenia Morán Orozco,431.03,11,11
CDMX,Perfil pre operatorios,Giovanni López Salamanca,2198.27,8,8
CDMX,Perfil pre operatorios,Jaime Antonio Hidalgo Carrera,0.0,1,1
CDMX,Perfil pre operatorios,Jairo Hernando Pedraza Pinto,0.0,4,4
CDMX,Perfil pre operatorios,Miranda Lucía Morán Morales,0.0,1,1
CDMX,Perfil pre operatorios,Ruben Gonzalez Ruiz,0.0,1,1
CDMX,Perfil pre transferencia,Alejandro Sanchez Aranda,478.0,1,1
CDMX,Perfil pre transferencia,Alma Victoria Villarreal Barranca,0.0,1,1
CDMX,Perfil pre transferencia,Armando Miguel Roque Sanchez,0.0,8,8
CDMX,Perfil pre transferencia,Eugenia Morán Orozco,478.0,108,108
CDMX,Perfil pre transferencia,Giovanni López Salamanca,0.0,51,51
CDMX,Perfil pre transferencia,Jaime Antonio Hidalgo Carrera,0.0,11,11
CDMX,Perfil pre transferencia,Jairo Hernando Pedraza Pinto,478.0,23,23
CDMX,Perfil pre transferencia,Mayela Fernandez del Campo (MEFI),1434.0,3,3
CDMX,Perfil pre transferencia,Monica Olavarria,0.0,4,4
CDMX,Perfil pre transferencia,Ruben Gonzalez Ruiz,0.0,9,9
CDMX,Perfil prenatal,Alma Victoria Villarreal Barranca,15948.3,5,5
CDMX,Perfil prenatal,Eugenia Morán Orozco,216896.88,84,84
CDMX,Perfil prenatal,Giovanni López Salamanca,81144.95,33,33
CDMX,Perfil prenatal,Jaime Antonio Hidalgo Carrera,15948.3,6,6
CDMX,Perfil prenatal,Jairo Hernando Pedraza Pinto,41465.58,17,17
CDMX,Perfil prenatal,Miranda Lucía Morán Morales,3189.66,1,1
CDMX,Perfil prenatal,Ruben Gonzalez Ruiz,12567.26,5,5
CDMX,Perfil preoperatorio básico,Eugenia Morán Orozco,1120.69,1,1
CDMX,Perfil preoperatorio básico,Giovanni López Salamanca,1120.69,1,1
CDMX,Perfil preoperatorio básico,Jaime Antonio Hidalgo Carrera,1997.41,2,2
CDMX,Perfil preparación endometrial,Alejandro Sanchez Aranda,956.0,2,2
CDMX,Perfil preparación endometrial,Alma Victoria Villarreal Barranca,0.0,1,1
CDMX,Perfil preparación endometrial,Armando Miguel Roque Sanchez,0.0,34,34
CDMX,Perfil preparación endometrial,Carlos Andres Lejtik Alva,1434.0,3,3
CDMX,Perfil preparación endometrial,Eugenia Morán Orozco,0.0,200,200
CDMX,Perfil preparación endometrial,Giovanni López Salamanca,956.0,98,98
CDMX,Perfil preparación endometrial,Jaime Antonio Hidalgo Carrera,0.0,20,20
CDMX,Perfil preparación endometrial,Jairo Hernando Pedraza Pinto,0.0,33,33
CDMX,Perfil preparación endometrial,Jose Juan Guerrero Vargas,478.0,1,1
CDMX,Perfil preparación endometrial,Mayela Fernandez del Campo (MEFI),1434.0,3,3
CDMX,Perfil preparación endometrial,Monica Olavarria,1434.0,6,6
CDMX,Perfil preparación endometrial,Ruben Gonzalez Ruiz,0.0,16,16
CDMX,Perfil seguimiento folicular,Alejandro Sanchez Aranda,11471.18,25,25
CDMX,Perfil seguimiento folicular,Alma Victoria Villarreal Barranca,0.0,39,39
CDMX,Perfil seguimiento folicular,Armando Miguel Roque Sanchez,0.0,85,85
CDMX,Perfil seguimiento folicular,Carlos Andres Lejtik Alva,0.0,2,2
CDMX,Perfil seguimiento folicular,Claudia Melina Robellada Zarate,956.0,2,2
CDMX,Perfil seguimiento folicular,Eugenia Morán Orozco,0.0,189,189
CDMX,Perfil seguimiento folicular,Giovanni López Salamanca,0.0,118,118
CDMX,Perfil seguimiento folicular,Jaime Antonio Hidalgo Carrera,0.0,68,68
CDMX,Perfil seguimiento folicular,Jairo Hernando Pedraza Pinto,0.0,100,100
CDMX,Perfil seguimiento folicular,Jorge Michel,0.0,1,1
CDMX,Perfil seguimiento folicular,María Elena González Panzzi,956.0,2,2
CDMX,Perfil seguimiento folicular,Mayela Fernandez del Campo (MEFI),956.0,2,2
CDMX,Perfil seguimiento folicular,Miranda Lucía Morán Morales,478.0,11,11
CDMX,Perfil seguimiento folicular,Monica Olavarria,1434.0,14,14
CDMX,Perfil seguimiento folicular,Monica Yazmin Olavarria Guadarrama,956.0,6,6
CDMX,Perfil seguimiento folicular,Norma Sharey Vazquez Jimenez,0.0,3,3
CDMX,Perfil seguimiento folicular,Ruben Gonzalez Ruiz,478.0,68,68
CDMX,Perfil tiroideo sin anticuerpos,(Sin asignar),2689.65,3,3
CDMX,Perfil tiroideo sin anticuerpos,Alma Victoria Villarreal Barranca,1793.1,2,2
CDMX,Perfil tiroideo sin anticuerpos,Blanca Cardenas,896.55,1,1
CDMX,Perfil tiroideo sin anticuerpos,Monica Olavarria,896.55,1,1
CDMX,Pergoveris 300 UI,Eugenia Morán Orozco,21532.0,4,4
CDMX,Pergoveris 300 UI,Jaime Antonio Hidalgo Carrera,5383.0,1,1
CDMX,Pergoveris 300 UI,Jairo Hernando Pedraza Pinto,5383.0,1,1
CDMX,Pergoveris 450 UI,Giovanni López Salamanca,7465.0,1,1
CDMX,Pergoveris 450 UI,Jaime Antonio Hidalgo Carrera,7465.0,1,1
CDMX,Pergoveris 450 UI,Ruben Gonzalez Ruiz,14477.0,4,2
CDMX,Pergoveris 900 UI,Armando Miguel Roque Sanchez,41679.0,2,3
CDMX,Pergoveris 900 UI,Eugenia Morán Orozco,211398.0,10,15
CDMX,Pergoveris 900 UI,Giovanni López Salamanca,141790.0,8,10
CDMX,Pergoveris 900 UI,Jaime Antonio Hidalgo Carrera,98395.0,4,7
CDMX,Pergoveris 900 UI,Jairo Hernando Pedraza Pinto,56716.0,3,7
CDMX,Pergoveris 900 UI,Maritza Ivett Rojas Valencia,56716.0,1,4
CDMX,Pergoveris 900 UI,Monica Olavarria,56716.0,3,4
CDMX,Pergoveris 900 UI,Ruben Gonzalez Ruiz,184327.0,10,13
CDMX,Plática de resultados incluída,Guadalupe Nolazco Beltrán,0.0,1,1
CDMX,Pre PGTM,Alejandro Sanchez Aranda,49440.52,1,1
CDMX,Preparacion endometrial y Desvitrificación,Jairo Hernando Pedraza Pinto,34482.76,1,1
CDMX,Preparación Endometrial y Desvitrificación,Eugenia Morán Orozco,34482.76,1,1
CDMX,Preparación endometrial,Eugenia Morán Orozco,34482.76,1,1
CDMX,Preparación endometrial y desvitrificación - CDMX,Armando Miguel Roque Sanchez,29310.34,1,1
CDMX,Preparación endometrial y desvitrificación - CDMX,Eugenia Morán Orozco,68965.52,2,2
CDMX,Preparación endometrial y desvitrificación - CDMX,Giovanni López Salamanca,68965.52,2,2
CDMX,Preparación endometrial y desvitrificación - CDMX,Jairo Hernando Pedraza Pinto,30172.41,1,1
CDMX,Preparación endometrial y desvitrificación - CDMX,Ruben Gonzalez Ruiz,34482.76,1,1
CDMX,Primogyn 2mg (caja c/28),Armando Miguel Roque Sanchez,16000.0,7,16
CDMX,Primogyn 2mg (caja c/28),Eugenia Morán Orozco,222200.0,86,227
CDMX,Primogyn 2mg (caja c/28),Giovanni López Salamanca,91750.0,38,95
CDMX,Primogyn 2mg (caja c/28),Jaime Antonio Hidalgo Carrera,34200.0,15,36
CDMX,Primogyn 2mg (caja c/28),Jairo Hernando Pedraza Pinto,26850.0,14,31
CDMX,Primogyn 2mg (caja c/28),José Alfonso Gutiérrez Frusch,2000.0,1,2
CDMX,Primogyn 2mg (caja c/28),Ruben Gonzalez Ruiz,38950.0,16,40
CDMX,Progesterona,Alejandro Sanchez Aranda,2327.58,6,6
CDMX,Progesterona,Alma Victoria Villarreal Barranca,775.86,2,2
CDMX,Progesterona,Armando Miguel Roque Sanchez,0.0,2,2
CDMX,Progesterona,Claudia Melina Robellada Zarate,387.93,1,1
CDMX,Progesterona,Eugenia Morán Orozco,5818.95,19,21
CDMX,Progesterona,Gerardo Armando Paladino Barquera,387.93,1,1
CDMX,Progesterona,Giovanni López Salamanca,3879.3,14,15
CDMX,Progesterona,Jaime Antonio Hidalgo Carrera,1551.72,10,10
CDMX,Progesterona,Jairo Hernando Pedraza Pinto,1551.72,8,8
CDMX,Progesterona,Jorge Michel,387.93,1,1
CDMX,Progesterona,Mayela Fernandez del Campo (MEFI),387.93,2,2
CDMX,Progesterona,Monica Olavarria,775.86,3,3
CDMX,Progesterona,Ruben Gonzalez Ruiz,1551.72,6,6
CDMX,Prolactina,(Sin asignar),775.86,2,2
CDMX,Prolactina,Alejandro Sanchez Aranda,1163.79,3,3
CDMX,Prolactina,Alma Victoria Villarreal Barranca,2327.58,6,6
CDMX,Prolactina,Armando Miguel Roque Sanchez,775.86,2,2
CDMX,Prolactina,Blanca Cardenas,387.93,1,1
CDMX,Prolactina,Carlos Andres Lejtik Alva,387.93,1,1
CDMX,Prolactina,Enfermeria,387.93,1,1
CDMX,Prolactina,Eugenia Morán Orozco,18620.64,52,52
CDMX,Prolactina,Giovanni López Salamanca,4608.62,12,12
CDMX,Prolactina,Jaime Antonio Hidalgo Carrera,775.86,2,2
CDMX,Prolactina,Jairo Hernando Pedraza Pinto,4267.23,12,12
CDMX,Prolactina,Maritza Ivett Rojas Valencia,364.66,1,1
CDMX,Prolactina,Mayela Fernandez del Campo (MEFI),387.93,1,1
CDMX,Prolactina,Miranda Lucía Morán Morales,1551.72,4,4
CDMX,Prolactina,Monica Olavarria,4267.23,12,12
CDMX,Prolactina,Ruben Gonzalez Ruiz,1551.72,4,4
CDMX,Provera 5mg,Maritza Ivett Rojas Valencia,450.0,1,1
CDMX,Química Sanguínea 28 elementos,Alejandro Sanchez Aranda,1465.52,1,1
CDMX,Química Sanguínea 28 elementos,Alma Victoria Villarreal Barranca,3663.8,3,3
CDMX,Química Sanguínea 28 elementos,Armando Miguel Roque Sanchez,11548.3,8,8
CDMX,Química Sanguínea 28 elementos,Enfermeria,1465.52,2,2
CDMX,Química Sanguínea 28 elementos,Eugenia Morán Orozco,19051.76,14,14
CDMX,Química Sanguínea 28 elementos,Giovanni López Salamanca,15944.86,12,12
CDMX,Química Sanguínea 28 elementos,Jaime Antonio Hidalgo Carrera,2931.04,2,2
CDMX,Química Sanguínea 28 elementos,Jairo Hernando Pedraza Pinto,10258.64,8,8
CDMX,Química Sanguínea 28 elementos,José Alfonso Gutiérrez Frusch,1465.52,1,1
CDMX,Química Sanguínea 28 elementos,Maritza Ivett Rojas Valencia,2931.04,2,2
CDMX,Química Sanguínea 28 elementos,Monica Olavarria,5862.08,4,4
CDMX,Química Sanguínea 28 elementos,Ruben Gonzalez Ruiz,0.0,1,1
CDMX,Química Sanguínea 29 elementos,Armando Miguel Roque Sanchez,2931.04,2,2
CDMX,Química Sanguínea 6 elementos,Armando Miguel Roque Sanchez,560.34,1,1
CDMX,Química Sanguínea 6 elementos,Eugenia Morán Orozco,560.34,1,1
CDMX,REGENESIX MAX CAPSULAS,Guadalupe Nolazco Beltrán,800.0,1,1
CDMX,REKOVELLE SOL FOR INJ 12MCG/0.36ML CON 3 AGUJA,Armando Miguel Roque Sanchez,3452.0,1,1
CDMX,REKOVELLE SOL FOR INJ 12MCG/0.36ML CON 3 AGUJA,Monica Olavarria,3750.0,1,1
CDMX,REKOVELLE SOL FOR INJ 36MCG/1.08ML CON 6 AGUJA,Alejandro Sanchez Aranda,19696.0,2,2
CDMX,REKOVELLE SOL FOR INJ 36MCG/1.08ML CON 6 AGUJA,Armando Miguel Roque Sanchez,49240.0,5,5
CDMX,REKOVELLE SOL FOR INJ 36MCG/1.08ML CON 6 AGUJA,Jairo Hernando Pedraza Pinto,9848.0,1,1
CDMX,REKOVELLE SOL FOR INJ 36MCG/1.08ML CON 6 AGUJA,Miranda Lucía Morán Morales,9848.0,1,1
CDMX,REKOVELLE SOL FOR INJ 36MCG/1.08ML CON 6 AGUJA,Monica Olavarria,19696.0,2,2
CDMX,REKOVELLE SOL FOR INJ 72MCG/2.16ML CON 9 AGUJA,Alejandro Sanchez Aranda,57516.0,3,3
CDMX,REKOVELLE SOL FOR INJ 72MCG/2.16ML CON 9 AGUJA,Armando Miguel Roque Sanchez,74508.0,4,4
CDMX,REKOVELLE SOL FOR INJ 72MCG/2.16ML CON 9 AGUJA,Jairo Hernando Pedraza Pinto,75816.0,4,4
CDMX,REKOVELLE SOL FOR INJ 72MCG/2.16ML CON 9 AGUJA,Miranda Lucía Morán Morales,36600.0,2,2
CDMX,REKOVELLE SOL FOR INJ 72MCG/2.16ML CON 9 AGUJA,Monica Olavarria,37908.0,2,2
CDMX,Rekovelle 36 mcg,Alejandro Sanchez Aranda,9848.0,1,1
CDMX,Rekovelle 72 mcg,Alejandro Sanchez Aranda,19608.0,1,1
CDMX,Rekovelle 72 mcg,Monica Olavarria,19608.0,1,1
CDMX,Retiro de DIU,Alma Victoria Villarreal Barranca,1293.1,1,1
CDMX,Retiro de DIU,Eugenia Morán Orozco,1293.1,1,1
CDMX,Retiro de DIU,Ruben Gonzalez Ruiz,1293.1,1,1
CDMX,SERVICIO DUPLICADO,Eugenia Morán Orozco,0.0,1,1
CDMX,SERVICIO DUPLICADO,Jaime Antonio Hidalgo Carrera,0.0,1,1
CDMX,SERVICIO MAL CARGADO,Eugenia Morán Orozco,0.0,1,9
CDMX,SERVICIO NO DADO,Ruben Gonzalez Ruiz,0.0,1,1
CDMX,SUPLEMENTO - FORCELL DUO,(Sin asignar),1131.0,1,1
CDMX,SUPLEMENTO - FORCELL DUO,Alejandro Sanchez Aranda,3393.0,2,3
CDMX,SUPLEMENTO - FORCELL DUO,Armando Miguel Roque Sanchez,12305.28,11,11
CDMX,SUPLEMENTO - FORCELL DUO,José Alfonso Gutiérrez Frusch,2262.0,2,2
CDMX,SUPLEMENTO - FORCELL DUO,Miranda Lucía Morán Morales,1131.0,1,1
CDMX,SUPLEMENTO - FORCELL DUO,Monica Olavarria,2262.0,2,2
CDMX,SUPLEMENTO - FORCELL FEM,(Sin asignar),895.0,1,1
CDMX,SUPLEMENTO - FORCELL FEM,Alejandro Sanchez Aranda,1790.0,1,2
CDMX,SUPLEMENTO - FORCELL FEM,Alma Victoria Villarreal Barranca,1790.0,1,2
CDMX,SUPLEMENTO - FORCELL FEM,Armando Miguel Roque Sanchez,8001.3,9,9
CDMX,SUPLEMENTO - FORCELL FEM,José Alfonso Gutiérrez Frusch,895.0,1,1
CDMX,SUPLEMENTO - FORCELL FEM,Miranda Lucía Morán Morales,895.0,1,1
CDMX,SUPLEMENTO - FORCELL FEM,Monica Olavarria,1790.0,2,2
CDMX,SUPLEMENTO - FORCELL MEN,(Sin asignar),2362.0,1,1
CDMX,SUPLEMENTO - FORCELL MEN,Armando Miguel Roque Sanchez,21258.0,9,9
CDMX,SUPLEMENTO - FORCELL MEN,José Alfonso Gutiérrez Frusch,4724.0,2,2
CDMX,Sedación (Anestesia),Alma Victoria Villarreal Barranca,10000.0,1,1
CDMX,Servicios Administrativos,Alejandro Sanchez Aranda,2586.21,1,1
CDMX,Servicios Administrativos,Carlos Parra,0.0,2,0
CDMX,Servicios Administrativos,Claudia Melina Robellada Zarate,3275.87,2,2
CDMX,Servicios Administrativos,Fatima Giron Ávila,431.03,1,1
CDMX,Servicios Administrativos,Gerardo Armando Paladino Barquera,0.0,1,1
CDMX,Servicios Administrativos,Griselda Reyes Torres,2586.21,1,1
CDMX,Servicios Administrativos,Miranda Lucía Morán Morales,1596.52,1,1
CDMX,Servicios Administrativos,Monica Olavarria,10874.14,1,1
CDMX,Sesión de Acupuntura - CDMX,(Sin asignar),1551.72,1,1
CDMX,Sesión de Acupuntura - CDMX,Alma Victoria Villarreal Barranca,2917.24,3,3
CDMX,Sesión de Acupuntura - CDMX,Andres Soot,1551.72,1,1
CDMX,Sesión de Acupuntura - CDMX,Armando Miguel Roque Sanchez,4655.16,11,11
CDMX,Sesión de Acupuntura - CDMX,Eugenia Morán Orozco,2198.27,33,33
CDMX,Sesión de Acupuntura - CDMX,Giovanni López Salamanca,1551.72,32,32
CDMX,Sesión de Acupuntura - CDMX,Guadalupe Nolazco Beltrán,0.0,1,1
CDMX,Sesión de Acupuntura - CDMX,Jaime Antonio Hidalgo Carrera,6206.88,15,15
CDMX,Sesión de Acupuntura - CDMX,Jairo Hernando Pedraza Pinto,1551.72,14,15
CDMX,Sesión de Acupuntura - CDMX,José Alfonso Gutiérrez Frusch,0.0,4,4
CDMX,Sesión de Acupuntura - CDMX,Mayela Fernandez del Campo (MEFI),1551.72,2,2
CDMX,Sesión de Acupuntura - CDMX,Monica Olavarria,1379.31,2,2
CDMX,Sesión de Acupuntura - CDMX,Norma Sharey Vazquez Jimenez,0.0,2,2
CDMX,Sesión de Acupuntura - CDMX,Ruben Gonzalez Ruiz,1551.72,9,9
CDMX,Sesión de Acupuntura Incluída,Jaime Antonio Hidalgo Carrera,0.0,1,1
CDMX,Sesión de Masaje - CDMX,Eugenia Morán Orozco,1551.72,2,2
CDMX,Sesión de Masaje - CDMX,Giovanni López Salamanca,0.0,1,1
CDMX,Sesión de Masaje - CDMX,Jaime Antonio Hidalgo Carrera,0.0,1,1
CDMX,Sesión de Masaje - CDMX,José Alfonso Gutiérrez Frusch,0.0,1,1
CDMX,Subunidad beta cuantitativa,Armando Miguel Roque Sanchez,1422.42,16,16
CDMX,Subunidad beta cuantitativa,Carlos Andres Lejtik Alva,948.28,2,2
CDMX,Subunidad beta cuantitativa,Claudia Melina Robellada Zarate,948.28,2,2
CDMX,Subunidad beta cuantitativa,Eugenia Morán Orozco,13750.06,199,199
CDMX,Subunidad beta cuantitativa,Giovanni López Salamanca,1422.42,72,72
CDMX,Subunidad beta cuantitativa,Jaime Antonio Hidalgo Carrera,0.0,20,20
CDMX,Subunidad beta cuantitativa,Jairo Hernando Pedraza Pinto,2370.7,40,40
CDMX,Subunidad beta cuantitativa,Jorge Manuel Rodriguez Purata,474.14,1,1
CDMX,Subunidad beta cuantitativa,José Alfonso Gutiérrez Frusch,0.0,1,1
CDMX,Subunidad beta cuantitativa,Monica Olavarria,0.0,4,4
CDMX,Subunidad beta cuantitativa,Ruben Gonzalez Ruiz,948.28,18,18
CDMX,Suplemento Forcel Duo,Armando Miguel Roque Sanchez,6786.0,6,6
CDMX,Suplemento Forcel Fem,Armando Miguel Roque Sanchez,6265.0,6,7
CDMX,Suplemento Forcel Men,Armando Miguel Roque Sanchez,11810.0,5,5
CDMX,T4 - Libre,Armando Miguel Roque Sanchez,551.72,2,2
CDMX,T4 - Libre,Eugenia Morán Orozco,551.72,3,3
CDMX,T4 - Libre,Jairo Hernando Pedraza Pinto,1103.44,6,6
CDMX,T4 - Libre,Miranda Lucía Morán Morales,551.72,2,2
CDMX,T4 - Total,Armando Miguel Roque Sanchez,275.86,1,1
CDMX,TSH,Alejandro Sanchez Aranda,387.93,1,1
CDMX,TSH,Alma Victoria Villarreal Barranca,1939.65,5,5
CDMX,TSH,Armando Miguel Roque Sanchez,1939.65,6,6
CDMX,TSH,Eugenia Morán Orozco,6594.81,23,23
CDMX,TSH,Giovanni López Salamanca,5772.41,18,18
CDMX,TSH,Jairo Hernando Pedraza Pinto,3491.37,10,10
CDMX,TSH,Maritza Ivett Rojas Valencia,364.66,1,1
CDMX,TSH,Miranda Lucía Morán Morales,1163.79,3,3
CDMX,TSH,Monica Yazmin Olavarria Guadarrama,0.0,1,1
CDMX,TSH,Ruben Gonzalez Ruiz,1163.79,3,3
CDMX,Tarjeta RI Witness,Edith Cervantes Guerrero,405.17,1,1
CDMX,Tarjeta RI Witness,Eugenia Morán Orozco,431.03,1,1
CDMX,Tarjeta RI Witness,Giovanni López Salamanca,431.03,1,1
CDMX,Tarjeta RI Witness,Maritza Ivett Rojas Valencia,405.17,1,1
CDMX,Tarjeta Ri Witness,José Manuel Lozano Sánchez,431.03,1,1
CDMX,Terapia individual incluida,Eugenia Morán Orozco,0.0,2,2
CDMX,Terapia individual incluida,Fatima Giron Ávila,0.0,1,1
CDMX,Test genetico de restos fetales (poc),Giovanni López Salamanca,22464.66,1,1
CDMX,Testosterona Libre,Jaime Antonio Hidalgo Carrera,1077.59,1,1
CDMX,Testosterona Libre,Jairo Hernando Pedraza Pinto,1077.59,1,1
CDMX,Testosterona Total,(Sin asignar),275.86,1,1
CDMX,Testosterona Total,Eugenia Morán Orozco,275.86,1,1
CDMX,Testosterona Total,Gerardo Armando Paladino Barquera,1077.59,1,1
CDMX,Testosterona Total,Giovanni López Salamanca,551.72,2,2
CDMX,Testosterona Total,Griselda Reyes Torres,275.86,1,1
CDMX,Testosterona Total,Jaime Antonio Hidalgo Carrera,551.72,2,2
CDMX,Testosterona Total,Miranda Lucía Morán Morales,275.86,1,1
CDMX,Testosterona Total,Monica Olavarria,2206.88,8,8
CDMX,Testosterona Total y Testosterona Libre,(Sin asignar),1637.94,2,2
CDMX,Testosterona Total y Testosterona Libre,Armando Miguel Roque Sanchez,818.97,1,1
CDMX,Testosterona Total y Testosterona Libre,Jaime Antonio Hidalgo Carrera,1637.94,2,2
CDMX,Testosterona Total y Testosterona Libre,Miranda Lucía Morán Morales,1637.94,2,2
CDMX,Tiempos de Coagulación,(Sin asignar),905.17,1,1
CDMX,Tiempos de Coagulación,Alejandro Sanchez Aranda,1810.34,2,2
CDMX,Tiempos de Coagulación,Alma Victoria Villarreal Barranca,905.17,4,4
CDMX,Tiempos de Coagulación,Armando Miguel Roque Sanchez,2715.51,25,25
CDMX,Tiempos de Coagulación,Carlos Andres Lejtik Alva,905.17,1,1
CDMX,Tiempos de Coagulación,Eugenia Morán Orozco,3008.61,53,53
CDMX,Tiempos de Coagulación,Gerardo Armando Paladino Barquera,1810.34,2,2
CDMX,Tiempos de Coagulación,Giovanni López Salamanca,2961.2,31,31
CDMX,Tiempos de Coagulación,Jaime Antonio Hidalgo Carrera,905.17,20,20
CDMX,Tiempos de Coagulación,Jairo Hernando Pedraza Pinto,1810.34,31,31
CDMX,Tiempos de Coagulación,Maritza Ivett Rojas Valencia,1810.34,2,2
CDMX,Tiempos de Coagulación,María Elena González Panzzi,1810.34,2,2
CDMX,Tiempos de Coagulación,María de los Ángeles Flores Manzur,1810.34,3,3
CDMX,Tiempos de Coagulación,Miranda Lucía Morán Morales,0.0,1,1
CDMX,Tiempos de Coagulación,Monica Olavarria,0.0,5,5
CDMX,Tiempos de Coagulación,Monica Yazmin Olavarria Guadarrama,905.17,2,2
CDMX,Tiempos de Coagulación,Norma Sharey Vazquez Jimenez,0.0,1,1
CDMX,Tiempos de Coagulación,Ruben Gonzalez Ruiz,3015.07,25,25
CDMX,Transferencia CDMX,Giovanni López Salamanca,6896.55,1,1
CDMX,Transferencia embrionaria - CDMX,Eugenia Morán Orozco,12500.0,1,1
CDMX,Transferencia embrionaria - CDMX,Melissa Itzel Villagomez Aleman,11206.9,1,1
CDMX,Transferencia en fresco CDMX - GDL - MET,Armando Miguel Roque Sanchez,9913.79,1,1
CDMX,Transferencia en fresco CDMX - GDL - MET,Eugenia Morán Orozco,12931.03,1,1
CDMX,Traslado de gametos locales,Alejandro Sanchez Aranda,2000.0,1,1
CDMX,Traslado de gametos locales,Amaranta Paulina Martinez Alvarado,2586.21,1,1
CDMX,Traslado de gametos locales,Armando Miguel Roque Sanchez,5172.42,2,2
CDMX,Traslado de gametos locales,Edith Cervantes Guerrero,2000.0,1,1
CDMX,Traslado de gametos locales,Eugenia Morán Orozco,2586.21,1,1
CDMX,Traslado de gametos locales,Gerardo Armando Paladino Barquera,1724.14,1,1
CDMX,Traslado de gametos locales,Giovanni López Salamanca,7172.42,4,4
CDMX,Traslado de gametos locales,José Manuel Lozano Sánchez,2000.0,1,1
CDMX,Traslado de gametos locales,Ruben Gonzalez Ruiz,3965.55,2,2
CDMX,Traslado de gametos nacional,Giovanni López Salamanca,30172.4,3,3
CDMX,Traslado de gametos nacional,Jose Juan Guerrero Vargas,12931.03,1,1
CDMX,Traslado de gametos nacional,Maritza Ivett Rojas Valencia,12931.03,1,1
CDMX,Traslado de gametos nacional,Melissa Itzel Villagomez Aleman,12931.03,1,1
CDMX,Traslado de gametos nacional,Monica Olavarria,12931.03,1,1
CDMX,UTROGESTAN 200 MG 14 CÁPSULAS,Alejandro Sanchez Aranda,4900.0,4,7
CDMX,UTROGESTAN 200 MG 14 CÁPSULAS,Alma Victoria Villarreal Barranca,3500.0,3,5
CDMX,UTROGESTAN 200 MG 14 CÁPSULAS,Armando Miguel Roque Sanchez,70574.0,27,101
CDMX,UTROGESTAN 200 MG 14 CÁPSULAS,Eugenia Morán Orozco,675500.0,286,972
CDMX,UTROGESTAN 200 MG 14 CÁPSULAS,Giovanni López Salamanca,250180.0,119,362
CDMX,UTROGESTAN 200 MG 14 CÁPSULAS,Guadalupe Nolazco Beltrán,700.0,1,1
CDMX,UTROGESTAN 200 MG 14 CÁPSULAS,Jaime Antonio Hidalgo Carrera,67200.0,27,99
CDMX,UTROGESTAN 200 MG 14 CÁPSULAS,Jairo Hernando Pedraza Pinto,109200.0,47,160
CDMX,UTROGESTAN 200 MG 14 CÁPSULAS,Mayella Fernández del Campo,0.0,1,2
CDMX,UTROGESTAN 200 MG 14 CÁPSULAS,Miranda Lucía Morán Morales,1400.0,1,2
CDMX,UTROGESTAN 200 MG 14 CÁPSULAS,Monica Olavarria,1400.0,1,2
CDMX,UTROGESTAN 200 MG 14 CÁPSULAS,Ruben Gonzalez Ruiz,35574.0,15,51
CDMX,UTrogestan 200 mg,Aline Yunuen García Cortes,2800.0,1,4
CDMX,UTrogestan 200 mg,Armando Miguel Roque Sanchez,4750.0,4,7
CDMX,UTrogestan 200 mg,Eugenia Morán Orozco,168950.0,75,253
CDMX,UTrogestan 200 mg,Giovanni López Salamanca,68816.0,33,104
CDMX,UTrogestan 200 mg,Jaime Antonio Hidalgo Carrera,20100.0,9,30
CDMX,UTrogestan 200 mg,Jairo Hernando Pedraza Pinto,18250.0,10,27
CDMX,UTrogestan 200 mg,José Alfonso Gutiérrez Frusch,1300.0,1,2
CDMX,UTrogestan 200 mg,Ruben Gonzalez Ruiz,28950.0,13,43
CDMX,Ultrasonido,(Sin asignar),1551.72,1,1
CDMX,Ultrasonido,Alejandro Sanchez Aranda,60775.7,47,47
CDMX,Ultrasonido,Alma Victoria Villarreal Barranca,11637.9,9,9
CDMX,Ultrasonido,Areli Sánchez,1293.1,1,1
CDMX,Ultrasonido,Armando Miguel Roque Sanchez,64655.0,51,51
CDMX,Ultrasonido,Carlos Andres Lejtik Alva,1293.1,1,1
CDMX,Ultrasonido,Carlos Parra,1293.1,1,1
CDMX,Ultrasonido,Claudia Melina Robellada Zarate,10344.8,8,8
CDMX,Ultrasonido,Eugenia Morán Orozco,59482.61,45,47
CDMX,Ultrasonido,Giovanni López Salamanca,38793.02,26,30
CDMX,Ultrasonido,Jaime Antonio Hidalgo Carrera,5172.41,3,4
CDMX,Ultrasonido,Jairo Hernando Pedraza Pinto,6465.5,5,5
CDMX,Ultrasonido,José Alfonso Gutiérrez Frusch,1293.1,1,1
CDMX,Ultrasonido,María de los Ángeles Flores Manzur,1293.1,1,1
CDMX,Ultrasonido,Mayela Fernandez del Campo (MEFI),560.34,1,1
CDMX,Ultrasonido,Miranda Lucía Morán Morales,7758.61,4,6
CDMX,Ultrasonido,Monica Olavarria,21982.7,18,18
CDMX,Ultrasonido,Monica Yazmin Olavarria Guadarrama,1293.1,1,1
CDMX,Ultrasonido,Norma Sharey Vazquez Jimenez,1293.1,1,1
CDMX,Ultrasonido,Ruben Gonzalez Ruiz,14224.1,11,11
CDMX,Ultrasonido incluído,Eugenia Morán Orozco,0.0,4,8
CDMX,Ultrasonido incluído,Giovanni López Salamanca,0.0,5,6
CDMX,Ultrasonido incluído,Jairo Hernando Pedraza Pinto,0.0,2,2
CDMX,Ultrasonido incluído,Monica Olavarria,0.0,1,1
CDMX,Urocultivo,Armando Miguel Roque Sanchez,818.97,1,1
CDMX,Urocultivo,Eugenia Morán Orozco,16379.4,21,21
CDMX,Urocultivo,Giovanni López Salamanca,6551.76,8,8
CDMX,Urocultivo,Jaime Antonio Hidalgo Carrera,818.97,1,1
CDMX,Urocultivo,Jairo Hernando Pedraza Pinto,4913.82,7,7
CDMX,Urocultivo,Monica Olavarria,818.97,1,1
CDMX,Urocultivo,Ruben Gonzalez Ruiz,818.97,1,1
CDMX,Uso de Quirófano,Alma Victoria Villarreal Barranca,8620.69,1,1
CDMX,Uso de consultorio1hr con US,Alejandro Sanchez Aranda,2241.37,3,4
CDMX,Uso de consultorio1hr con US,Carlos Andres Lejtik Alva,560.34,1,1
CDMX,Uso de consultorio1hr con US,Claudia Melina Robellada Zarate,560.34,1,1
CDMX,Uso de consultorio1hr con US,Jose Juan Guerrero Vargas,1120.68,2,2
CDMX,Uso de consultorio1hr con US,Mayela Fernandez del Campo (MEFI),560.34,1,1
CDMX,Uso de consultorio1hr con US,Perla Guadalupe Guzman Diaz,1120.68,2,2
CDMX,VDRL,Armando Miguel Roque Sanchez,387.93,1,1
CDMX,VDRL,Eugenia Morán Orozco,775.86,4,4
CDMX,VDRL,Giovanni López Salamanca,752.59,2,2
CDMX,VDRL,Griselda Reyes Torres,387.93,1,1
CDMX,VDRL,Jaime Antonio Hidalgo Carrera,387.93,1,1
CDMX,VDRL,Jairo Hernando Pedraza Pinto,0.0,2,2
CDMX,VIH 1 y 2,Armando Miguel Roque Sanchez,689.66,1,1
CDMX,VIH 1 y 2,Giovanni López Salamanca,689.66,2,2
CDMX,Valoración donadora,(Sin asignar),1422.41,1,1
CDMX,Valoración donadora online,Eugenia Morán Orozco,1120.69,1,1
CDMX,Valoración subrogada,Alma Victoria Villarreal Barranca,1422.41,1,1
CDMX,Valoración subrogada,Armando Miguel Roque Sanchez,1422.41,1,1
CDMX,Valoración subrogada,Eugenia Morán Orozco,28448.2,21,21
CDMX,Valoración subrogada,Giovanni López Salamanca,15646.51,12,12
CDMX,Valoración subrogada,Jaime Antonio Hidalgo Carrera,4267.23,3,3
CDMX,Valoración subrogada,Jairo Hernando Pedraza Pinto,4267.23,3,3
CDMX,Valoración subrogada,Miranda Lucía Morán Morales,1422.41,1,1
CDMX,Valoración subrogada,Ruben Gonzalez Ruiz,4267.23,3,3
CDMX,Vitamina B-12,Alejandro Sanchez Aranda,517.24,1,1
CDMX,Vitamina B-12,Alma Victoria Villarreal Barranca,486.21,1,1
CDMX,Vitamina B-12,Giovanni López Salamanca,1034.48,2,2
CDMX,Vitamina B-12,Jairo Hernando Pedraza Pinto,517.24,1,1
CDMX,Vitamina C,Giovanni López Salamanca,2025.86,1,1
CDMX,Vitamina D,Alma Victoria Villarreal Barranca,1296.55,1,1
CDMX,Vitamina D,Armando Miguel Roque Sanchez,1379.31,1,1
CDMX,Vitamina D,Enfermeria,1379.31,1,1
CDMX,Vitamina D,Eugenia Morán Orozco,6896.55,7,7
CDMX,Vitamina D,Giovanni López Salamanca,1379.31,1,1
CDMX,Vitamina D,Jairo Hernando Pedraza Pinto,1379.31,2,2
CDMX,Vitamina D,Maritza Ivett Rojas Valencia,1379.31,1,1
CDMX,Vitamina D,Miranda Lucía Morán Morales,4137.93,3,3
CDMX,Vitamina D,Monica Olavarria,1379.31,1,1
CDMX,Vitamina D,Ruben Gonzalez Ruiz,1379.31,2,2
CDMX,"Vitamina D 1,25-di-hidroxi colecalciferol (Con D3)",Alejandro Sanchez Aranda,2758.62,1,1
CDMX,"Vitamina D 1,25-di-hidroxi colecalciferol (Con D3)",Alma Victoria Villarreal Barranca,0.0,1,1
CDMX,"Vitamina D 1,25-di-hidroxi colecalciferol (Con D3)",Armando Miguel Roque Sanchez,2025.86,1,1
CDMX,"Vitamina D 1,25-di-hidroxi colecalciferol (Con D3)",Blanca Cardenas,2758.62,1,1
CDMX,"Vitamina D 1,25-di-hidroxi colecalciferol (Con D3)",Enfermeria,4784.48,2,2
CDMX,"Vitamina D 1,25-di-hidroxi colecalciferol (Con D3)",Eugenia Morán Orozco,21163.78,10,10
CDMX,"Vitamina D 1,25-di-hidroxi colecalciferol (Con D3)",Giovanni López Salamanca,5431.03,3,3
CDMX,"Vitamina D 1,25-di-hidroxi colecalciferol (Con D3)",Jaime Antonio Hidalgo Carrera,2025.86,1,1
CDMX,"Vitamina D 1,25-di-hidroxi colecalciferol (Con D3)",Jairo Hernando Pedraza Pinto,3405.17,2,2
CDMX,"Vitamina D 1,25-di-hidroxi colecalciferol (Con D3)",Maritza Ivett Rojas Valencia,2025.86,1,1
CDMX,"Vitamina D 1,25-di-hidroxi colecalciferol (Con D3)",Monica Olavarria,7543.1,3,3
CDMX,"Vitamina D 1,25-di-hidroxi colecalciferol (Con D3)",Ruben Gonzalez Ruiz,4784.48,2,2
CDMX,Vitrificación,Gerardo Armando Paladino Barquera,6551.72,1,1
CDMX,Vitrificación de óvulos/embriones - CDMX,Eugenia Morán Orozco,50948.28,3,3
CDMX,Vitrificación de óvulos/embriones - CDMX,Giovanni López Salamanca,31418.1,2,2
CDMX,Vitrificación de óvulos/embriones - CDMX,Jairo Hernando Pedraza Pinto,0.0,1,1
CDMX,Vitrificación de óvulos/embriones - CDMX,Ruben Gonzalez Ruiz,16982.76,1,1
CDMX,[EX-FET] Transferencia de Embrión Congelado CDMX,Gisela Cuevas Velasco,31034.48,2,2
CDMX,[EX-FET] Transferencia de Embrión Congelado CDMX,José Manuel Lozano Sánchez,13189.66,1,1
CDMX,[EX-FET] Transferencia de Embrión Congelado CDMX,Monica Yazmin Olavarria Guadarrama,13189.66,1,1
CDMX,[EX] Anualidad Crio de Óvulos y Embriones,Fabiola del Carmen Brito Sandoval,4310.34,1,1
CDMX,[EX] Anualidad Criopreservación Semen,Alejandro Kava Braveman,3018.0,1,1
CDMX,[EX] Anualidad Criopreservación Semen,Armando Miguel Roque Sanchez,4310.34,1,1
CDMX,[EX] Anualidad Criopreservación de  Embriones,Melissa Itzel Villagomez Aleman,4310.34,1,1
CDMX,[EX] Banco de donador de semen internacional - Disponibilidad 48 - 72 hrs CDMX,Gisela Cuevas Velasco,21551.72,1,1
CDMX,[EX] Banco de óvulo donadora nacional x óvulo - Disponibilidad 48 - 72 hrs CDMX,Monica Olavarria,75000.0,1,6
CDMX,[EX] Biopsia testicular para FIV/ ICSI,Griselda Reyes Torres,13793.1,1,1
CDMX,[EX] Biopsia testicular para FIV/ ICSI,Laura Esmeralda Gonzalez Lopez,13793.1,1,1
CDMX,[EX] Biopsia testicular para FIV/ ICSI,Monica Olavarria,13793.1,1,1
CDMX,[EX] Captura + Fertilización + VItrificación (Embryo Freezing) CDMX,Alejandro Sanchez Aranda,30301.72,1,1
CDMX,[EX] Captura + Fertilización + VItrificación (Embryo Freezing) CDMX,Aline Yunuen García Cortes,27112.07,1,1
CDMX,[EX] Captura + Fertilización + VItrificación (Embryo Freezing) CDMX,Fabiola del Carmen Brito Sandoval,0.0,1,1
CDMX,[EX] Captura + Fertilización + VItrificación (Embryo Freezing) CDMX,Gerardo Armando Paladino Barquera,27152.58,1,1
CDMX,[EX] Captura + Fertilización + VItrificación (Embryo Freezing) CDMX,Gisela Cuevas Velasco,59008.62,2,2
CDMX,[EX] Captura + Fertilización + VItrificación (Embryo Freezing) CDMX,Juan Andreas Mejicanos Quiñones,27112.07,1,1
CDMX,[EX] Captura + Fertilización + VItrificación (Embryo Freezing) CDMX,Maritza Ivett Rojas Valencia,27112.07,1,1
CDMX,[EX] Captura + Fertilización + VItrificación (Embryo Freezing) CDMX,Monica Olavarria,27112.07,1,1
CDMX,[EX] Captura + fertilización CDMX,Adriana Galvan Luna,25000.0,1,1
CDMX,[EX] Captura + fertilización CDMX,Alejandro Kava Braveman,72500.0,3,3
CDMX,[EX] Captura + fertilización CDMX,Alejandro Sanchez Aranda,196250.0,8,8
CDMX,[EX] Captura + fertilización CDMX,Aline Yunuen García Cortes,100000.0,4,4
CDMX,[EX] Captura + fertilización CDMX,Arely Peña Garcia,12500.0,1,1
CDMX,[EX] Captura + fertilización CDMX,Brenda Sanchez Ramirez,12500.0,1,1
CDMX,[EX] Captura + fertilización CDMX,Cintia Mejia Garcia,22500.0,1,1
CDMX,[EX] Captura + fertilización CDMX,Cintia Mejía García,35000.0,2,2
CDMX,[EX] Captura + fertilización CDMX,Claudia Melina Robellada Zarate,25000.0,1,1
CDMX,[EX] Captura + fertilización CDMX,Edith Cervantes Guerrero,121250.0,5,5
CDMX,[EX] Captura + fertilización CDMX,Enrique Reyes Muñoz,75000.0,3,3
CDMX,[EX] Captura + fertilización CDMX,Fabian Ricardo Castañeda Bochm,50000.0,2,2
CDMX,[EX] Captura + fertilización CDMX,Fabiola del Carmen Brito Sandoval,21135.25,1,1
CDMX,[EX] Captura + fertilización CDMX,Fatima Giron Ávila,92500.0,4,4
CDMX,[EX] Captura + fertilización CDMX,Gerardo Armando Paladino Barquera,247306.38,11,11
CDMX,[EX] Captura + fertilización CDMX,Gisela Cuevas Velasco,25000.0,1,1
CDMX,[EX] Captura + fertilización CDMX,Griselda Reyes Torres,216497.32,9,9
CDMX,[EX] Captura + fertilización CDMX,Jefsi Argelia Leon Dominguez,121250.0,5,5
CDMX,[EX] Captura + fertilización CDMX,Jose Juan Guerrero Vargas,47500.0,3,3
CDMX,[EX] Captura + fertilización CDMX,José Manuel Lozano Sánchez,146250.0,6,6
CDMX,[EX] Captura + fertilización CDMX,Juan Andreas Mejicanos Quiñones,22500.0,1,1
CDMX,[EX] Captura + fertilización CDMX,Laura Esmeralda Gonzalez Lopez,46281.75,3,3
CDMX,[EX] Captura + fertilización CDMX,Lilia Berenice Leyva Macias,110000.0,5,5
CDMX,[EX] Captura + fertilización CDMX,Maritza Ivett Rojas Valencia,47500.0,2,2
CDMX,[EX] Captura + fertilización CDMX,Marlene Lizbeth Zamora Ramirez,65172.43,3,3
CDMX,[EX] Captura + fertilización CDMX,María Elena González Panzzi,50000.0,2,2
CDMX,[EX] Captura + fertilización CDMX,María de los Ángeles Flores Manzur,96250.0,4,4
CDMX,[EX] Captura + fertilización CDMX,Mayela Fernandez del Campo (MEFI),25000.0,1,1
CDMX,[EX] Captura + fertilización CDMX,Melissa Itzel Villagomez Aleman,46250.0,2,2
CDMX,[EX] Captura + fertilización CDMX,Miguel Ángel Martínez Enríquez,21250.0,1,1
CDMX,[EX] Captura + fertilización CDMX,Monica Olavarria,220000.0,9,9
CDMX,[EX] Captura + fertilización CDMX,Monica Yazmin Olavarria Guadarrama,50000.0,2,2
CDMX,[EX] Captura + fertilización CDMX,Perla del Rocio Baca Olivoo,25000.0,1,1
CDMX,[EX] Captura CDMX,Cintia Mejia Garcia,17068.97,1,1
CDMX,[EX] Captura CDMX,Gerardo Armando Paladino Barquera,9482.76,1,1
CDMX,[EX] Captura CDMX,Jose Juan Guerrero Vargas,13275.86,1,1
CDMX,[EX] Captura CDMX,José Manuel Lozano Sánchez,18965.52,1,1
CDMX,[EX] Captura CDMX,Oliver Paul Cruz Orozco,13275.86,1,1
CDMX,[EX] Captura sin recuperación CDMX,Alejandro Sanchez Aranda,16810.34,1,1
CDMX,[EX] Captura sin recuperación CDMX,Fatima Giron Ávila,16810.34,1,1
CDMX,[EX] Captura sin recuperación CDMX,Gerardo Armando Paladino Barquera,16810.34,1,1
CDMX,[EX] Captura sin recuperación CDMX,Griselda Reyes Torres,16810.34,1,1
CDMX,[EX] Captura+ Vitrificacion de ovocitos CDMX,Adriana Galvan Luna,51724.14,2,2
CDMX,[EX] Captura+ Vitrificacion de ovocitos CDMX,Alejandro Sanchez Aranda,152586.22,6,6
CDMX,[EX] Captura+ Vitrificacion de ovocitos CDMX,Areli Sánchez,25862.07,1,1
CDMX,[EX] Captura+ Vitrificacion de ovocitos CDMX,Carlos Andres Lejtik Alva,21982.76,1,1
CDMX,[EX] Captura+ Vitrificacion de ovocitos CDMX,Claudia Melina Robellada Zarate,51724.14,2,2
CDMX,[EX] Captura+ Vitrificacion de ovocitos CDMX,Edith Cervantes Guerrero,95755.34,4,4
CDMX,[EX] Captura+ Vitrificacion de ovocitos CDMX,Fabian Ricardo Castañeda Bochm,49137.93,2,2
CDMX,[EX] Captura+ Vitrificacion de ovocitos CDMX,Fabiola del Carmen Brito Sandoval,112143.88,5,5
CDMX,[EX] Captura+ Vitrificacion de ovocitos CDMX,Gerardo Armando Paladino Barquera,276769.65,12,12
CDMX,[EX] Captura+ Vitrificacion de ovocitos CDMX,Gisela Cuevas Velasco,25862.07,1,1
CDMX,[EX] Captura+ Vitrificacion de ovocitos CDMX,Griselda Reyes Torres,331734.04,14,14
CDMX,[EX] Captura+ Vitrificacion de ovocitos CDMX,Jefsi Argelia Leon Dominguez,25862.07,1,1
CDMX,[EX] Captura+ Vitrificacion de ovocitos CDMX,Jorge Manuel Rodriguez Purata,25862.07,1,1
CDMX,[EX] Captura+ Vitrificacion de ovocitos CDMX,Laura Esmeralda Gonzalez Lopez,22015.6,1,1
CDMX,[EX] Captura+ Vitrificacion de ovocitos CDMX,Lilia Berenice Leyva Macias,12931.03,1,1
CDMX,[EX] Captura+ Vitrificacion de ovocitos CDMX,Marlene Lizbeth Zamora Ramirez,49612.09,2,2
CDMX,[EX] Captura+ Vitrificacion de ovocitos CDMX,María de los Ángeles Flores Manzur,51724.14,2,2
CDMX,[EX] Captura+ Vitrificacion de ovocitos CDMX,Melissa Itzel Villagomez Aleman,51724.14,2,2
CDMX,[EX] Captura+ Vitrificacion de ovocitos CDMX,Monica Olavarria,97413.8,4,4
CDMX,[EX] Captura+ Vitrificacion de ovocitos CDMX,Monica Yazmin Olavarria Guadarrama,51724.14,2,2
CDMX,[EX] Congelamiento de semen (1 depósito),Fatima Giron Ávila,4310.34,1,1
CDMX,[EX] Desvitrificación CDMX,Amaranta Paulina Martinez Alvarado,7931.03,1,1
CDMX,[EX] Desvitrificación CDMX,Carlos Andres Lejtik Alva,7931.03,1,1
CDMX,[EX] Desvitrificación CDMX,Edith Cervantes Guerrero,7931.03,1,1
CDMX,[EX] Desvitrificación CDMX,Fabiola del Carmen Brito Sandoval,10153.26,2,2
CDMX,[EX] Desvitrificación CDMX,Gerardo Armando Paladino Barquera,27439.19,5,5
CDMX,[EX] Desvitrificación CDMX,Gisela Cuevas Velasco,7931.03,1,1
CDMX,[EX] Desvitrificación CDMX,Griselda Reyes Torres,15862.06,2,2
CDMX,[EX] Desvitrificación CDMX,José Manuel Lozano Sánchez,7931.03,1,1
CDMX,[EX] Desvitrificación CDMX,Laura Esmeralda Gonzalez Lopez,6751.45,2,2
CDMX,[EX] Desvitrificación CDMX,Liat Levy Mitrani,6594.83,1,1
CDMX,[EX] Desvitrificación CDMX,María Elena González Panzzi,7931.03,1,1
CDMX,[EX] Desvitrificación CDMX,Monica Olavarria,15862.06,2,2
CDMX,"[EX] Desvitrificación de óvulos congelados, Fertilización + Transferencia en fresco CDMX",Aline Yunuen García Cortes,21120.69,1,1
CDMX,"[EX] Desvitrificación de óvulos congelados, Fertilización + Transferencia en fresco CDMX",Melissa Itzel Villagomez Aleman,19008.62,1,1
CDMX,[EX] Espermatobioscopía,(Sin asignar),1293.1,1,1
CDMX,[EX] Espermatobioscopía,Alejandro Sanchez Aranda,1293.1,1,1
CDMX,[EX] Espermatobioscopía,Deborah Marin Robles,1293.1,1,1
CDMX,[EX] Espermatobioscopía,Gerardo Armando Paladino Barquera,2586.2,2,2
CDMX,[EX] Espermatobioscopía,José Manuel Lozano Sánchez,1293.1,1,1
CDMX,[EX] Espermatobioscopía,Laboratorio FIV/Andrología,1293.1,1,1
CDMX,[EX] Espermatobioscopía,Laura Esmeralda Gonzalez Lopez,1293.1,1,1
CDMX,[EX] Espermatobioscopía,Maritza Ivett Rojas Valencia,1293.1,1,1
CDMX,[EX] Fertilización,Amaranta Paulina Martinez Alvarado,6034.48,1,1
CDMX,[EX] Fertilización,Armando Miguel Roque Sanchez,6034.48,1,1
CDMX,[EX] Fertilización,Carlos Andres Lejtik Alva,5370.69,1,1
CDMX,[EX] Fertilización,Cintia Mejia Garcia,5431.03,1,1
CDMX,[EX] Fertilización,Gerardo Armando Paladino Barquera,10862.07,2,2
CDMX,[EX] Fertilización,Griselda Reyes Torres,11171.45,2,2
CDMX,[EX] Fertilización,Liat Levy Mitrani,4655.18,1,1
CDMX,[EX] Fertilización,María Elena González Panzzi,6034.48,1,1
CDMX,[EX] Fertilización,Oliver Paul Cruz Orozco,6034.48,1,1
CDMX,[EX] Fragmentación del ADN espermático,Fabiola del Carmen Brito Sandoval,3189.66,1,1
CDMX,[EX] Fragmentación del ADN espermático,Gerardo Armando Paladino Barquera,3189.66,1,1
CDMX,[EX] Histeroscopia diagnostica,Alejandro Sanchez Aranda,75431.05,5,5
CDMX,[EX] Histeroscopia diagnostica,Carlos Andres Lejtik Alva,15086.21,1,1
CDMX,[EX] Histeroscopia diagnostica,Gerardo Armando Paladino Barquera,15086.21,1,1
CDMX,[EX] Histeroscopia diagnostica,Lilia Berenice Leyva Macias,15086.21,1,1
CDMX,[EX] Histeroscopia diagnostica,Mayela Fernandez del Campo (MEFI),15086.21,1,1
CDMX,[EX] Histeroscopia diagnostica,Monica Olavarria,60344.84,4,4
CDMX,[EX] Histeroscopia diagnostica,Oliver Paul Cruz Orozco,15086.21,1,1
CDMX,[EX] Histeroscopia diagnostica GDL,Gisela Cuevas Velasco,15086.21,1,1
CDMX,[EX] Histeroscopia diagnóstica con anestesia,Eugenia Morán Orozco,15086.21,1,1
CDMX,[EX] Histeroscopia diagnóstica con anestesia,Fatima Giron Ávila,15086.21,1,1
CDMX,[EX] Histeroscopia diagnóstica con anestesia,Giovanni López Salamanca,15517.24,1,1
CDMX,[EX] Histeroscopia diagnóstica con anestesia,Jairo Hernando Pedraza Pinto,34482.76,2,2
CDMX,"[EX] Inseminación Intrauterina (Incluye: Uso de consultorio, enfermera, capacitación y consumibles)",Alejandro Sanchez Aranda,12931.04,2,2
CDMX,"[EX] Inseminación Intrauterina (Incluye: Uso de consultorio, enfermera, capacitación y consumibles)",Fatima Giron Ávila,3232.76,1,1
CDMX,"[EX] Inseminación Intrauterina (Incluye: Uso de consultorio, enfermera, capacitación y consumibles)",Maritza Ivett Rojas Valencia,6465.52,1,1
CDMX,"[EX] Inseminación Intrauterina (Incluye: Uso de consultorio, enfermera, capacitación y consumibles)",Mayella Fernández del Campo,6465.52,1,1
CDMX,"[EX] Inseminación Intrauterina (Incluye: Uso de consultorio, enfermera, capacitación y consumibles)",Monica Olavarria,6465.52,1,1
CDMX,[EX] PGT por embrion (1 a 3),Alejandro Sanchez Aranda,20689.66,1,2
CDMX,[EX] PGT por embrion (1 a 3),Edith Cervantes Guerrero,20689.66,1,2
CDMX,[EX] PGT por embrion (1 a 3),Enrique Reyes Muñoz,31034.48,1,3
CDMX,[EX] PGT por embrion (1 a 3),Fabiola del Carmen Brito Sandoval,29482.76,1,3
CDMX,[EX] PGT por embrion (1 a 3),Gerardo Armando Paladino Barquera,62068.97,4,6
CDMX,[EX] PGT por embrion (1 a 3),Gisela Cuevas Velasco,31034.48,1,3
CDMX,[EX] PGT por embrion (1 a 3),Griselda Reyes Torres,10344.83,1,1
CDMX,[EX] PGT por embrion (1 a 3),Jefsi Argelia Leon Dominguez,10344.83,1,1
CDMX,[EX] PGT por embrion (1 a 3),Maritza Ivett Rojas Valencia,9724.14,1,1
CDMX,[EX] PGT por embrion (1 a 3),María de los Ángeles Flores Manzur,10344.83,1,1
CDMX,[EX] PGT por embrion (1 a 3),Miguel Ángel Martínez Enríquez,31034.48,1,3
CDMX,[EX] PGT por embrion (1 a 3),Monica Olavarria,10344.83,1,1
CDMX,[EX] PGT-A por embrion,Fatima Giron Ávila,36206.9,1,4
CDMX,[EX] PGT-A por embrion,María de los Ángeles Flores Manzur,46551.72,1,5
CDMX,[EX] PGT-A por embrión (4 en adelante),Alejandro Kava Braveman,36206.9,1,4
CDMX,[EX] PGT-A por embrión (4 en adelante),Aline Yunuen García Cortes,36206.9,1,4
CDMX,[EX] PGT-A por embrión (4 en adelante),Gisela Cuevas Velasco,72413.8,2,8
CDMX,[EX] PGT-A por embrión (4 en adelante),Griselda Reyes Torres,57025.86,1,7
CDMX,[EX] PGT-A por embrión (4 en adelante),María Elena González Panzzi,36206.9,1,4
CDMX,[EX] PGT-A por embrión (4 en adelante),Melissa Itzel Villagomez Aleman,36206.9,1,4
CDMX,[EX] PGT-A por embrión (4 en adelante),Miguel Ángel Martínez Enríquez,36206.9,1,4
CDMX,[EX] PGT-A por embrión (4 en adelante),Monica Olavarria,45258.62,1,5
CDMX,[EX] Punción de quiste,María Elena González Panzzi,11379.31,1,1
CDMX,[EX] Punción de quiste GDL,María Elena González Panzzi,11379.31,1,1
CDMX,[EX] Transferencia CDMX,Fatima Giron Ávila,15172.42,2,2
CDMX,[EX] Transferencia CDMX,Gerardo Armando Paladino Barquera,13931.06,2,2
CDMX,[EX] Transferencia CDMX,María Elena González Panzzi,6896.55,1,1
CDMX,[EX] Transferencia CDMX,Melissa Itzel Villagomez Aleman,6896.55,1,1
CDMX,[EX] Transferencia de congelados (caso de subrogación) GDL,Mayela Fernandez del Campo (MEFI),16810.34,1,1
CDMX,[EX] Transferencia de congelados CDMX,(Sin asignar),13189.66,1,1
CDMX,[EX] Transferencia de congelados CDMX,Alejandro Kava Braveman,145862.08,10,10
CDMX,[EX] Transferencia de congelados CDMX,Alejandro Sanchez Aranda,132672.42,9,9
CDMX,[EX] Transferencia de congelados CDMX,Aline Yunuen García Cortes,52500.0,4,4
CDMX,[EX] Transferencia de congelados CDMX,Arely Peña Garcia,7758.62,1,1
CDMX,[EX] Transferencia de congelados CDMX,Armando Miguel Roque Sanchez,15517.24,1,1
CDMX,[EX] Transferencia de congelados CDMX,Carlos Andres Lejtik Alva,13793.1,1,1
CDMX,[EX] Transferencia de congelados CDMX,Claudia Melina Robellada Zarate,12090.52,1,1
CDMX,[EX] Transferencia de congelados CDMX,Deborah Marin Robles,13189.66,1,1
CDMX,[EX] Transferencia de congelados CDMX,Edith Cervantes Guerrero,120258.62,8,8
CDMX,[EX] Transferencia de congelados CDMX,Enrique Reyes Muñoz,46551.72,3,3
CDMX,[EX] Transferencia de congelados CDMX,Fabian Ricardo Castañeda Bochm,15517.24,1,1
CDMX,[EX] Transferencia de congelados CDMX,Fabiola del Carmen Brito Sandoval,71068.96,5,5
CDMX,[EX] Transferencia de congelados CDMX,Fatima Giron Ávila,62068.96,4,4
CDMX,[EX] Transferencia de congelados CDMX,Gerardo Armando Paladino Barquera,126961.05,9,9
CDMX,[EX] Transferencia de congelados CDMX,Gisela Cuevas Velasco,93103.44,6,6
CDMX,[EX] Transferencia de congelados CDMX,Griselda Reyes Torres,44224.14,3,3
CDMX,[EX] Transferencia de congelados CDMX,Ivan Madrazo,15517.24,1,1
CDMX,[EX] Transferencia de congelados CDMX,Jefsi Argelia Leon Dominguez,62068.96,4,4
CDMX,[EX] Transferencia de congelados CDMX,Jorge Alberto Campos Cañas,15517.24,1,1
CDMX,[EX] Transferencia de congelados CDMX,Jorge Manuel Rodriguez Purata,15517.24,1,1
CDMX,[EX] Transferencia de congelados CDMX,José Manuel Lozano Sánchez,77586.2,5,5
CDMX,[EX] Transferencia de congelados CDMX,Lilia Berenice Leyva Macias,31034.48,2,2
CDMX,[EX] Transferencia de congelados CDMX,Maritza Ivett Rojas Valencia,29569.65,2,2
CDMX,[EX] Transferencia de congelados CDMX,Marlene Lizbeth Zamora Ramirez,44224.14,3,3
CDMX,[EX] Transferencia de congelados CDMX,María Elena González Panzzi,13189.66,1,1
CDMX,[EX] Transferencia de congelados CDMX,María de los Ángeles Flores Manzur,62068.96,4,4
CDMX,[EX] Transferencia de congelados CDMX,Mayela Fernandez del Campo (MEFI),31034.48,2,2
CDMX,[EX] Transferencia de congelados CDMX,Mayella Fernández del Campo,15517.24,1,1
CDMX,[EX] Transferencia de congelados CDMX,Melissa Itzel Villagomez Aleman,85689.67,6,6
CDMX,[EX] Transferencia de congelados CDMX,Miguel Ángel Martínez Enríquez,42219.83,3,3
CDMX,[EX] Transferencia de congelados CDMX,Monica Olavarria,45000.0,3,3
CDMX,[EX] Transferencia de congelados CDMX,Monica Yazmin Olavarria Guadarrama,28706.9,2,2
CDMX,[EX] Transferencia de congelados CDMX,Nayeli Pichardo Domínguez,14051.72,1,1
CDMX,[EX] Transferencia de congelados CDMX,Perla del Rocio Baca Olivoo,15517.24,1,1
CDMX,[EX] Vitrificación,Adriana Galvan Luna,6896.55,1,1
CDMX,[EX] Vitrificación,Alejandro Kava Braveman,13793.1,2,2
CDMX,[EX] Vitrificación,Alejandro Sanchez Aranda,46896.54,7,7
CDMX,[EX] Vitrificación,Aline Yunuen García Cortes,34482.75,5,5
CDMX,[EX] Vitrificación,Arely Peña Garcia,3448.28,1,1
CDMX,[EX] Vitrificación,Brenda Sanchez Ramirez,3448.28,1,1
CDMX,[EX] Vitrificación,Carlos Andres Lejtik Alva,6896.55,1,1
CDMX,[EX] Vitrificación,Cintia Mejia Garcia,6896.55,1,1
CDMX,[EX] Vitrificación,Cintia Mejía García,10344.83,2,2
CDMX,[EX] Vitrificación,Claudia Melina Robellada Zarate,6896.55,1,1
CDMX,[EX] Vitrificación,Edith Cervantes Guerrero,31336.2,5,5
CDMX,[EX] Vitrificación,Enrique Reyes Muñoz,20689.65,4,4
CDMX,[EX] Vitrificación,Fabian Ricardo Castañeda Bochm,13793.1,2,2
CDMX,[EX] Vitrificación,Fabiola del Carmen Brito Sandoval,5830.41,1,1
CDMX,[EX] Vitrificación,Fatima Giron Ávila,25517.24,4,4
CDMX,[EX] Vitrificación,Gerardo Armando Paladino Barquera,88228.42,14,14
CDMX,[EX] Vitrificación,Gisela Cuevas Velasco,12758.62,2,2
CDMX,[EX] Vitrificación,Griselda Reyes Torres,51953.69,8,8
CDMX,[EX] Vitrificación,Jefsi Argelia Leon Dominguez,33448.27,5,5
CDMX,[EX] Vitrificación,Jose Juan Guerrero Vargas,20689.66,4,4
CDMX,[EX] Vitrificación,José Manuel Lozano Sánchez,34482.75,5,5
CDMX,[EX] Vitrificación,Laura Esmeralda Gonzalez Lopez,6896.55,1,1
CDMX,[EX] Vitrificación,Lilia Berenice Leyva Macias,31034.48,5,5
CDMX,[EX] Vitrificación,Maritza Ivett Rojas Valencia,13793.1,2,2
CDMX,[EX] Vitrificación,Marlene Lizbeth Zamora Ramirez,12413.8,2,2
CDMX,[EX] Vitrificación,María Elena González Panzzi,18793.1,3,3
CDMX,[EX] Vitrificación,María de los Ángeles Flores Manzur,26551.72,4,4
CDMX,[EX] Vitrificación,Melissa Itzel Villagomez Aleman,12758.62,2,2
CDMX,[EX] Vitrificación,Miguel Ángel Martínez Enríquez,11724.14,2,2
CDMX,[EX] Vitrificación,Monica Olavarria,54482.75,8,8
CDMX,[EX] Vitrificación,Monica Yazmin Olavarria Guadarrama,6896.55,1,1
CDMX,[EX] Vitrificación,Oliver Paul Cruz Orozco,6896.55,1,1
CDMX,[EX] Vitrificación,Perla del Rocio Baca Olivoo,6896.55,1,1
CDMX,[FET] Transferencia de Embrión Congelado CDMX,Armando Miguel Roque Sanchez,209051.7,5,5
CDMX,[FET] Transferencia de Embrión Congelado CDMX,Eugenia Morán Orozco,3658275.48,98,100
CDMX,[FET] Transferencia de Embrión Congelado CDMX,Giovanni López Salamanca,1363060.22,40,40
CDMX,[FET] Transferencia de Embrión Congelado CDMX,Jaime Antonio Hidalgo Carrera,194396.54,5,5
CDMX,[FET] Transferencia de Embrión Congelado CDMX,Jairo Hernando Pedraza Pinto,606271.56,16,16
CDMX,[FET] Transferencia de Embrión Congelado CDMX,Mayella Fernández del Campo,0.0,1,1
CDMX,[FET] Transferencia de Embrión Congelado CDMX,Ruben Gonzalez Ruiz,209051.7,5,5
CDMX,check up integral,Alma Victoria Villarreal Barranca,3017.24,1,1
CDMX,check up integral,Miranda Lucía Morán Morales,3017.24,1,1
CDMX,desvitrificación CDMX,Gerardo Armando Paladino Barquera,7534.48,1,1
CDMX,lubricante ky,Eugenia Morán Orozco,277.0,1,1
CDMX,lubricante ky,Jairo Hernando Pedraza Pinto,1385.0,4,5
CDMX,patología,Alma Victoria Villarreal Barranca,1551.72,1,1
CDMX,patología,Giovanni López Salamanca,1551.72,1,1
CDMX,preparación endometrial y desvitrificación,Ruben Gonzalez Ruiz,26379.31,1,1
CDMX,Óvulos FI,Armando Miguel Roque Sanchez,0.0,2,26
CDMX,Óvulos FI,Eugenia Morán Orozco,211200.0,3,14
CDMX,Óvulos FI,Giovanni López Salamanca,231000.0,3,24
CDMX,Óvulos FI,Monica Olavarria,250000.0,1,10
CDMX,Óvulos FI,Ruben Gonzalez Ruiz,155172.41,1,12
GDL,(EX) Gonal-F Pen 2.0 900IU,Candice Ann Barba Gomez,30900.0,1,3
GDL,(Ex GDL) Histeroscopía con anestesia,Ruth Hernández Sánchez,13793.1,1,1
GDL,17 Hidroxiprogesterona,Diana Duran,948.28,1,1
GDL,5 años almacenamiento Óvulos,Blanca Cardenas,12931.03,1,1
GDL,5 años almacenamiento Óvulos,Carlos Parra,51724.12,4,4
GDL,5 años almacenamiento Óvulos,Tanya Barajas Serrano,12931.03,1,1
GDL,5 años almacenamiento Óvulos / Embrion,Carlos Parra,24710.34,2,2
GDL,5 años almacenamiento Óvulos / Embrion,Tanya Barajas Serrano,12931.03,1,1
GDL,5 años almacenamiento Óvulos / Embrion,Tanya Barajas Serrano (Externa),12931.03,1,1
GDL,ALICE,Norma Sharey Vazquez Jimenez,13050.0,1,1
GDL,AMH (Nanogramos),(Sin asignar),0.0,3,3
GDL,AMH (Nanogramos),Blanca Cardenas,0.0,6,6
GDL,AMH (Nanogramos),Carlos Parra,0.0,5,5
GDL,AMH (Nanogramos),Enfermeria,1293.1,1,1
GDL,AMH (Nanogramos),Norma Sharey Vazquez Jimenez,0.0,5,5
GDL,AMH (Nanogramos),Tanya Barajas Serrano,0.0,1,1
GDL,ASPIRINA PROTEC 100MG 28 TAB,Carlos Parra,1440.0,6,6
GDL,ASPIRINA PROTEC 100MG 28 TAB,Tanya Barajas Serrano (Externa),240.0,1,1
GDL,"Ac. Anti TPO (Tiroperoxidasa, Microsomales)",Ariadne Coutiño Bravo,1060.19,5,1
GDL,"Ac. Anti TPO (Tiroperoxidasa, Microsomales)",Carlos Parra,603.45,1,1
GDL,Ac. Anti-Hepatitis A IgM,Carlos Parra,663.79,1,1
GDL,Ac. Anti-Nucleares (ANAs) por Inmunofluorescencia,Carlos Parra,948.28,1,1
GDL,Ac. Anti-Rh (Coombs Indirecto),Jorge Michel,258.62,1,1
GDL,Ac. Anti-Rh (Coombs Indirecto),Yazmin Ramos,258.62,1,1
GDL,Ac. Anti-Tiroglobulina (Anti-TG),Carlos Parra,560.34,1,1
GDL,Acido úrico,Carlos Parra,354.3,3,3
GDL,Alfa Fetoproteína (AFP),Diana Duran,702.59,1,1
GDL,Almacenamiento de gametos 1 año,Amaranta Paulina Martinez Alvarado,16379.3,3,3
GDL,Almacenamiento de gametos 1 año,Candice Ann Barba Gomez,6034.48,1,1
GDL,Almacenamiento de gametos 1 año,Carlos Parra,41379.3,10,10
GDL,Almacenamiento de gametos 1 año,Emanuel Sanchez,12068.96,2,2
GDL,Almacenamiento de gametos 1 año,Jorge Michel,28448.26,5,5
GDL,Almacenamiento de gametos 1 año,José Alfonso Gutiérrez Frusch,0.0,1,1
GDL,Almacenamiento de gametos 1 año,Ruth Hernández Sánchez,26724.21,5,5
GDL,Almacenamiento de gametos 1 año,Sofia Rodriguez Mendoza (MEFI),4310.35,1,1
GDL,Almacenamiento de gametos 1 año,Tanya Barajas Serrano (Externa),6034.48,1,1
GDL,Almacenamiento de gametos 5 años,Blanca Cardenas,12931.03,1,1
GDL,Almacenamiento de gametos 5 años,Carlos Parra,12931.03,1,1
GDL,Almacenamiento de gametos 5 años,Diana Duran,17241.38,1,1
GDL,Almacenamiento de gametos 5 años,Edna Amaro,12931.03,1,1
GDL,Almacenamiento de gametos 5 años,José Alfonso Gutiérrez Frusch,12931.03,1,1
GDL,Almacenamiento de gametos 5 años,Norma Sharey Vazquez Jimenez,26293.1,2,2
GDL,Almacenamiento de gametos 5 años,Tanya Barajas Serrano,9051.72,1,3
GDL,Androstenediona,Norma Sharey Vazquez Jimenez,775.86,2,2
GDL,Antimulleriana AMH (Nanogramos),(Sin asignar),1724.14,6,6
GDL,Antimulleriana AMH (Nanogramos),Ana Giannina Garcia,0.0,1,1
GDL,Antimulleriana AMH (Nanogramos),Blanca Cardenas,5603.44,41,41
GDL,Antimulleriana AMH (Nanogramos),Carlos Macias,1724.14,1,1
GDL,Antimulleriana AMH (Nanogramos),Carlos Parra,7499.99,43,43
GDL,Antimulleriana AMH (Nanogramos),Diana Duran,6896.56,57,57
GDL,Antimulleriana AMH (Nanogramos),Enfermeria,3448.28,3,3
GDL,Antimulleriana AMH (Nanogramos),Giovanni López Salamanca,1724.14,1,1
GDL,Antimulleriana AMH (Nanogramos),Itzury Padilla,0.0,2,2
GDL,Antimulleriana AMH (Nanogramos),Jorge Michel,2500.0,8,8
GDL,Antimulleriana AMH (Nanogramos),Laboratorio FIV/Andrología,775.86,1,1
GDL,Antimulleriana AMH (Nanogramos),Norma Sharey Vazquez Jimenez,11724.13,55,55
GDL,Antimulleriana AMH (Nanogramos),Ruben Gonzalez Ruiz,1724.14,1,1
GDL,Antimulleriana AMH (Nanogramos),Tanya Barajas Serrano,1724.14,3,3
GDL,Antimulleriana AMH (Nanogramos),Yazmin Ramos,0.0,2,2
GDL,Antígeno Carcinoembrionario (CEA),Diana Duran,715.52,1,1
GDL,Antígeno carbohidrato (CA 19-9),Diana Duran,0.0,1,1
GDL,Aspirina protect (caja c/28),Blanca Cardenas,240.0,1,1
GDL,Aspirina protect (caja c/28),Carlos Parra,580.0,3,3
GDL,BUN,Carlos Parra,258.63,3,3
GDL,Biometria Hemática Pack,(Sin asignar),405.17,1,1
GDL,Biometria Hemática Pack,Carlos Parra,0.0,4,4
GDL,Biometria Hemática Pack,Diana Duran,0.0,1,1
GDL,Biometria Hemática Pack,Enfermeria,370.69,1,1
GDL,Biometria Hemática Pack,Jorge Michel,0.0,1,1
GDL,Biometria Hemática Pack,Yazmin Ramos,0.0,1,1
GDL,Biometria hematica fi,Carlos Parra,0.0,2,2
GDL,Biometría hemática,Blanca Cardenas,0.0,2,2
GDL,Biometría hemática,Carlos Macias,387.93,1,1
GDL,Biometría hemática,Carlos Parra,387.93,12,12
GDL,Biometría hemática,Giovanni López Salamanca,0.0,1,1
GDL,Biometría hemática,Jorge Michel,0.0,3,3
GDL,Biometría hemática,Norma Sharey Vazquez Jimenez,1163.79,3,3
GDL,Biopsia de endometrio,Diana Duran,3103.44,4,2
GDL,Bolentax 40mg,Tanya Barajas Serrano (Externa),800.0,1,1
GDL,CA 125,Diana Duran,1120.68,2,2
GDL,Capacitación espermática,Carlos Parra,3017.24,1,1
GDL,Captura + Fertilización GDL,Sofia Rodriguez Mendoza (MEFI),23275.86,1,1
GDL,Captura ovular y vitrificación - GDL,Blanca Cardenas,43642.24,1,1
GDL,Captura ovular y vitrificación - GDL,Carlos Parra,165840.52,4,4
GDL,Cargo Administrativo,Norma Sharey Vazquez Jimenez,5797.41,1,1
GDL,Cargos administrativos,Carlos Parra,4801.72,1,1
GDL,Cargos administrativos,Leslie Sharon Gamiño Sanchez,7783.0,2,2
GDL,Cargos administrativos,Ruth Hernández Sánchez,6034.48,1,1
GDL,Cariotipo en sangre periférica,Carlos Parra,7887.93,1,1
GDL,Cariotipo pareja,Carlos Parra,7758.62,2,2
GDL,Cariotipo pareja,Diana Duran,7758.62,2,2
GDL,Cetrotide 0.25mg,Blanca Cardenas,38744.0,15,29
GDL,Cetrotide 0.25mg,Carlos Parra,127531.6,55,97
GDL,Cetrotide 0.25mg,Diana Duran,34736.0,9,26
GDL,Cetrotide 0.25mg,Giovanni López Salamanca,13360.0,5,10
GDL,Cetrotide 0.25mg,Jorge Michel,42752.0,17,32
GDL,Cetrotide 0.25mg,Norma Sharey Vazquez Jimenez,33400.0,13,25
GDL,Cetrotide 0.25mg,Tanya Barajas Serrano (Externa),4008.0,1,3
GDL,Check up Fertilidad Hombres GDL,Blanca Cardenas,6465.51,3,3
GDL,Check up Fertilidad Hombres GDL,Carlos Parra,4310.34,2,2
GDL,Check up Fertilidad Hombres GDL,Diana Duran,10775.85,6,6
GDL,Check up Fertilidad Hombres GDL,Laboratorio FIV/Andrología,2155.17,1,1
GDL,Check up Fertilidad Hombres GDL,Norma Sharey Vazquez Jimenez,8103.44,4,4
GDL,Check up Fertilidad Mujeres,Blanca Cardenas,20598.27,13,13
GDL,Check up Fertilidad Mujeres,Carlos Parra,16206.89,10,10
GDL,Check up Fertilidad Mujeres,Diana Duran,40327.57,25,25
GDL,Check up Fertilidad Mujeres,Itzury Padilla,3362.07,2,2
GDL,Check up Fertilidad Mujeres,Norma Sharey Vazquez Jimenez,18965.51,15,13
GDL,Check up Fertilidad Mujeres,Tanya Barajas Serrano,0.0,1,1
GDL,Check up Fertilidad Mujeres,Yazmin Ramos,3793.1,2,2
GDL,Check up Fertilidad Mujeres GDL,Carlos Parra,2155.17,1,1
GDL,Check up Fertilidad Mujeres GDL,Norma Sharey Vazquez Jimenez,5086.21,3,3
GDL,Check up Fertilidad Pareja GDL,Blanca Cardenas,18965.54,7,7
GDL,Check up Fertilidad Pareja GDL,Carlos Parra,13793.12,5,5
GDL,Check up Fertilidad Pareja GDL,Diana Duran,2586.21,1,1
GDL,Check up Fertilidad Pareja GDL,Jorge Michel,2586.21,1,1
GDL,Check up Fertilidad Pareja GDL,Laboratorio FIV/Andrología,6034.49,2,2
GDL,Check up Fertilidad Pareja GDL,Norma Sharey Vazquez Jimenez,21586.23,7,7
GDL,Check up Fertilidad Pareja GDL,Tanya Barajas Serrano,3448.28,1,1
GDL,Check up Fertilidad Pareja MET,Carlos Parra,3448.28,1,1
GDL,Check up Fertilidad Parejas,(Sin asignar),3017.24,1,1
GDL,Check up Fertilidad Parejas,Ana Giannina Garcia,3017.24,1,1
GDL,Check up Fertilidad Parejas,Blanca Cardenas,18103.44,6,6
GDL,Check up Fertilidad Parejas,Carlos Parra,9051.72,3,3
GDL,Check up Fertilidad Parejas,Diana Duran,43706.88,18,16
GDL,Check up Fertilidad Parejas,Jorge Michel,3017.24,1,1
GDL,Check up Fertilidad Parejas,Norma Sharey Vazquez Jimenez,9051.72,3,3
GDL,Check up Integral,Blanca Cardenas,3017.24,1,1
GDL,Check up Integral,Norma Sharey Vazquez Jimenez,6034.48,4,2
GDL,Check up Mujeres GDL,(Sin asignar),1293.1,1,1
GDL,Check up Mujeres GDL,Blanca Cardenas,14568.96,7,7
GDL,Check up Mujeres GDL,Carlos Parra,8620.68,5,5
GDL,Check up Mujeres GDL,Norma Sharey Vazquez Jimenez,13706.9,8,8
GDL,Check up Parejas CDMX,Carlos Parra,3448.28,1,1
GDL,Check up ginecologico,Ana Giannina Garcia,2586.2,2,2
GDL,Check up ginecologico,Blanca Cardenas,30603.38,24,24
GDL,Check up ginecologico,Carlos Parra,12499.98,13,11
GDL,Check up ginecologico,Diana Duran,66034.37,63,57
GDL,Check up ginecologico,Fabiola del Carmen Brito Sandoval,1293.1,1,1
GDL,Check up ginecologico,Itzury Padilla,1293.1,1,1
GDL,Check up ginecologico,Norma Sharey Vazquez Jimenez,28965.49,22,22
GDL,Check up ginecologico,Tanya Barajas Serrano,0.0,1,1
GDL,Check up ginecologico,Yazmin Ramos,2586.2,2,2
GDL,Check up ginecologico (sin papanicolao) GDL,(Sin asignar),1379.31,1,1
GDL,Check up ginecologico GDL,(Sin asignar),1724.14,1,1
GDL,Check up ginecologico GDL,Blanca Cardenas,23706.92,14,14
GDL,Check up ginecologico GDL,Carlos Parra,8620.7,6,6
GDL,Check up ginecologico GDL,Diana Duran,10344.84,6,6
GDL,Check up ginecologico GDL,Eugenia Morán Orozco,1724.14,1,1
GDL,Check up ginecologico GDL,Fabiola del Carmen Brito Sandoval,1293.1,1,1
GDL,Check up ginecologico GDL,Jorge Michel,1293.1,1,1
GDL,Check up ginecologico GDL,Norma Sharey Vazquez Jimenez,30689.69,23,23
GDL,Check up ginecologico GDL,Yazmin Ramos,1724.14,1,1
GDL,Cita de primera vez SOP,Norma Sharey Vazquez Jimenez,1551.72,1,1
GDL,Coito programado - GDL,Carlos Parra,4310.34,1,1
GDL,Colesterol total,Norma Sharey Vazquez Jimenez,241.38,1,1
GDL,Colocacion DIU Mirena [Consultorio],Diana Duran,6465.52,1,1
GDL,Colocacion DIU Mirena [Consultorio],Norma Sharey Vazquez Jimenez,12284.49,2,2
GDL,Colocacion DIU PLATA,Norma Sharey Vazquez Jimenez,3017.24,1,1
GDL,Congelamiento de embriones GDL,Carlos Parra,74138.01,1,1
GDL,Congelamiento de semen (por depósito) CDMX - GDL - MET,Amaranta Paulina Martinez Alvarado,8620.68,2,2
GDL,Congelamiento de semen (por depósito) CDMX - GDL - MET,Carlos Eduardo Sandoval Castro,8620.69,1,2
GDL,Congelamiento de semen (por depósito) CDMX - GDL - MET,Carlos Parra,9051.72,2,2
GDL,Congelamiento de semen (por depósito) CDMX - GDL - MET,Diana Duran,8620.69,1,2
GDL,Congelamiento de semen (por depósito) CDMX - GDL - MET,Jorge Michel (EX),6034.48,1,1
GDL,Congelamiento de semen (por depósito) CDMX - GDL - MET,Leslie Sharon Gamiño Sanchez,12931.03,2,3
GDL,Congelamiento de semen (por depósito) CDMX - GDL - MET,Norma Sharey Vazquez Jimenez,12931.02,3,3
GDL,Congelamiento de óvulos GDL - MET,Blanca Cardenas,43642.24,1,1
GDL,Congelamiento de óvulos GDL - MET,Carlos Parra,177478.45,4,4
GDL,Congelamiento de óvulos GDL - MET,Diana Duran,151293.11,3,3
GDL,Congelamiento de óvulos GDL - MET,Norma Sharey Vazquez Jimenez,93103.45,2,2
GDL,Consulta 14% off all 1st time appointments [Valentines_2026],Carlos Parra,689.66,1,1
GDL,Consulta Fertilidad GDL,Edna Amaro,413.79,1,1
GDL,Consulta Fertilidad GDL,Norma Sharey Vazquez Jimenez,689.66,1,1
GDL,Consulta Galentine's Day Check-up [with lower cost AMH] - Galentines_2026,Carlos Parra,1465.52,1,1
GDL,Consulta Galentine's Day Check-up [with lower cost AMH] - Galentines_2026,Norma Sharey Vazquez Jimenez,2931.04,2,2
GDL,Consulta Presencial Especialista [Promo 1000],Blanca Cardenas,862.07,1,1
GDL,Consulta Presencial Especialista [Promo 1000],Carlos Parra,3448.28,4,4
GDL,Consulta de nutrición - GDL,Norma Sharey Vazquez Jimenez,0.0,1,1
GDL,Consulta de nutrición GDL,Carlos Parra,2758.62,3,3
GDL,Consulta de nutrición GDL,Diana Duran,1379.31,1,1
GDL,Consulta de nutrición GDL,Lucia Carvajal,1034.48,3,1
GDL,Consulta de primera vez,Ana Giannina Garcia,1293.1,1,1
GDL,Consulta de primera vez,Blanca Cardenas,11163.79,15,11
GDL,Consulta de primera vez,Carlos Macias,2293.1,7,7
GDL,Consulta de primera vez,Carlos Parra,22844.78,22,20
GDL,Consulta de primera vez,Diana Duran,54525.77,53,47
GDL,Consulta de primera vez,Edna Amaro,387.93,1,1
GDL,Consulta de primera vez,Itzury Padilla,1293.1,1,1
GDL,Consulta de primera vez,Norma Sharey Vazquez Jimenez,18965.49,21,17
GDL,Consulta de primera vez,Ruby Medina,1982.75,8,8
GDL,Consulta de primera vez,Yazmin Ramos,2586.2,2,2
GDL,Consulta de primera vez online,Blanca Cardenas,1120.69,1,1
GDL,Consulta de primera vez online,Carlos Parra,689.66,1,1
GDL,Consulta de primera vez online GDL,Carlos Parra,1120.69,1,1
GDL,Consulta de primera vez online GDL,Jorge Michel,1120.69,1,1
GDL,Consulta de primera vez online [Promo 800],Carlos Parra,689.66,1,1
GDL,Consulta de primera vez online [Promo 800],Diana Duran,1379.32,2,2
GDL,Consulta de primera vez online [Promo 800],Norma Sharey Vazquez Jimenez,689.66,1,1
GDL,Consulta de primera vez presencial,(Sin asignar),1724.14,2,2
GDL,Consulta de primera vez presencial,Blanca Cardenas,862.07,1,1
GDL,Consulta de primera vez presencial,Carlos Parra,4310.35,5,5
GDL,Consulta de primera vez presencial,Diana Duran,3275.87,4,4
GDL,Consulta de primera vez presencial,Laboratorio FIV/Andrología,862.07,1,1
GDL,Consulta de primera vez presencial,Norma Sharey Vazquez Jimenez,1724.14,2,2
GDL,Consulta obstetricia,Blanca Cardenas,1293.1,1,1
GDL,Consulta obstetricia,Carlos Parra,2586.2,2,2
GDL,Consulta obstetricia,Diana Duran,2586.2,2,2
GDL,Consulta obstetricia,Norma Sharey Vazquez Jimenez,2586.2,2,2
GDL,Consulta online [Promo 800],Blanca Cardenas,689.66,1,1
GDL,Consulta presencial + HAM [Promo 1700],(Sin asignar),2931.04,2,2
GDL,Consulta presencial + HAM [Promo 1700],Blanca Cardenas,4396.56,3,3
GDL,Consulta presencial + HAM [Promo 1700],Carlos Parra,13189.68,9,9
GDL,Consulta presencial + HAM [Promo 1700],Diana Duran,2931.04,2,2
GDL,Consulta presencial + HAM [Promo 1700],Jorge Michel,4396.56,3,3
GDL,Consulta presencial + HAM [Promo 1700],Norma Sharey Vazquez Jimenez,8793.12,6,6
GDL,Consulta primera vez SOP,Blanca Cardenas,1293.1,1,1
GDL,Consulta primera vez SOP,Diana Duran,50948.14,49,35
GDL,Consulta primera vez SOP,Norma Sharey Vazquez Jimenez,3103.44,2,2
GDL,Consulta subsecuente,Carlos Parra,5689.66,1,4
GDL,Creatinina,Carlos Parra,720.0,4,4
GDL,Creatinina,Diana Duran,360.0,2,2
GDL,Cultivo de Exudado Vaginal,Blanca Cardenas,560.34,1,1
GDL,Cultivo de Exudado Vaginal,Carlos Parra,1120.68,3,3
GDL,Cultivo de Exudado Vaginal,Diana Duran,1681.02,3,3
GDL,Cultivo de Exudado Vaginal,Giovanni López Salamanca,560.34,1,1
GDL,Cultivo de Exudado Vaginal,Norma Sharey Vazquez Jimenez,1681.02,3,3
GDL,Cultivo de anaerobios,Norma Sharey Vazquez Jimenez,560.34,1,1
GDL,Cultivo de secreción,Norma Sharey Vazquez Jimenez,560.34,1,1
GDL,Cuota de almacenamiento anual Ovulo,Tanya Barajas Serrano,4310.34,1,1
GDL,Cuota de almacenamiento anual Ovulo / Embrion,Carlos Parra,4310.34,1,1
GDL,Cuota de almacenamiento anual Ovulo / Embrion,Jorge Michel (EX),4310.34,1,1
GDL,Cuota de almacenamiento esperma,Carlos Parra,4310.34,1,1
GDL,DESOL 400 UI FRASCO,Carlos Parra,297.5,1,1
GDL,Desvitrificación (4 cryotops),Carlos Parra,13491.38,1,1
GDL,Devolución,Laboratorio FIV/Andrología,-2775.0,1,-1
GDL,Donación esperma - Donante extranjero,Jorge Michel,21551.72,1,1
GDL,Donación esperma - LAFER - Europeo,Norma Sharey Vazquez Jimenez,43103.44,2,2
GDL,Donación esperma - LAFER - Extranjero,Carlos Parra,17241.38,1,1
GDL,Donación esperma - LAFER - Extranjero,Norma Sharey Vazquez Jimenez,17241.38,1,1
GDL,Donación esperma - LAFER - Nacional,Blanca Cardenas,12931.03,1,1
GDL,Donación esperma - LAFER - Nacional,Carlos Parra,25862.07,1,2
GDL,Donación esperma - LAFER - Nacional,Diana Duran,12931.03,1,1
GDL,ENDOMETRIO ERA+EMMA+ALICE,Carlos Parra,35129.31,1,1
GDL,Electrolitos (3) en sangre,Norma Sharey Vazquez Jimenez,301.72,1,1
GDL,Electrolitos (6) de sangre,Jorge Michel,387.93,1,1
GDL,EmbryoScope Kit Interno,Carlos Parra,0.0,1,1
GDL,Esperma FI,Carlos Parra,21551.72,1,1
GDL,Espermatobioscopía (ED),(Sin asignar),10258.6,17,15
GDL,Espermatobioscopía (ED),Ana Giannina Garcia,2586.2,3,3
GDL,Espermatobioscopía (ED),Ariadne Coutiño Bravo,2586.2,2,2
GDL,Espermatobioscopía (ED),Blanca Cardenas,1293.1,8,8
GDL,Espermatobioscopía (ED),Carlos Parra,8965.5,12,12
GDL,Espermatobioscopía (ED),Diana Duran,6465.5,24,24
GDL,Espermatobioscopía (ED),Emanuel Sanchez,5172.4,4,4
GDL,Espermatobioscopía (ED),Jorge Michel,0.0,1,1
GDL,Espermatobioscopía (ED),Jorge Michel (EX),1293.1,1,1
GDL,Espermatobioscopía (ED),Laboratorio FIV/Andrología,24224.08,26,24
GDL,Espermatobioscopía (ED),Leslie Sharon Gamiño Sanchez,1293.1,1,1
GDL,Espermatobioscopía (ED),Mariela Elizaith Caballero Cedillo,1293.1,1,1
GDL,Espermatobioscopía (ED),Norma Sharey Vazquez Jimenez,6379.3,12,12
GDL,Espermatobioscopía (ED) - GDL,(Sin asignar),0.0,1,1
GDL,Espermatobioscopía (ED) - GDL,Laboratorio FIV/Andrología,0.0,1,1
GDL,Espermatobioscopía (ED) CDMX - GDL - MET,(Sin asignar),1206.9,1,1
GDL,Espermatobioscopía (ED) CDMX - GDL - MET,Emanuel Sanchez,1206.9,1,1
GDL,Espermatobioscopía (ED) CDMX - GDL - MET,Laboratorio FIV/Andrología,2112.07,2,2
GDL,Espermocultivo,(Sin asignar),818.97,1,1
GDL,Espermocultivo,Diana Duran,818.97,1,1
GDL,Espermocultivo,Laboratorio FIV/Andrología,2456.91,3,3
GDL,Estradiol,(Sin asignar),521.55,1,1
GDL,Estradiol,Carlos Macias,517.24,2,2
GDL,Estradiol,Carlos Parra,1043.1,2,3
GDL,Estradiol,Diana Duran,1564.65,3,3
GDL,Estradiol,Edna Amaro,521.55,1,1
GDL,Estradiol,Ericka Gabriela Yac Longoria,521.55,1,1
GDL,Estradiol,Leslie Sharon Gamiño Sanchez,521.55,1,1
GDL,Estradiol,Norma Sharey Vazquez Jimenez,1564.65,3,3
GDL,Estudio CD138,Carlos Parra,3448.28,2,2
GDL,Estudio CD138,Norma Sharey Vazquez Jimenez,1724.14,1,1
GDL,Estudio Homosisteina,Carlos Parra,2000.0,1,1
GDL,Examen general de orina,Blanca Cardenas,232.76,1,1
GDL,Examen general de orina,Carlos Parra,0.0,1,1
GDL,Examen general de orina,Jorge Michel,232.76,1,1
GDL,FIV - GDL,Carlos Parra,66379.31,1,1
GDL,FIV - GDL,Jorge Michel,75862.07,1,1
GDL,FIV Integral - GDL,Carlos Parra,180172.42,2,2
GDL,FIV Integral - GDL,Jorge Michel,159741.34,2,2
GDL,FIV con 3 Transferencias / IVF with 3 Transfers- GDL,Blanca Cardenas,80603.45,1,1
GDL,FIV con 3 Transferencias / IVF with 3 Transfers- GDL,Carlos Parra,493103.46,6,6
GDL,FIV con 3 Transferencias / IVF with 3 Transfers- GDL,Diana Duran,80603.45,1,1
GDL,FIV con 3 Transferencias / IVF with 3 Transfers- GDL,Jorge Michel,94827.59,1,1
GDL,FIV con 3 Transferencias / IVF with 3 Transfers- GDL,Norma Sharey Vazquez Jimenez,175431.04,2,2
GDL,FSH,(Sin asignar),387.93,1,1
GDL,FSH,Diana Duran,1060.35,3,3
GDL,FSH,Norma Sharey Vazquez Jimenez,1163.79,3,3
GDL,Fertility Check Up  GDL,Blanca Cardenas,5000.02,6,6
GDL,Fertility Check Up  GDL,Carlos Parra,3448.3,5,5
GDL,Fertility Check Up  GDL,Jorge Michel,862.07,1,1
GDL,Fertility Check Up  GDL,Norma Sharey Vazquez Jimenez,4310.37,6,6
GDL,Fertility Check Up online,Carlos Parra,1120.69,1,1
GDL,Fertility Check Up online,Norma Sharey Vazquez Jimenez,1120.69,1,1
GDL,Fertilización de óvulos congelados y transferencia (DFT) - GDL,Carlos Parra,79310.34,2,2
GDL,Fertilización de óvulos congelados y transferencia (DFT) - GDL,Jorge Michel,31724.14,1,1
GDL,Fragmentación del ADN espermático,(Sin asignar),20689.68,6,6
GDL,Fragmentación del ADN espermático,Blanca Cardenas,3448.28,3,1
GDL,Fragmentación del ADN espermático,Carlos Parra,29288.82,9,9
GDL,Fragmentación del ADN espermático,Diana Duran,6896.56,2,2
GDL,Fragmentación del ADN espermático,Ericka Gabriela Yac Longoria,3448.28,1,1
GDL,Fragmentación del ADN espermático,Laboratorio FIV/Andrología,31034.52,9,9
GDL,Fragmentación del ADN espermático,Leslie Sharon Gamiño Sanchez,3448.28,1,1
GDL,Fragmentación del ADN espermático,Mariela Elizaith Caballero Cedillo,6896.56,2,2
GDL,Fragmentación del ADN espermático - GDL,(Sin asignar),16745.68,7,7
GDL,Fragmentación del ADN espermático - GDL,Ariadne Coutiño Bravo,2392.24,1,1
GDL,Fragmentación del ADN espermático - GDL,Blanca Cardenas,2392.24,1,1
GDL,Fragmentación del ADN espermático - GDL,Carlos Parra,21530.16,9,9
GDL,Fragmentación del ADN espermático - GDL,Jorge Michel,4784.48,2,2
GDL,Fragmentación del ADN espermático - GDL,Laboratorio FIV/Andrología,11961.2,5,5
GDL,Fragmentación del ADN espermático - GDL,Norma Sharey Vazquez Jimenez,7176.72,3,3
GDL,Fragmentación del ADN espermático - GDL,Sofia Rodriguez Mendoza (MEFI),2392.24,1,1
GDL,GONAL-F PEN2.0 - 300IU,Blanca Cardenas,22000.0,4,4
GDL,GONAL-F PEN2.0 - 300IU,Carlos Parra,20950.0,5,4
GDL,GONAL-F PEN2.0 - 300IU,Diana Duran,5500.0,1,1
GDL,GONAL-F PEN2.0 - 300IU,Jorge Michel,5150.0,1,1
GDL,GONAL-F PEN2.0 - 300IU,Norma Sharey Vazquez Jimenez,11000.0,2,2
GDL,GONAL-F PEN2.0 - 300IU,Tanya Barajas Serrano (Externa),10037.0,2,2
GDL,GONAL-F PEN2.0 - 450IU,Blanca Cardenas,39414.0,6,6
GDL,GONAL-F PEN2.0 - 450IU,Carlos Parra,25524.01,3,4
GDL,GONAL-F PEN2.0 - 450IU,Giovanni López Salamanca,6945.0,1,1
GDL,GONAL-F PEN2.0 - 450IU,Jorge Michel,19143.0,3,3
GDL,GONAL-F PEN2.0 - 900IU,Blanca Cardenas,68250.0,5,5
GDL,GONAL-F PEN2.0 - 900IU,Carlos Parra,120186.0,9,9
GDL,GONAL-F PEN2.0 - 900IU,Diana Duran,81900.0,6,6
GDL,GONAL-F PEN2.0 - 900IU,Giovanni López Salamanca,27300.0,2,2
GDL,GONAL-F PEN2.0 - 900IU,Jorge Michel,38286.0,2,3
GDL,GONAL-F PEN2.0 - 900IU,Norma Sharey Vazquez Jimenez,122850.0,8,9
GDL,Globulina Transportadora de Hormonas sexuales ( SHBG),Diana Duran,879.3,5,3
GDL,Glucosa,(Sin asignar),189.66,1,1
GDL,Glucosa,Blanca Cardenas,189.66,1,1
GDL,Glucosa,Diana Duran,568.98,3,3
GDL,Glucosa,Norma Sharey Vazquez Jimenez,948.3,5,5
GDL,Gonal F 300 UI,Carlos Parra,10036.0,2,2
GDL,Gonal F 450 UI,Blanca Cardenas,12762.01,1,2
GDL,Gonal F 450 UI,Carlos Parra,19143.0,3,3
GDL,Gonal F 450 UI,Giovanni López Salamanca,13890.0,1,2
GDL,Gonal F 900 UI,Carlos Parra,12762.0,1,1
GDL,Gonal F 900 UI,Jorge Michel,25524.0,2,2
GDL,Gonapeptyl Daily 0.1 (por ampolla),Blanca Cardenas,4688.0,5,10
GDL,Gonapeptyl Daily 0.1 (por ampolla),Carlos Macias,904.0,2,2
GDL,Gonapeptyl Daily 0.1 (por ampolla),Carlos Parra,16960.0,18,37
GDL,Gonapeptyl Daily 0.1 (por ampolla),Diana Duran,4800.0,5,10
GDL,Gonapeptyl Daily 0.1 (por ampolla),Giovanni López Salamanca,1864.0,2,4
GDL,Gonapeptyl Daily 0.1 (por ampolla),Jorge Michel,2260.0,3,5
GDL,Gonapeptyl Daily 0.1 (por ampolla),Leslie Sharon Gamiño Sanchez,904.0,1,2
GDL,Gonapeptyl Daily 0.1 (por ampolla),Norma Sharey Vazquez Jimenez,3840.0,4,8
GDL,Gonapeptyl Daily 0.1 (por ampolla),Tanya Barajas Serrano (Externa),600.0,1,1
GDL,Grupo Sanguíneo RH,(Sin asignar),318.97,1,1
GDL,Grupo Sanguíneo RH,Blanca Cardenas,0.0,2,2
GDL,Grupo Sanguíneo RH,Carlos Macias,318.97,1,1
GDL,Grupo Sanguíneo RH,Carlos Parra,318.97,12,12
GDL,Grupo Sanguíneo RH,Enfermeria,318.97,1,1
GDL,Grupo Sanguíneo RH,Giovanni López Salamanca,0.0,1,1
GDL,Grupo Sanguíneo RH,Jorge Michel,0.0,4,4
GDL,Hemoglobina glicosilada,Diana Duran,688.8,2,2
GDL,Hepatitis B HBeAg,Amaranta Paulina Martinez Alvarado,1293.1,2,2
GDL,Hepatitis B superficie HBsAg,Ericka Gabriela Yac Longoria,862.07,1,1
GDL,Histeroscopia Quirúrgica GDL,Carlos Parra,25862.07,1,1
GDL,Histeroscopia diagnostica,Blanca Cardenas,17241.38,1,1
GDL,Histeroscopia diagnostica,Carlos Parra,73275.86,4,4
GDL,Histeroscopia diagnostica,Diana Duran,77586.2,4,4
GDL,Histeroscopia diagnostica GDL,Ruth Hernández Sánchez,45258.63,3,3
GDL,Histeroscopia diagnostica GDL,Tanya Barajas Serrano (Externa),15086.21,1,1
GDL,Histeroscopia diagnóstica con anestesia,Carlos Parra,17241.38,1,1
GDL,Histeroscopia diagnóstica con anestesia,Norma Sharey Vazquez Jimenez,17241.38,1,1
GDL,Histerosonografía,Jorge Michel,15086.2,5,5
GDL,Horizon 613,Giovanni López Salamanca,16379.31,1,1
GDL,Hormona Luteinizante (LH),(Sin asignar),521.55,1,1
GDL,Hormona Luteinizante (LH),Carlos Parra,1043.1,2,3
GDL,Hormona Luteinizante (LH),Diana Duran,2086.2,6,4
GDL,Hormona Luteinizante (LH),Norma Sharey Vazquez Jimenez,1564.65,3,3
GDL,Inseminacion GDL,Blanca Cardenas,14353.45,1,1
GDL,Inseminacion GDL,Carlos Parra,47844.84,7,3
GDL,Inseminacion GDL,Diana Duran,31896.56,2,2
GDL,Inseminacion GDL,Norma Sharey Vazquez Jimenez,15948.28,1,1
GDL,Inseminación intrauterina - GDL,Blanca Cardenas,10991.38,1,1
GDL,Insulina basal,(Sin asignar),948.28,2,2
GDL,Insulina basal,Blanca Cardenas,474.14,1,1
GDL,Insulina basal,Diana Duran,2134.49,6,6
GDL,Insulina basal,Enfermeria,474.14,1,1
GDL,Insulina basal,Norma Sharey Vazquez Jimenez,4267.26,9,9
GDL,Insulina basal,Yazmin Ramos,474.14,1,1
GDL,LEVONORGESTREL/ ETINILESTRADIOL 0.15/0.03MG 21 TAB (MICROGYNON),Norma Sharey Vazquez Jimenez,414.0,1,1
GDL,LIPOPROTEINA (a) Lp(a),Carlos Parra,0.0,1,1
GDL,Letz 2.5mg,(Sin asignar),800.0,1,1
GDL,Letz 2.5mg,Blanca Cardenas,1380.0,2,2
GDL,Letz 2.5mg,Carlos Parra,9000.0,12,12
GDL,Letz 2.5mg,Diana Duran,1600.0,2,2
GDL,Letz 2.5mg,Jorge Michel,800.0,1,1
GDL,Letz 2.5mg,Norma Sharey Vazquez Jimenez,800.0,1,1
GDL,MATTER FOLIXOL 750 MG,Carlos Parra,450.0,1,1
GDL,MYO D-CHIRO 40:1 (HOLIHERB),Carlos Parra,1970.0,2,2
GDL,MYO D-CHIRO 40:1 (HOLIHERB),Diana Duran,4686.73,5,5
GDL,Merapur 75 UI (por ampolla),Blanca Cardenas,82273.0,29,95
GDL,Merapur 75 UI (por ampolla),Carlos Parra,130753.0,57,155
GDL,Merapur 75 UI (por ampolla),Diana Duran,40940.0,11,46
GDL,Merapur 75 UI (por ampolla),Giovanni López Salamanca,18689.0,9,22
GDL,Merapur 75 UI (por ampolla),Jorge Michel,61303.0,9,73
GDL,Merapur 75 UI (por ampolla),Norma Sharey Vazquez Jimenez,8010.0,3,9
GDL,Merapur 75 UI (por ampolla),Tanya Barajas Serrano (Externa),3321.0,1,3
GDL,Miomectomía,Blanca Cardenas,17585.34,1,1
GDL,OESTROGEL .0.06 / 100 G (ESTRADIOL EN GEL),Carlos Parra,2700.0,4,4
GDL,OMEGA 3 DE 90 CÁPS (MATTER),Carlos Parra,336.21,1,1
GDL,OVIDREL F-PEN 250MCG - PLUMAS,Blanca Cardenas,11449.0,5,5
GDL,OVIDREL F-PEN 250MCG - PLUMAS,Carlos Parra,39605.45,18,18
GDL,OVIDREL F-PEN 250MCG - PLUMAS,Diana Duran,14100.0,6,6
GDL,OVIDREL F-PEN 250MCG - PLUMAS,Edna Amaro,2350.0,1,1
GDL,OVIDREL F-PEN 250MCG - PLUMAS,Giovanni López Salamanca,2350.0,1,1
GDL,OVIDREL F-PEN 250MCG - PLUMAS,Jorge Michel,11256.0,4,5
GDL,OVIDREL F-PEN 250MCG - PLUMAS,Norma Sharey Vazquez Jimenez,2350.0,1,1
GDL,Ovidrel 250 mg,Blanca Cardenas,2049.0,1,1
GDL,Ovidrel 250 mg,Carlos Parra,4098.0,2,2
GDL,Ovodonacion donadora nacional x óvulo,Edna Amaro,82758.56,1,6
GDL,Ovodonación donadora asiática x óvulo,Carlos Parra,155172.41,1,6
GDL,PERFIL HEPATICO,Diana Duran,629.31,1,1
GDL,PERGOVERIS PEN 300/150IU,Carlos Parra,15950.0,2,3
GDL,PERGOVERIS PEN 300/150IU,Norma Sharey Vazquez Jimenez,5850.0,1,1
GDL,PERGOVERIS PEN 900/450IU,Blanca Cardenas,15150.0,1,1
GDL,PERGOVERIS PEN 900/450IU,Carlos Parra,219673.31,14,16
GDL,PERGOVERIS PEN 900/450IU,Diana Duran,151500.0,8,10
GDL,PERGOVERIS PEN 900/450IU,Norma Sharey Vazquez Jimenez,60600.0,4,4
GDL,PGT-A por embrion,Aldo Loza Mapome,41379.31,1,4
GDL,PGT-A por embrion,Amaranta Paulina Martinez Alvarado,207758.62,8,24
GDL,PGT-A por embrion,Candice Ann Barba Gomez,20689.37,2,2
GDL,PGT-A por embrion,Carlos Parra,367206.94,12,40
GDL,PGT-A por embrion,Diana Duran,84655.22,4,9
GDL,PGT-A por embrion,Edna Amaro,189655.2,5,22
GDL,PGT-A por embrion,Emma Gabriela Portillo Osorio,12931.03,1,1
GDL,PGT-A por embrion,Jorge Michel,147172.42,5,16
GDL,PGT-A por embrion,Jorge Michel (EX),202413.84,4,23
GDL,PGT-A por embrion,Leslie Sharon Gamiño Sanchez,161206.93,5,16
GDL,PGT-A por embrion,Norma Sharey Vazquez Jimenez,37068.95,2,3
GDL,PGT-A por embrion,Ruth Hernández Sánchez,74827.55,2,8
GDL,PGT-A por embrion,Tanya Barajas Serrano (Externa),67241.4,2,6
GDL,PGT-A por embrion,Yazmin Ramos,419827.65,12,41
GDL,PGT-A por embrion,Zaida Maria Villa Deluna,10344.83,1,1
GDL,PRIMOGYN 2 MG C/28 GRAG,Carlos Parra,10000.0,9,13
GDL,PRIMOGYN 2 MG C/28 GRAG,Diana Duran,2000.0,1,2
GDL,PRIMOGYN 2 MG C/28 GRAG,Jorge Michel,23000.0,10,23
GDL,PRIMOGYN 2 MG C/28 GRAG,Norma Sharey Vazquez Jimenez,5000.0,4,5
GDL,PROVERA 5 MG 24 TAB,Diana Duran,450.0,1,1
GDL,Panel de detección de 10 ETS,Carlos Parra,4741.38,1,1
GDL,Papanicolaou,(Sin asignar),0.0,2,2
GDL,Papanicolaou,Ana Giannina Garcia,0.0,2,2
GDL,Papanicolaou,Blanca Cardenas,1177.59,42,40
GDL,Papanicolaou,Carlos Parra,5443.12,27,27
GDL,Papanicolaou,Diana Duran,2355.18,74,70
GDL,Papanicolaou,Eugenia Morán Orozco,0.0,1,1
GDL,Papanicolaou,Fabiola del Carmen Brito Sandoval,0.0,2,2
GDL,Papanicolaou,Itzury Padilla,0.0,1,1
GDL,Papanicolaou,Jorge Michel,3532.77,4,4
GDL,Papanicolaou,José Alfonso Gutiérrez Frusch,0.0,1,1
GDL,Papanicolaou,Norma Sharey Vazquez Jimenez,10658.64,55,55
GDL,Papanicolaou,Tanya Barajas Serrano,0.0,1,1
GDL,Papanicolaou,Yazmin Ramos,0.0,5,5
GDL,Paquete Análisis Serología,(Sin asignar),6206.89,5,5
GDL,Paquete Análisis Serología,Blanca Cardenas,0.0,4,4
GDL,Paquete Análisis Serología,Candice Ann Barba Gomez,3793.1,2,2
GDL,Paquete Análisis Serología,Carlos Parra,4310.34,25,25
GDL,Paquete Análisis Serología,Diana Duran,6465.51,9,9
GDL,Paquete Análisis Serología,Enfermeria,2155.17,1,1
GDL,Paquete Análisis Serología,Giovanni López Salamanca,0.0,2,2
GDL,Paquete Análisis Serología,Jorge Michel,0.0,5,5
GDL,Paquete Análisis Serología,Norma Sharey Vazquez Jimenez,4310.34,5,5
GDL,Paquete Análisis Serología,Ruben Gonzalez Ruiz,2155.17,1,1
GDL,Paquete Análisis Serología,Yazmin Ramos,2155.17,1,1
GDL,Paquete ConFianza - GDL,Blanca Cardenas,232758.62,1,1
GDL,Paquete Hormonas Basales,(Sin asignar),2586.21,1,1
GDL,Paquete Hormonas Basales,Carlos Parra,2586.21,1,1
GDL,Paquete Hormonas Basales,Giovanni López Salamanca,2586.21,1,1
GDL,Paquete Hormonas Basales,Norma Sharey Vazquez Jimenez,7327.59,3,3
GDL,Patología Biopsia de endometrio,Blanca Cardenas,1551.72,1,1
GDL,Patología Biopsia de endometrio,Carlos Parra,1551.72,1,1
GDL,Patología Biopsia de endometrio,Yazmin Ramos,1551.72,1,1
GDL,Patología de secreción por pezon,Blanca Cardenas,172.41,1,1
GDL,Perfil ETS,(Sin asignar),4741.38,1,1
GDL,Perfil ETS,Blanca Cardenas,8620.68,2,2
GDL,Perfil ETS,Carlos Parra,22413.78,5,5
GDL,Perfil ETS,Diana Duran,39913.78,10,10
GDL,Perfil ETS,Giovanni López Salamanca,4310.34,1,1
GDL,Perfil ETS,Norma Sharey Vazquez Jimenez,18103.44,4,4
GDL,Perfil ETS Femenino / Cultivos infecciosos,Blanca Cardenas,6465.51,2,2
GDL,Perfil ETS Femenino / Cultivos infecciosos,Carlos Parra,18749.99,5,5
GDL,Perfil ETS Femenino / Cultivos infecciosos,Giovanni López Salamanca,4310.34,1,1
GDL,Perfil ETS Femenino / Cultivos infecciosos,Jorge Michel,3879.31,1,1
GDL,Perfil ETS Femenino / Cultivos infecciosos,Ruben Gonzalez Ruiz,8620.68,2,2
GDL,Perfil ETS Masculino / Cultivos infecciosos,Jorge Michel,3879.31,1,1
GDL,Perfil ETS Masculino / Cultivos infecciosos,Norma Sharey Vazquez Jimenez,4310.34,1,1
GDL,Perfil FI valoración,Carlos Parra,10137.94,3,3
GDL,Perfil FI valoración,Diana Duran,10137.94,2,2
GDL,Perfil Hepatico,Carlos Parra,1258.62,3,3
GDL,Perfil Hepatico,Diana Duran,566.38,1,1
GDL,Perfil antifosfolipidos,Carlos Parra,0.0,1,1
GDL,Perfil de lípidos,Carlos Parra,1536.21,2,2
GDL,Perfil de lípidos,Diana Duran,5088.8,7,7
GDL,Perfil de lípidos,Norma Sharey Vazquez Jimenez,1706.9,2,2
GDL,Perfil disparo captura,Blanca Cardenas,0.0,4,4
GDL,Perfil disparo captura,Carlos Parra,618.1,45,45
GDL,Perfil disparo captura,Diana Duran,0.0,5,5
GDL,Perfil disparo captura,Giovanni López Salamanca,0.0,2,2
GDL,Perfil disparo captura,Jorge Michel,0.0,3,3
GDL,Perfil disparo captura,Leslie Sharon Gamiño Sanchez,717.0,1,1
GDL,Perfil disparo captura,Norma Sharey Vazquez Jimenez,0.0,7,7
GDL,Perfil inicio,Blanca Cardenas,1195.0,6,6
GDL,Perfil inicio,Carlos Parra,1195.0,32,32
GDL,Perfil inicio,Diana Duran,0.0,6,6
GDL,Perfil inicio,Giovanni López Salamanca,0.0,2,2
GDL,Perfil inicio,Jorge Michel,0.0,4,4
GDL,Perfil inicio,Norma Sharey Vazquez Jimenez,0.0,6,6
GDL,Perfil pre operatorios,Blanca Cardenas,0.0,3,3
GDL,Perfil pre operatorios,Carlos Parra,431.03,8,8
GDL,Perfil pre operatorios,Diana Duran,431.03,7,7
GDL,Perfil pre operatorios,Giovanni López Salamanca,431.03,2,2
GDL,Perfil pre operatorios,Jorge Michel,431.03,2,2
GDL,Perfil pre operatorios,Norma Sharey Vazquez Jimenez,0.0,5,5
GDL,Perfil pre operatorios,Yazmin Ramos,431.03,1,1
GDL,Perfil pre transferencia,Carlos Parra,0.0,8,8
GDL,Perfil pre transferencia,Jorge Michel,0.0,2,2
GDL,Perfil pre transferencia,Norma Sharey Vazquez Jimenez,0.0,1,1
GDL,Perfil preparación endometrial,Blanca Cardenas,0.0,3,3
GDL,Perfil preparación endometrial,Carlos Macias,478.0,1,1
GDL,Perfil preparación endometrial,Carlos Parra,1912.0,29,25
GDL,Perfil preparación endometrial,Diana Duran,478.0,3,3
GDL,Perfil preparación endometrial,Jorge Michel,0.0,19,19
GDL,Perfil preparación endometrial,Norma Sharey Vazquez Jimenez,0.0,2,2
GDL,Perfil seguimiento folicular,Blanca Cardenas,0.0,14,14
GDL,Perfil seguimiento folicular,Carlos Parra,0.0,49,49
GDL,Perfil seguimiento folicular,Diana Duran,0.0,10,10
GDL,Perfil seguimiento folicular,Giovanni López Salamanca,0.0,7,7
GDL,Perfil seguimiento folicular,Jorge Michel,0.0,2,2
GDL,Perfil seguimiento folicular,Norma Sharey Vazquez Jimenez,0.0,10,10
GDL,Perfil trombofílico GDL,Carlos Parra,42475.86,3,3
GDL,Pergoveris 900 UI,Carlos Parra,99253.0,6,7
GDL,Plática de resultados,Blanca Cardenas,517.24,1,1
GDL,Plática de resultados,Carlos Parra,2068.96,4,4
GDL,Plática de resultados,Jorge Michel,1034.48,2,2
GDL,Plática de resultados,Norma Sharey Vazquez Jimenez,1034.48,2,2
GDL,Plática de resultados,Yazmin Ramos,517.24,1,1
GDL,Plática de resultados incluída,Carlos Parra,0.0,7,7
GDL,Plática de resultados incluída,Diana Duran,0.0,2,2
GDL,Plática de resultados incluída,Jorge Michel,0.0,1,1
GDL,Plática de resultados incluída,Norma Sharey Vazquez Jimenez,0.0,2,2
GDL,Plática de resultados online,Blanca Cardenas,517.24,1,1
GDL,Plática de resultados online,Norma Sharey Vazquez Jimenez,517.24,1,1
GDL,Plática de resultados online incluída,(Sin asignar),0.0,1,1
GDL,Plática de resultados online incluída,Jorge Michel,0.0,3,3
GDL,Primogyn 2mg (caja c/28),Blanca Cardenas,1000.0,1,1
GDL,Progesterona,Blanca Cardenas,387.93,1,1
GDL,Progesterona,Carlos Parra,775.86,3,4
GDL,Progesterona,Edna Amaro,387.93,1,1
GDL,Progesterona,Ericka Gabriela Yac Longoria,387.93,1,1
GDL,Progesterona,Jorge Michel,0.0,1,1
GDL,Progesterona,Leslie Sharon Gamiño Sanchez,387.93,1,1
GDL,Prolactina,(Sin asignar),775.86,2,2
GDL,Prolactina,Blanca Cardenas,387.93,1,1
GDL,Prolactina,Carlos Parra,387.93,3,3
GDL,Prolactina,Diana Duran,1163.79,3,3
GDL,Prolactina,Enfermeria,387.93,1,1
GDL,Prolactina,Jorge Michel,1939.65,5,5
GDL,Prolactina,Norma Sharey Vazquez Jimenez,1939.65,5,5
GDL,Proteína C de la Coagulación (Actividad),Blanca Cardenas,1845.79,1,1
GDL,Proteína S de la Coagulación (Actividad),Blanca Cardenas,2223.94,1,1
GDL,Provera 5mg,Carlos Parra,450.0,1,1
GDL,Quimica Sanguinea 3,Norma Sharey Vazquez Jimenez,129.31,1,1
GDL,Quimica sanguinea 4 elementos,Carlos Parra,0.0,1,1
GDL,Química Sanguínea 28 elementos,(Sin asignar),1465.52,1,1
GDL,Química Sanguínea 28 elementos,Carlos Parra,1172.41,2,2
GDL,Química Sanguínea 28 elementos,Enfermeria,1465.52,1,1
GDL,Química Sanguínea 28 elementos,Jorge Michel,1465.52,1,1
GDL,Química Sanguínea 28 elementos,Norma Sharey Vazquez Jimenez,2931.04,2,2
GDL,Química Sanguínea 6 elementos,Diana Duran,597.41,2,2
GDL,Química Sanguínea 6 elementos,Norma Sharey Vazquez Jimenez,1120.68,2,2
GDL,Re-biopsia embrionaria,Carlos Parra,3017.24,1,1
GDL,Retiro de DIU,Diana Duran,1724.13,2,2
GDL,Retiro de DIU,Norma Sharey Vazquez Jimenez,1293.1,1,1
GDL,SUPLEMENTO ONE,Carlos Parra,1034.48,1,1
GDL,SUPLEMENTO ONE,Diana Duran,2068.96,2,2
GDL,Sedación (Anestesia),Edna Amaro,5172.41,1,1
GDL,Servicios Administrativos,Jorge Michel,38793.1,3,3
GDL,Servicios Administrativos,Leslie Sharon Gamiño Sanchez,2155.17,1,1
GDL,Servicios Administrativos,Norma Sharey Vazquez Jimenez,8620.69,1,1
GDL,Sesión de Masaje - GDL,Blanca Cardenas,0.0,1,1
GDL,Sesión de Masaje - GDL,Carlos Parra,1103.45,5,5
GDL,Sesión de Masaje - GDL,Jorge Michel,0.0,1,1
GDL,Sesión de Masaje - GDL,Norma Sharey Vazquez Jimenez,0.0,1,1
GDL,Sesión de Masaje Incluída,Blanca Cardenas,0.0,2,2
GDL,Sesión de Masaje Incluída,Carlos Parra,0.0,6,6
GDL,Subunidad beta cuantitativa,Carlos Parra,948.28,12,12
GDL,Subunidad beta cuantitativa,Diana Duran,1422.42,3,3
GDL,Subunidad beta cuantitativa,Jorge Michel,474.14,3,3
GDL,Subunidad beta cuantitativa,Norma Sharey Vazquez Jimenez,0.0,1,1
GDL,Subunidad beta cuantitativa,Yazmin Ramos,948.28,3,3
GDL,T3 - Libre,Ariadne Coutiño Bravo,0.0,2,0
GDL,T3 - Libre,Carlos Parra,275.86,1,1
GDL,T3 - Total,Diana Duran,87.14,1,1
GDL,T4 - Libre,(Sin asignar),551.72,2,2
GDL,T4 - Libre,Ariadne Coutiño Bravo,275.86,3,1
GDL,T4 - Libre,Blanca Cardenas,275.86,1,1
GDL,T4 - Libre,Carlos Parra,1655.16,6,6
GDL,T4 - Libre,Diana Duran,670.69,3,3
GDL,T4 - Libre,Jorge Michel,827.58,5,5
GDL,T4 - Libre,Norma Sharey Vazquez Jimenez,2482.74,9,9
GDL,T4 - Total,Diana Duran,87.12,1,1
GDL,TSH,(Sin asignar),1163.79,3,3
GDL,TSH,Ariadne Coutiño Bravo,387.93,5,1
GDL,TSH,Blanca Cardenas,387.93,1,1
GDL,TSH,Carlos Parra,1163.79,5,5
GDL,TSH,Diana Duran,1512.93,6,4
GDL,TSH,Enfermeria,387.93,1,1
GDL,TSH,Jorge Michel,1551.72,4,4
GDL,TSH,Norma Sharey Vazquez Jimenez,2327.58,6,6
GDL,Tarjeta RI Witness,Ruth Hernández Sánchez,405.17,1,1
GDL,Tarjeta RI Witness,Tanya Barajas Serrano (Externa),405.17,1,1
GDL,Terapia individual - GDL,Norma Sharey Vazquez Jimenez,2068.96,4,2
GDL,Terapia individual incluida,Carlos Parra,0.0,1,1
GDL,Terapia psicológica online - GDL,Diana Duran,0.0,1,1
GDL,Terapia psicológica online - GDL,Norma Sharey Vazquez Jimenez,2344.82,2,2
GDL,Testosterona Libre,(Sin asignar),1077.59,1,1
GDL,Testosterona Libre,Norma Sharey Vazquez Jimenez,1077.59,1,1
GDL,Testosterona Total,(Sin asignar),275.86,1,1
GDL,Testosterona Total,Norma Sharey Vazquez Jimenez,275.86,1,1
GDL,Testosterona Total y Testosterona Libre,Diana Duran,2456.91,5,3
GDL,Testosterona Total y Testosterona Libre,Laboratorio FIV/Andrología,818.97,1,1
GDL,Testosterona Total y Testosterona Libre,Norma Sharey Vazquez Jimenez,1637.94,2,2
GDL,Testosterona biodisponible,Diana Duran,2763.79,4,2
GDL,Tiempos de Coagulación,Blanca Cardenas,0.0,2,2
GDL,Tiempos de Coagulación,Carlos Macias,905.17,1,1
GDL,Tiempos de Coagulación,Carlos Parra,1810.34,13,13
GDL,Tiempos de Coagulación,Enfermeria,905.17,1,1
GDL,Tiempos de Coagulación,Giovanni López Salamanca,0.0,1,1
GDL,Tiempos de Coagulación,Jorge Michel,0.0,4,4
GDL,Transferencia embrionaria - GDL,Carlos Parra,0.0,2,0
GDL,Traslado de gametos locales,Amaranta Paulina Martinez Alvarado,6586.21,3,3
GDL,Traslado de gametos locales,Candice Ann Barba Gomez,1781.02,1,1
GDL,Traslado de gametos locales,Carlos Parra,4386.21,2,2
GDL,Traslado de gametos locales,Edna Amaro,2000.0,1,1
GDL,Traslado de gametos locales,Leslie Sharon Gamiño Sanchez,1999.14,1,1
GDL,Traslado de gametos locales,Yazmin Ramos,4310.34,2,2
GDL,Traslado de gametos nacional,Blanca Cardenas,12931.03,1,1
GDL,Traslado de gametos nacional,Carlos Parra,22413.8,2,2
GDL,Traslado de gametos nacional,Emma Gabriela Portillo Osorio,12931.03,1,1
GDL,Triglicéridos,Norma Sharey Vazquez Jimenez,241.38,1,1
GDL,UTROGESTAN 200 MG 14 CÁPSULAS,Carlos Parra,5600.0,4,8
GDL,UTROGESTAN 200 MG 14 CÁPSULAS,Jorge Michel,9100.0,5,13
GDL,UTROGESTAN 200 MG 14 CÁPSULAS,Norma Sharey Vazquez Jimenez,2800.0,2,4
GDL,UTrogestan 200 mg,Blanca Cardenas,1950.0,1,3
GDL,Ultrasonido,(Sin asignar),1293.1,1,1
GDL,Ultrasonido,Blanca Cardenas,5172.4,4,4
GDL,Ultrasonido,Carlos Parra,34311.13,27,28
GDL,Ultrasonido,Diana Duran,7758.6,6,6
GDL,Ultrasonido,Gisela Cuevas Velasco,1293.1,1,1
GDL,Ultrasonido,Jorge Michel,1293.1,1,1
GDL,Ultrasonido,Norma Sharey Vazquez Jimenez,9051.7,7,7
GDL,Ultrasonido,Yazmin Ramos,7758.6,6,6
GDL,Ultrasonido incluído,Blanca Cardenas,0.0,4,4
GDL,Ultrasonido incluído,Carlos Parra,0.0,31,31
GDL,Ultrasonido incluído,Diana Duran,0.0,6,6
GDL,Ultrasonido incluído,Jorge Michel,0.0,2,2
GDL,Ultrasonido incluído,Leslie Sharon Gamiño Sanchez,0.0,1,1
GDL,Ultrasonido incluído,Norma Sharey Vazquez Jimenez,0.0,2,2
GDL,Ultrasonido incluído,Yazmin Ramos,0.0,1,1
GDL,Uso de consultorio1hr con US,Blanca Cardenas,2844.81,8,6
GDL,Uso de consultorio1hr con US,Carlos Macias,1724.52,4,4
GDL,Uso de consultorio1hr con US,Edna Amaro,560.34,1,1
GDL,VDRL,Amaranta Paulina Martinez Alvarado,387.93,1,1
GDL,VDRL,Carlos Parra,0.0,1,1
GDL,VDRL,Tanya Barajas Serrano (Externa),387.93,1,1
GDL,Vitamina B-12,Carlos Parra,810.34,1,1
GDL,"Vitamina D 1,25-di-hidroxi colecalciferol (Con D3)",(Sin asignar),2025.86,1,1
GDL,"Vitamina D 1,25-di-hidroxi colecalciferol (Con D3)",Blanca Cardenas,2025.86,1,1
GDL,"Vitamina D 1,25-di-hidroxi colecalciferol (Con D3)",Carlos Parra,7853.45,5,5
GDL,"Vitamina D 1,25-di-hidroxi colecalciferol (Con D3)",Diana Duran,7349.14,4,4
GDL,"Vitamina D 1,25-di-hidroxi colecalciferol (Con D3)",Jorge Michel,10129.3,5,5
GDL,"Vitamina D 1,25-di-hidroxi colecalciferol (Con D3)",Norma Sharey Vazquez Jimenez,15646.53,7,7
GDL,Vitrificación de óvulos/embriones - GDL,Carlos Parra,12737.07,1,1
GDL,[EX-FET] Transferencia de Embrión Congelado GDL,Amaranta Paulina Martinez Alvarado,11506.03,1,1
GDL,[EX-FET] Transferencia de Embrión Congelado GDL,Yazmin Ramos,12500.0,1,1
GDL,[EX] Aspiración de quiste,Jorge Michel (EX),11379.31,1,1
GDL,[EX] Biopsia testicular para FIV/ ICSI,Carlos Eduardo Sandoval Castro,27586.2,2,2
GDL,[EX] Biopsia testicular para FIV/ ICSI,Emanuel Sanchez,27586.2,2,2
GDL,[EX] Biopsia testicular para FIV/ ICSI,Emma Gabriela Portillo Osorio,13793.1,1,1
GDL,[EX] Biopsia testicular para FIV/ ICSI,Leslie Sharon Gamiño Sanchez,13793.1,1,1
GDL,[EX] Captura + Fertilización + VItrificación (Embryo Freezing) GDL,Amaranta Paulina Martinez Alvarado,85991.37,3,3
GDL,[EX] Captura + Fertilización + VItrificación (Embryo Freezing) GDL,Edna Amaro,181034.46,6,6
GDL,[EX] Captura + Fertilización + VItrificación (Embryo Freezing) GDL,Emanuel Sanchez,25646.55,1,1
GDL,[EX] Captura + Fertilización + VItrificación (Embryo Freezing) GDL,Ericka Gabriela Yac Longoria,30172.41,1,1
GDL,[EX] Captura + Fertilización + VItrificación (Embryo Freezing) GDL,Mariela Elizaith Caballero Cedillo,30172.41,1,1
GDL,[EX] Captura + Fertilización + VItrificación (Embryo Freezing) GDL,Ruth Hernández Sánchez,0.0,2,0
GDL,[EX] Captura + Fertilización + VItrificación (Embryo Freezing) GDL,Tanya Barajas Serrano (Externa),30172.41,1,1
GDL,[EX] Captura + Fertilización + VItrificación (Embryo Freezing) GDL,Yazmin Ramos,60344.82,2,2
GDL,[EX] Captura + Fertilización GDL,Amaranta Paulina Martinez Alvarado,46551.72,2,2
GDL,[EX] Captura + Fertilización GDL,Edna Amaro,69827.58,3,3
GDL,[EX] Captura + Fertilización GDL,Emma Gabriela Portillo Osorio,23275.86,1,1
GDL,[EX] Captura + Fertilización GDL,Ericka Gabriela Yac Longoria,23275.86,1,1
GDL,[EX] Captura + Fertilización GDL,Jorge Michel (EX),0.0,2,0
GDL,[EX] Captura + Fertilización GDL,Leslie Sharon Gamiño Sanchez,46551.72,2,2
GDL,[EX] Captura + Fertilización GDL,Mariela Elizaith Caballero Cedillo,23275.86,1,1
GDL,[EX] Captura + Fertilización GDL,Ruth Hernández Sánchez,91378.7,6,4
GDL,[EX] Captura + Fertilización GDL,Tanya Barajas Serrano (Externa),23275.86,1,1
GDL,[EX] Captura + Fertilización GDL,Yazmin Ramos,69827.58,3,3
GDL,[EX] Captura + Fertilización GDL,Zaida Maria Villa Deluna,23275.86,1,1
GDL,[EX] Captura GDL,Aldo Loza Mapome,15302.93,1,1
GDL,[EX] Captura GDL,Amaranta Paulina Martinez Alvarado,108620.68,7,7
GDL,[EX] Captura GDL,Edna Amaro,17241.38,1,1
GDL,[EX] Captura GDL,Emanuel Sanchez,48275.86,3,3
GDL,[EX] Captura GDL,Jorge Michel (EX),63793.1,4,4
GDL,[EX] Captura GDL,Leslie Sharon Gamiño Sanchez,34482.76,2,2
GDL,[EX] Captura GDL,Mariela Elizaith Caballero Cedillo,15517.24,1,1
GDL,[EX] Captura GDL,Ruth Hernández Sánchez,46551.72,3,3
GDL,[EX] Captura GDL,Sofia Rodriguez Mendoza (MEFI),15517.24,1,1
GDL,[EX] Captura GDL,Virginia Isabel Salas Valencia,8620.69,1,1
GDL,[EX] Captura GDL,Yazmin Ramos,148275.86,11,9
GDL,[EX] Captura sin recuperación GDL,Edna Amaro,18103.45,1,1
GDL,[EX] Captura sin recuperación GDL,Ruth Hernández Sánchez,31034.49,2,2
GDL,[EX] Captura+ Vitrificacion de ovocitos GDL,Aldo Loza Mapome,21424.1,1,1
GDL,[EX] Captura+ Vitrificacion de ovocitos GDL,Amaranta Paulina Martinez Alvarado,168965.51,7,7
GDL,[EX] Captura+ Vitrificacion de ovocitos GDL,Candice Ann Barba Gomez,48275.86,2,2
GDL,[EX] Captura+ Vitrificacion de ovocitos GDL,Edna Amaro,24137.93,1,1
GDL,[EX] Captura+ Vitrificacion de ovocitos GDL,Emanuel Sanchez,109741.36,5,5
GDL,[EX] Captura+ Vitrificacion de ovocitos GDL,Emma Gabriela Portillo Osorio,36206.9,2,2
GDL,[EX] Captura+ Vitrificacion de ovocitos GDL,Ericka Gabriela Yac Longoria,61551.72,3,3
GDL,[EX] Captura+ Vitrificacion de ovocitos GDL,Jorge Michel (EX),72413.79,3,3
GDL,[EX] Captura+ Vitrificacion de ovocitos GDL,Leslie Sharon Gamiño Sanchez,45862.07,2,2
GDL,[EX] Captura+ Vitrificacion de ovocitos GDL,Ruth Hernández Sánchez,44655.17,2,2
GDL,[EX] Captura+ Vitrificacion de ovocitos GDL,Sofia Rodriguez Mendoza (MEFI),24137.93,1,1
GDL,[EX] Captura+ Vitrificacion de ovocitos GDL,Yazmin Ramos,48275.86,2,2
GDL,[EX] Captura+ Vitrificacion de ovocitos GDL,Zaida Maria Villa Deluna,12068.97,1,1
GDL,[EX] Congelamiento de semen (1 depósito),Emanuel Sanchez,4310.34,1,1
GDL,[EX] Desvitrificación GDL,Aldo Loza Mapome,5356.03,1,1
GDL,[EX] Desvitrificación GDL,Amaranta Paulina Martinez Alvarado,12068.96,2,2
GDL,[EX] Desvitrificación GDL,Candice Ann Barba Gomez,6034.48,1,1
GDL,[EX] Desvitrificación GDL,Carlos Macias,6034.48,1,1
GDL,[EX] Desvitrificación GDL,Edna Amaro,18103.44,3,3
GDL,[EX] Desvitrificación GDL,Emanuel Sanchez,17421.55,3,3
GDL,[EX] Desvitrificación GDL,Emma Gabriela Portillo Osorio,6034.48,1,1
GDL,[EX] Desvitrificación GDL,Ericka Gabriela Yac Longoria,6034.48,1,1
GDL,[EX] Desvitrificación GDL,Jorge Michel (EX),18103.44,3,3
GDL,[EX] Desvitrificación GDL,Leslie Sharon Gamiño Sanchez,18103.44,3,3
GDL,[EX] Desvitrificación GDL,Norma Sharey Vazquez Jimenez,6034.48,1,1
GDL,[EX] Desvitrificación GDL,Ruth Hernández Sánchez,6034.48,3,1
GDL,[EX] Desvitrificación GDL,Tanya Barajas Serrano (Externa),12068.96,2,2
GDL,[EX] Desvitrificación GDL,Yazmin Ramos,54310.32,9,9
GDL,[EX] Desvitrificación GDL,Zaida Maria Villa Deluna,6034.48,1,1
GDL,"[EX] Desvitrificación de óvulos congelados, Fertilización + Transferencia diferida GDL",Blanca Cardenas,22629.31,1,1
GDL,"[EX] Desvitrificación de óvulos congelados, Fertilización + Transferencia diferida GDL",Candice Ann Barba Gomez,30172.41,1,1
GDL,"[EX] Desvitrificación de óvulos congelados, Fertilización + Transferencia en fresco GDL",Edna Amaro,18103.45,1,1
GDL,"[EX] Desvitrificación de óvulos congelados, Fertilización + Transferencia en fresco GDL",Ericka Gabriela Yac Longoria,36206.9,2,2
GDL,[EX] Espermatobioscopía,(Sin asignar),0.0,1,1
GDL,[EX] Espermatobioscopía,Ana Giannina Garcia,2586.2,2,2
GDL,[EX] Espermatobioscopía,Blanca Cardenas,1163.79,1,1
GDL,"[EX] FIV/ICSI Diferido (captura, fertilización, vitrificación, desvitrificación y transferencia dife",Aldo Loza Mapome,15086.21,1,1
GDL,"[EX] FIV/ICSI Diferido (captura, fertilización, vitrificación, desvitrificación y transferencia dife",Amaranta Paulina Martinez Alvarado,84482.76,2,2
GDL,"[EX] FIV/ICSI Diferido (captura, fertilización, vitrificación, desvitrificación y transferencia dife",Candice Ann Barba Gomez,78512.91,2,2
GDL,"[EX] FIV/ICSI Diferido (captura, fertilización, vitrificación, desvitrificación y transferencia dife",Carlos Macias,15086.21,1,1
GDL,"[EX] FIV/ICSI Diferido (captura, fertilización, vitrificación, desvitrificación y transferencia dife",Edna Amaro,42241.38,1,1
GDL,"[EX] FIV/ICSI Diferido (captura, fertilización, vitrificación, desvitrificación y transferencia dife",Emanuel Sanchez,70290.92,2,2
GDL,"[EX] FIV/ICSI Diferido (captura, fertilización, vitrificación, desvitrificación y transferencia dife",Ericka Gabriela Yac Longoria,84482.76,2,2
GDL,"[EX] FIV/ICSI Diferido (captura, fertilización, vitrificación, desvitrificación y transferencia dife",Leslie Sharon Gamiño Sanchez,57327.47,2,2
GDL,"[EX] FIV/ICSI Diferido (captura, fertilización, vitrificación, desvitrificación y transferencia dife",Mariela Elizaith Caballero Cedillo,15086.09,1,1
GDL,"[EX] FIV/ICSI Fresco + vitri (captura, fertilización y transferencia al día 5 ó 6 + vitri de embrion",Emanuel Sanchez,32880.17,1,1
GDL,[EX] Fertilización,Aldo Loza Mapome,5356.03,1,1
GDL,[EX] Fertilización,Amaranta Paulina Martinez Alvarado,30172.4,5,5
GDL,[EX] Fertilización,Edna Amaro,6034.48,1,1
GDL,[EX] Fertilización,Emanuel Sanchez,12068.96,2,2
GDL,[EX] Fertilización,Jorge Michel (EX),30172.4,5,5
GDL,[EX] Fertilización,Leslie Sharon Gamiño Sanchez,6034.48,1,1
GDL,[EX] Fertilización,Norma Sharey Vazquez Jimenez,6034.48,1,1
GDL,[EX] Fertilización,Ruth Hernández Sánchez,18103.44,3,3
GDL,[EX] Fertilización,Tanya Barajas Serrano (Externa),6034.48,1,1
GDL,[EX] Fertilización,Yazmin Ramos,60344.8,12,10
GDL,[EX] Histeroscopia diagnostica,Emma Gabriela Portillo Osorio,12241.39,3,1
GDL,[EX] Histeroscopia diagnostica,Norma Sharey Vazquez Jimenez,15086.21,1,1
GDL,[EX] Histeroscopia diagnostica,Ruth Hernández Sánchez,45258.63,3,3
GDL,[EX] Histeroscopia diagnostica,Tanya Barajas Serrano,15086.21,1,1
GDL,[EX] Histeroscopia diagnostica,Tanya Barajas Serrano (Externa),60344.84,4,4
GDL,[EX] Histeroscopia diagnostica,Yazmin Ramos,27327.6,2,2
GDL,[EX] Histeroscopia diagnostica GDL,Ruth Hernández Sánchez,15086.21,1,1
GDL,"[EX] Inseminación Intrauterina (Incluye: Uso de consultorio, enfermera, capacitación y consumibles)",Amaranta Paulina Martinez Alvarado,12931.04,2,2
GDL,"[EX] Inseminación Intrauterina (Incluye: Uso de consultorio, enfermera, capacitación y consumibles)",Candice Ann Barba Gomez,12931.04,2,2
GDL,"[EX] Inseminación Intrauterina (Incluye: Uso de consultorio, enfermera, capacitación y consumibles)",Ericka Gabriela Yac Longoria,6465.52,1,1
GDL,"[EX] Inseminación Intrauterina (Incluye: Uso de consultorio, enfermera, capacitación y consumibles)",Leslie Sharon Gamiño Sanchez,58189.68,9,9
GDL,"[EX] Inseminación Intrauterina (Incluye: Uso de consultorio, enfermera, capacitación y consumibles)",Yazmin Ramos,32327.6,5,5
GDL,[EX] PGT por embrion (1 a 3),Blanca Cardenas,31034.48,1,3
GDL,[EX] PGT por embrion (1 a 3),Leslie Sharon Gamiño Sanchez,31034.48,1,3
GDL,[EX] PGT-A por embrion,Jorge Michel (EX),31034.48,1,3
GDL,[EX] PGT-A por embrión (4 en adelante),Amaranta Paulina Martinez Alvarado,36206.9,1,4
GDL,[EX] Transferencia GDL,Edna Amaro,12068.96,2,2
GDL,[EX] Transferencia GDL,Emanuel Sanchez,6034.48,1,1
GDL,[EX] Transferencia GDL,Ericka Gabriela Yac Longoria,6034.48,2,2
GDL,[EX] Transferencia GDL,Jorge Michel (EX),6034.48,1,1
GDL,[EX] Transferencia GDL,Leslie Sharon Gamiño Sanchez,6034.48,1,1
GDL,[EX] Transferencia GDL,Ruth Hernández Sánchez,6034.48,1,1
GDL,[EX] Transferencia GDL,Tanya Barajas Serrano (Externa),6034.48,1,1
GDL,[EX] Transferencia GDL,Yazmin Ramos,36206.88,6,6
GDL,[EX] Transferencia de congelados (caso de subrogación) GDL,Emanuel Sanchez,16810.34,1,1
GDL,[EX] Transferencia de congelados GDL,Amaranta Paulina Martinez Alvarado,84631.03,8,8
GDL,[EX] Transferencia de congelados GDL,Blanca Cardenas,0.0,1,1
GDL,[EX] Transferencia de congelados GDL,Candice Ann Barba Gomez,0.0,1,1
GDL,[EX] Transferencia de congelados GDL,Carlos Macias,0.0,1,1
GDL,[EX] Transferencia de congelados GDL,Edna Amaro,62500.0,6,6
GDL,[EX] Transferencia de congelados GDL,Emanuel Sanchez,10625.0,1,1
GDL,[EX] Transferencia de congelados GDL,Ericka Gabriela Yac Longoria,0.0,3,1
GDL,[EX] Transferencia de congelados GDL,Jorge Michel,12500.0,1,1
GDL,[EX] Transferencia de congelados GDL,Jorge Michel (EX),12500.0,1,1
GDL,[EX] Transferencia de congelados GDL,Mariela Elizaith Caballero Cedillo,0.0,1,1
GDL,[EX] Transferencia de congelados GDL,Ruth Hernández Sánchez,60655.18,6,6
GDL,[EX] Transferencia de congelados GDL,Sofia Rodriguez Mendoza (MEFI),10625.0,1,1
GDL,[EX] Transferencia de congelados GDL,Tanya Barajas Serrano (Externa),12500.0,2,2
GDL,[EX] Transferencia de congelados GDL,Yazmin Ramos,12500.0,1,1
GDL,[EX] Vitrificación,Amaranta Paulina Martinez Alvarado,55172.4,8,8
GDL,[EX] Vitrificación,Edna Amaro,34482.75,5,5
GDL,[EX] Vitrificación,Emanuel Sanchez,20689.65,3,3
GDL,[EX] Vitrificación,Emma Gabriela Portillo Osorio,6896.55,1,1
GDL,[EX] Vitrificación,Ericka Gabriela Yac Longoria,13793.1,2,2
GDL,[EX] Vitrificación,Jorge Michel (EX),41379.3,9,7
GDL,[EX] Vitrificación,Leslie Sharon Gamiño Sanchez,27586.2,4,4
GDL,[EX] Vitrificación,Mariela Elizaith Caballero Cedillo,6896.55,1,1
GDL,[EX] Vitrificación,Norma Sharey Vazquez Jimenez,6896.55,1,1
GDL,[EX] Vitrificación,Ruth Hernández Sánchez,34482.75,5,5
GDL,[EX] Vitrificación,Sofia Rodriguez Mendoza (MEFI),6896.55,1,1
GDL,[EX] Vitrificación,Tanya Barajas Serrano (Externa),6896.55,1,1
GDL,[EX] Vitrificación,Virginia Isabel Salas Valencia,6896.55,1,1
GDL,[EX] Vitrificación,Yazmin Ramos,89525.84,15,13
GDL,[EX] Vitrificación,Zaida Maria Villa Deluna,6896.55,1,1
GDL,[FET] Transferencia de Embrión Congelado GDL - MET,Carlos Parra,150905.2,6,6
GDL,[FET] Transferencia de Embrión Congelado GDL - MET,Jorge Michel,31465.52,1,1
GDL,patología,Carlos Parra,1551.72,1,1
GDL,Óvulos FI,Emma Gabriela Portillo Osorio,99000.0,1,6
GDL,Óvulos FI,Ericka Gabriela Yac Longoria,99000.0,1,6
GDL,Óvulos FI,Jorge Michel,77586.21,1,6
MTP,3 Coitos Programados - MET,Guadalupe Nolazco Beltrán,34482.76,4,4
MTP,5 años almacenamiento Óvulos,Guadalupe Nolazco Beltrán,12931.03,1,1
MTP,AMH (Nanogramos),Guadalupe Nolazco Beltrán,1724.14,7,7
MTP,ASPIRINA PROTEC 100MG 28 TAB,Guadalupe Nolazco Beltrán,3360.0,14,14
MTP,Almacenamiento de gametos 1 año,Guadalupe Nolazco Beltrán,80172.37,25,25
MTP,Almacenamiento de gametos 1 año,Sofia Rodriguez Mendoza (MEFI),4310.34,1,1
MTP,Almacenamiento de gametos 5 años,Armando Miguel Roque Sanchez,17241.38,1,1
MTP,Almacenamiento de gametos 5 años,Griselda Reyes Torres,12931.03,1,1
MTP,Almacenamiento de gametos 5 años,Guadalupe Nolazco Beltrán,12931.03,1,1
MTP,Antimulleriana AMH (Nanogramos),(Sin asignar),0.0,1,1
MTP,Antimulleriana AMH (Nanogramos),Enfermeria,0.0,2,2
MTP,Antimulleriana AMH (Nanogramos),Guadalupe Nolazco Beltrán,0.0,34,34
MTP,Antimulleriana AMH (Nanogramos),Norma Sharey Vazquez Jimenez,0.0,1,1
MTP,Aspirina protect (caja c/28),Guadalupe Nolazco Beltrán,1710.0,8,8
MTP,Biometria Hemática Pack,Guadalupe Nolazco Beltrán,0.0,6,6
MTP,Biometría hemática,Guadalupe Nolazco Beltrán,0.0,6,6
MTP,Biopsia testicular,Guadalupe Nolazco Beltrán,28000.0,1,1
MTP,Captura ovular y vitrificación - MET,Guadalupe Nolazco Beltrán,84375.0,2,2
MTP,Cetrotide 0.25mg,Guadalupe Nolazco Beltrán,220440.0,64,165
MTP,Check up Fertilidad Hombres MET,Guadalupe Nolazco Beltrán,3448.28,2,2
MTP,Check up Fertilidad Mujeres,Guadalupe Nolazco Beltrán,20520.67,11,11
MTP,Check up Fertilidad Mujeres MET,Guadalupe Nolazco Beltrán,6896.56,4,4
MTP,Check up Fertilidad Pareja MET,Enfermeria,2586.21,1,1
MTP,Check up Fertilidad Pareja MET,Guadalupe Nolazco Beltrán,25862.1,8,8
MTP,Check up Fertilidad Parejas,Guadalupe Nolazco Beltrán,21120.68,7,7
MTP,Check up fertilidad mujeres MTP,Norma Sharey Vazquez Jimenez,1724.14,1,1
MTP,Check up ginecologico,Guadalupe Nolazco Beltrán,11206.88,23,23
MTP,Check up ginecologico MET,Guadalupe Nolazco Beltrán,16732.72,13,13
MTP,Complete OMG-3 (90 tabletas),Guadalupe Nolazco Beltrán,2241.38,1,2
MTP,Congelamiento de embriones MET,Guadalupe Nolazco Beltrán,106853.52,2,2
MTP,Congelamiento de semen (por depósito) CDMX - GDL - MET,Guadalupe Nolazco Beltrán,17241.37,4,4
MTP,Congelamiento de óvulos GDL - MET,Guadalupe Nolazco Beltrán,130926.72,3,3
MTP,Consulta Fertilidad MET,Guadalupe Nolazco Beltrán,2413.8,2,2
MTP,Consulta Presencial Especialista [Promo 1000],Guadalupe Nolazco Beltrán,2586.21,3,3
MTP,Consulta de nutrición - MET,Guadalupe Nolazco Beltrán,0.0,1,1
MTP,Consulta de nutrición MET,Guadalupe Nolazco Beltrán,0.0,2,2
MTP,Consulta de primera vez,Guadalupe Nolazco Beltrán,10775.84,56,56
MTP,Consulta de primera vez online,Guadalupe Nolazco Beltrán,1120.69,2,2
MTP,Consulta de primera vez online [Promo 800],Guadalupe Nolazco Beltrán,1379.32,2,2
MTP,Consulta de primera vez presencial,Guadalupe Nolazco Beltrán,4310.35,6,6
MTP,Consulta online [Promo 800],Guadalupe Nolazco Beltrán,1379.32,2,2
MTP,Consulta presencial + HAM [Promo 1700],Enfermeria,1465.52,1,1
MTP,Consulta presencial + HAM [Promo 1700],Guadalupe Nolazco Beltrán,10258.64,7,7
MTP,"Consulta subsecuente
online",Guadalupe Nolazco Beltrán,1120.69,1,1
MTP,Cortisol,Guadalupe Nolazco Beltrán,280.17,1,1
MTP,Cuota de almacenamiento anual Ovulo,Guadalupe Nolazco Beltrán,4310.34,1,1
MTP,Cuota de almacenamiento anual Ovulo / Embrion,Griselda Reyes Torres,4310.34,1,1
MTP,Cuota de almacenamiento anual Ovulo / Embrion,Guadalupe Nolazco Beltrán,8620.68,2,2
MTP,Cuota de almacenamiento esperma,Guadalupe Nolazco Beltrán,4310.34,1,1
MTP,Espermatobioscopía (ED),Guadalupe Nolazco Beltrán,26982.7,37,37
MTP,Espermatobioscopía (ED),Laboratorio FIV/Andrología,6379.3,8,8
MTP,Estradiol,Guadalupe Nolazco Beltrán,1564.65,3,3
MTP,Examen general de orina,Guadalupe Nolazco Beltrán,698.28,3,3
MTP,FEMARA TAB 2.5MG C/30 TAB,Guadalupe Nolazco Beltrán,7246.0,2,2
MTP,FIV - MET,Guadalupe Nolazco Beltrán,414655.19,7,7
MTP,FIV Integral - MET,Guadalupe Nolazco Beltrán,109051.73,2,2
MTP,FIV con 3 Transferencias / IVF with 3 Transfers- MET,Guadalupe Nolazco Beltrán,699353.47,12,12
MTP,FSH,Guadalupe Nolazco Beltrán,2327.58,6,6
MTP,Fertility Check Up  MET,Guadalupe Nolazco Beltrán,5965.55,9,9
MTP,Fertilización de óvulos congelados y transferencia (DFT) - MET,Guadalupe Nolazco Beltrán,39655.17,1,1
MTP,Folixol,Guadalupe Nolazco Beltrán,1350.0,3,3
MTP,GONAL-F PEN2.0 - 300IU,Guadalupe Nolazco Beltrán,144518.0,22,27
MTP,GONAL-F PEN2.0 - 900IU,Guadalupe Nolazco Beltrán,740424.0,50,56
MTP,Glucosa,Guadalupe Nolazco Beltrán,1517.28,8,8
MTP,Gonal F 300 UI,Guadalupe Nolazco Beltrán,40144.0,5,8
MTP,Gonal F 900 UI,Guadalupe Nolazco Beltrán,127620.0,8,10
MTP,Gonapeptyl Daily 0.1 (por ampolla),Guadalupe Nolazco Beltrán,29600.0,29,64
MTP,Grupo Sanguíneo RH,Guadalupe Nolazco Beltrán,637.94,31,31
MTP,Histerosonografía,Guadalupe Nolazco Beltrán,8922.41,3,3
MTP,Hormona Luteinizante (LH),Guadalupe Nolazco Beltrán,2607.75,5,5
MTP,Insulina basal,Guadalupe Nolazco Beltrán,6637.96,14,14
MTP,LEVONORGESTREL/ ETINILESTRADIOL 0.15/0.03MG 21 TAB (MICROGYNON),Guadalupe Nolazco Beltrán,5382.0,13,13
MTP,Letz 2.5mg,Guadalupe Nolazco Beltrán,4000.0,5,5
MTP,Merapur 75 UI (por ampolla),Guadalupe Nolazco Beltrán,425585.0,89,507
MTP,Meticorten 20 mg,Guadalupe Nolazco Beltrán,2250.0,3,3
MTP,NOCELE 30 CAPSULAS,Guadalupe Nolazco Beltrán,1500.0,5,5
MTP,OGESTAN ANDRACTIV 30 CAPSULAS,Guadalupe Nolazco Beltrán,500.0,1,1
MTP,OMEGA 3 DE 90 CÁPS (MATTER),Guadalupe Nolazco Beltrán,4482.76,4,4
MTP,OVIDREL F-PEN 250MCG - PLUMAS,Guadalupe Nolazco Beltrán,73027.0,29,33
MTP,Ovidrel 250 mg,Guadalupe Nolazco Beltrán,8196.0,4,4
MTP,PERGOVERIS PEN 300/150IU,Guadalupe Nolazco Beltrán,5850.0,1,1
MTP,PERGOVERIS PEN 900/450IU,Guadalupe Nolazco Beltrán,118205.0,8,8
MTP,PGT-A por embrion,Guadalupe Nolazco Beltrán,438594.85,15,41
MTP,PREDNISONA 20 MG C/30 TAB (METICORTEN) ASPEN,Guadalupe Nolazco Beltrán,6000.0,8,8
MTP,PRIMOGYN 2 MG C/28 GRAG,Guadalupe Nolazco Beltrán,15000.0,15,15
MTP,Papanicolaou,Guadalupe Nolazco Beltrán,7958.63,24,24
MTP,Paquete Análisis Serología,Guadalupe Nolazco Beltrán,38793.06,20,20
MTP,Paquete Análisis Serología,Laboratorio FIV/Andrología,2155.17,1,1
MTP,Paquete SOP,Guadalupe Nolazco Beltrán,3879.31,1,1
MTP,Paquete estudios diagnóstico - MET,Guadalupe Nolazco Beltrán,131250.0,35,35
MTP,Paquete estudios diagnóstico - MET,Norma Sharey Vazquez Jimenez,3750.0,1,1
MTP,Perfil ETS Femenino / Cultivos infecciosos,Guadalupe Nolazco Beltrán,4310.34,1,1
MTP,Perfil Tiroideo con Ac. Antitiroideos,Guadalupe Nolazco Beltrán,1853.45,1,1
MTP,Perfil androgenico femenino,Guadalupe Nolazco Beltrán,10775.85,5,5
MTP,Perfil antifosfolipidos,Guadalupe Nolazco Beltrán,6517.24,2,2
MTP,Perfil bioquímico de 24 elementos,Guadalupe Nolazco Beltrán,5926.7,5,5
MTP,Perfil disparo captura,Guadalupe Nolazco Beltrán,0.0,28,28
MTP,Perfil inicio,Guadalupe Nolazco Beltrán,2390.0,50,50
MTP,Perfil pre captura,Guadalupe Nolazco Beltrán,0.0,13,13
MTP,Perfil pre transferencia,Guadalupe Nolazco Beltrán,0.0,14,14
MTP,Perfil preparación endometrial,Guadalupe Nolazco Beltrán,0.0,29,29
MTP,Perfil seguimiento folicular,Guadalupe Nolazco Beltrán,1912.0,71,73
MTP,Perfil tiroideo sin anticuerpos,Guadalupe Nolazco Beltrán,3586.2,4,4
MTP,Pergoveris 900 UI,Guadalupe Nolazco Beltrán,70895.0,4,5
MTP,Plática de resultados,Guadalupe Nolazco Beltrán,2586.2,5,5
MTP,Plática de resultados incluída,Guadalupe Nolazco Beltrán,0.0,48,48
MTP,Plática de resultados incluída,Norma Sharey Vazquez Jimenez,0.0,1,1
MTP,Plática de resultados online,Guadalupe Nolazco Beltrán,1034.48,2,2
MTP,Plática de resultados online incluída,Guadalupe Nolazco Beltrán,0.0,3,3
MTP,Preparación endometrial y desvitrificación - MET,Guadalupe Nolazco Beltrán,0.0,5,5
MTP,Prolactina,Guadalupe Nolazco Beltrán,2327.58,6,6
MTP,Prueba de Transferencia,Guadalupe Nolazco Beltrán,2586.21,1,1
MTP,Química Sanguínea 28 elementos,Guadalupe Nolazco Beltrán,1465.52,1,1
MTP,REGENESIX MAX CAPSULAS,Guadalupe Nolazco Beltrán,2400.0,3,3
MTP,SUPLEMENTO - FORCELL FEM,Enfermeria,2685.0,2,3
MTP,SUPLEMENTO - FORCELL FEM,Guadalupe Nolazco Beltrán,3580.0,4,4
MTP,SUPLEMENTO - FORCELL FEM,Norma Sharey Vazquez Jimenez,895.0,1,1
MTP,SUPLEMENTO - FORCELL MEN,Guadalupe Nolazco Beltrán,21258.0,9,9
MTP,SUPLEMENTO - FORCELL MEN,Laboratorio FIV/Andrología,2362.0,1,1
MTP,Sesión de Acupuntura - MET,Guadalupe Nolazco Beltrán,0.0,1,1
MTP,Sesión de Masaje - MET,Guadalupe Nolazco Beltrán,0.0,5,5
MTP,Sesión de Masaje Incluída,Guadalupe Nolazco Beltrán,0.0,9,9
MTP,Subunidad beta cuantitativa,Guadalupe Nolazco Beltrán,3290.53,25,25
MTP,Suplemento Forcel Fem,Guadalupe Nolazco Beltrán,1790.0,1,2
MTP,TSH,Guadalupe Nolazco Beltrán,2327.58,6,6
MTP,Testosterona Total,Guadalupe Nolazco Beltrán,551.72,2,2
MTP,Tiempos de Coagulación,Guadalupe Nolazco Beltrán,1810.34,31,31
MTP,UTROGESTAN 100MG CAP CAJ C/30,Guadalupe Nolazco Beltrán,55900.0,32,86
MTP,UTrogestan 100 mg,Guadalupe Nolazco Beltrán,18650.0,14,34
MTP,Ultrasonido,Guadalupe Nolazco Beltrán,46551.63,30,36
MTP,Ultrasonido incluído,Guadalupe Nolazco Beltrán,0.0,115,115
MTP,[FET] Transferencia de Embrión Congelado GDL - MET,Guadalupe Nolazco Beltrán,0.0,12,12
total,(EX) EmbryoScope Kit,Jose Juan Guerrero Vargas,3448.28,1,1
total,(EX) EmbryoScope Kit,Lilia Berenice Leyva Macias,10344.83,2,2
total,(EX) EmbryoScope Kit,Monica Olavarria,13793.11,3,3
total,(EX) EmbryoScope Kit,Monica Yazmin Olavarria Guadarrama,3448.28,1,1
total,(EX) EmbryoScope Kit,Oliver Paul Cruz Orozco,0.0,1,1
total,(EX) EmbryoScope Kit,Perla del Rocio Baca Olivoo,3448.28,1,1
total,(EX) Fertilización PICSI / Microfluidos,Giovanni López Salamanca,3017.24,1,1
total,(EX) Fertilización PICSI / Microfluidos,Jaime Antonio Hidalgo Carrera,12068.96,4,4
total,(EX) Fertilización PICSI / Microfluidos,Jairo Hernando Pedraza Pinto,2068.97,1,1
total,(EX) Gonal-F Pen 2.0 900IU,Candice Ann Barba Gomez,30900.0,1,3
total,(EX) Gonal-F Pen 2.0 900IU,María Elena González Panzzi,20600.0,1,2
total,(EX) Merapur 75 UI (Por caja),María Elena González Panzzi,5400.0,2,2
total,(EX) Ovidrel F-Pen 250MCG,María Elena González Panzzi,3160.0,1,2
total,(EX) REKOVELLE SOL FOR INJ 12MCG/0.36ML CON 3 AGUJA,Claudia Melina Robellada Zarate,2500.0,1,1
total,(EX) REKOVELLE SOL FOR INJ 72MCG/2.16ML CON 9 AGUJA,Alejandro Sanchez Aranda,14000.0,1,1
total,(Ex GDL) Histeroscopía con anestesia,Ruth Hernández Sánchez,13793.1,1,1
total,(Ex) Anualidad criopreservación óvulos y/o embriones,Edna Amaro,4310.34,1,1
total,(Ex) Anualidad criopreservación óvulos y/o embriones,Maria Victoria Marchese,4310.34,1,1
total,(Ex) Desvitrificación + transferencia,Fabian Ricardo Castañeda Bochm,12801.72,1,1
total,(Ex) Mensualidad criopreservación óvulos y/o embriones,Alejandro Kava Braveman,3620.69,3,7
total,(Ex) Mensualidad criopreservación óvulos y/o embriones,Daniel Pascal Ponton,1448.28,2,4
total,(Ex) Mensualidad criopreservación óvulos y/o embriones,Eugenia Morán Orozco,517.24,1,1
total,(Ex) Mensualidad criopreservación óvulos y/o embriones,Fabiola del Carmen Brito Sandoval,1551.72,1,3
total,(Ex) Mensualidad criopreservación óvulos y/o embriones,Griselda Reyes Torres,2068.96,2,4
total,(Ex) Mensualidad criopreservación óvulos y/o embriones,Jorge Alberto Campos Cañas,2586.21,2,5
total,(Ex) Mensualidad criopreservación óvulos y/o embriones,José Manuel Lozano Sánchez,3620.69,2,7
total,(Ex) Mensualidad criopreservación óvulos y/o embriones,Ruben Tlapanco Vargas,5172.41,2,10
total,15 Óvulos Garantizados / 15 Eggs Guaranteed CDMX,Armando Miguel Roque Sanchez,198275.86,2,2
total,17 Hidroxiprogesterona,Diana Duran,948.28,1,1
total,17 Hidroxiprogesterona,Monica Olavarria,1896.56,2,2
total,20 Óvulos Garantizados / 20 Eggs Guaranteed CDMX,Alma Victoria Villarreal Barranca,232758.62,2,2
total,20 Óvulos Garantizados / 20 Eggs Guaranteed CDMX,Eugenia Morán Orozco,116379.31,1,1
total,20 Óvulos Garantizados / 20 Eggs Guaranteed CDMX,Jaime Antonio Hidalgo Carrera,54956.9,1,1
total,3 Coitos Programados - MET,Guadalupe Nolazco Beltrán,34482.76,4,4
total,5 años almacenamiento,Eugenia Morán Orozco,12931.03,1,1
total,5 años almacenamiento Embrion,Eugenia Morán Orozco,12931.03,1,1
total,5 años almacenamiento Embriones,Giovanni López Salamanca,12931.03,1,1
total,5 años almacenamiento Esperma,Giovanni López Salamanca,12931.03,1,1
total,5 años almacenamiento Esperma,Jaime Antonio Hidalgo Carrera,12931.03,1,1
total,5 años almacenamiento Esperma,José Alfonso Gutiérrez Frusch,12931.03,1,1
total,5 años almacenamiento Óvulos,Andrea Andrade Rodríguez,12931.03,1,1
total,5 años almacenamiento Óvulos,Blanca Cardenas,12931.03,1,1
total,5 años almacenamiento Óvulos,Carlos Parra,51724.12,4,4
total,5 años almacenamiento Óvulos,Eugenia Morán Orozco,64655.15,5,5
total,5 años almacenamiento Óvulos,Giovanni López Salamanca,25862.06,2,2
total,5 años almacenamiento Óvulos,Griselda Reyes Torres,12931.03,1,1
total,5 años almacenamiento Óvulos,Guadalupe Nolazco Beltrán,12931.03,1,1
total,5 años almacenamiento Óvulos,Jairo Hernando Pedraza Pinto,12931.03,1,1
total,5 años almacenamiento Óvulos,José Alfonso Gutiérrez Frusch,12931.03,1,1
total,5 años almacenamiento Óvulos,Mayella Fernández del Campo,25862.06,2,2
total,5 años almacenamiento Óvulos,Miguel Ángel Martínez Enríquez,12931.03,1,1
total,5 años almacenamiento Óvulos,Tanya Barajas Serrano,12931.03,1,1
total,5 años almacenamiento Óvulos / Embrion,Alejandro Kava Braveman,25862.06,2,2
total,5 años almacenamiento Óvulos / Embrion,Alejandro Sanchez Aranda,25862.06,2,2
total,5 años almacenamiento Óvulos / Embrion,Armando Miguel Roque Sanchez,12931.03,1,1
total,5 años almacenamiento Óvulos / Embrion,Carlos Parra,24710.34,2,2
total,5 años almacenamiento Óvulos / Embrion,Eugenia Morán Orozco,51724.12,4,4
total,5 años almacenamiento Óvulos / Embrion,Eva Bonifacio Leon,77585.41,6,6
total,5 años almacenamiento Óvulos / Embrion,Fabiola Gallardo Gómez,12931.03,1,1
total,5 años almacenamiento Óvulos / Embrion,Giovanni López Salamanca,51724.12,4,4
total,5 años almacenamiento Óvulos / Embrion,Jaime Antonio Hidalgo Carrera,12931.03,1,1
total,5 años almacenamiento Óvulos / Embrion,Jairo Hernando Pedraza Pinto,12931.03,1,1
total,5 años almacenamiento Óvulos / Embrion,José Alfonso Gutiérrez Frusch,232758.54,18,18
total,5 años almacenamiento Óvulos / Embrion,Maria Victoria Marchese,25862.06,2,2
total,5 años almacenamiento Óvulos / Embrion,María de los Ángeles Flores Manzur,12931.03,1,1
total,5 años almacenamiento Óvulos / Embrion,Mayella Fernández del Campo,38793.09,3,3
total,5 años almacenamiento Óvulos / Embrion,Ruben Gonzalez Ruiz,25862.07,1,2
total,5 años almacenamiento Óvulos / Embrion,Tanya Barajas Serrano,12931.03,1,1
total,5 años almacenamiento Óvulos / Embrion,Tanya Barajas Serrano (Externa),12931.03,1,1
total,ADN Fetal - Panorama Básico,Eugenia Morán Orozco,60172.4,4,4
total,ADN Fetal - Panorama Básico,Giovanni López Salamanca,30086.2,2,2
total,ADN Fetal - Panorama Básico,Jairo Hernando Pedraza Pinto,15043.1,1,1
total,ADN Fetal - Panorama Extendido,Giovanni López Salamanca,19181.03,2,2
total,ALICE,Norma Sharey Vazquez Jimenez,13050.0,1,1
total,AMH (Nanogramos),(Sin asignar),0.0,3,3
total,AMH (Nanogramos),Alejandro Sanchez Aranda,3017.24,2,2
total,AMH (Nanogramos),Armando Miguel Roque Sanchez,0.0,5,5
total,AMH (Nanogramos),Blanca Cardenas,0.0,6,6
total,AMH (Nanogramos),Carlos Parra,0.0,5,5
total,AMH (Nanogramos),Enfermeria,3017.24,2,2
total,AMH (Nanogramos),Eugenia Morán Orozco,3448.28,14,14
total,AMH (Nanogramos),Giovanni López Salamanca,1724.14,6,6
total,AMH (Nanogramos),Guadalupe Nolazco Beltrán,1724.14,7,7
total,AMH (Nanogramos),Jaime Antonio Hidalgo Carrera,3448.28,8,8
total,AMH (Nanogramos),Jairo Hernando Pedraza Pinto,1724.14,8,8
total,AMH (Nanogramos),Monica Olavarria,1724.14,4,4
total,AMH (Nanogramos),Norma Sharey Vazquez Jimenez,0.0,5,5
total,AMH (Nanogramos),Ruben Gonzalez Ruiz,1724.14,9,9
total,AMH (Nanogramos),Tanya Barajas Serrano,0.0,1,1
total,ASPIRINA PROTEC 100MG 28 TAB,Alejandro Sanchez Aranda,480.0,2,2
total,ASPIRINA PROTEC 100MG 28 TAB,Alma Victoria Villarreal Barranca,1680.0,7,7
total,ASPIRINA PROTEC 100MG 28 TAB,Armando Miguel Roque Sanchez,3840.0,16,16
total,ASPIRINA PROTEC 100MG 28 TAB,Blanca Cardenas,240.0,1,1
total,ASPIRINA PROTEC 100MG 28 TAB,Carlos Parra,1440.0,6,6
total,ASPIRINA PROTEC 100MG 28 TAB,Eugenia Morán Orozco,44075.6,183,185
total,ASPIRINA PROTEC 100MG 28 TAB,Giovanni López Salamanca,21979.2,92,93
total,ASPIRINA PROTEC 100MG 28 TAB,Guadalupe Nolazco Beltrán,3360.0,14,14
total,ASPIRINA PROTEC 100MG 28 TAB,Jaime Antonio Hidalgo Carrera,6000.0,25,25
total,ASPIRINA PROTEC 100MG 28 TAB,Jairo Hernando Pedraza Pinto,12960.0,54,54
total,ASPIRINA PROTEC 100MG 28 TAB,José Alfonso Gutiérrez Frusch,240.0,1,1
total,ASPIRINA PROTEC 100MG 28 TAB,María Elena González Panzzi,240.0,1,1
total,ASPIRINA PROTEC 100MG 28 TAB,Monica Olavarria,480.0,2,2
total,ASPIRINA PROTEC 100MG 28 TAB,Norma Sharey Vazquez Jimenez,240.0,1,1
total,ASPIRINA PROTEC 100MG 28 TAB,Ruben Gonzalez Ruiz,3091.2,13,13
total,ASPIRINA PROTEC 100MG 28 TAB,Tanya Barajas Serrano (Externa),240.0,1,1
total,AUN NO SUCEDE EL TRATAMIENTO,Eugenia Morán Orozco,0.0,1,1
total,"Ac. Anti TPO (Tiroperoxidasa, Microsomales)",Ariadne Coutiño Bravo,1060.19,5,1
total,"Ac. Anti TPO (Tiroperoxidasa, Microsomales)",Carlos Parra,603.45,1,1
total,"Ac. Anti TPO (Tiroperoxidasa, Microsomales)",Maritza Ivett Rojas Valencia,603.45,1,1
total,Ac. Anti-Beta 2 Glicoproteína IgG,Jairo Hernando Pedraza Pinto,0.0,1,1
total,Ac. Anti-Chlamydia Trachomatis IgG e IgM,Eugenia Morán Orozco,2672.42,2,2
total,Ac. Anti-Hepatitis A IgM,Carlos Parra,663.79,1,1
total,Ac. Anti-Nucleares (ANAs) por Inmunofluorescencia,Carlos Parra,948.28,1,1
total,Ac. Anti-Rh (Coombs Indirecto),Jorge Michel,258.62,1,1
total,Ac. Anti-Rh (Coombs Indirecto),Yazmin Ramos,258.62,1,1
total,Ac. Anti-Tiroglobulina (Anti-TG),Carlos Parra,560.34,1,1
total,Ac. Anti-Tiroglobulina (Anti-TG),Maritza Ivett Rojas Valencia,560.34,1,1
total,Ac. Anti-Virus Herpes (HSV) Tipo I y II IgG e IgM,Eugenia Morán Orozco,948.28,2,2
total,Ac. Anti-Virus Herpes (HSV) Tipo I y II IgG e IgM,Giovanni López Salamanca,948.28,2,2
total,Ac. Anti-tiroideos,Eugenia Morán Orozco,0.0,1,1
total,Ac. Anti-tiroideos,Jairo Hernando Pedraza Pinto,2129.31,1,1
total,Ac. Anti-tiroideos,Ruben Gonzalez Ruiz,1465.52,1,1
total,Acido úrico,Carlos Parra,354.3,3,3
total,Alfa Fetoproteína (AFP),Diana Duran,702.59,1,1
total,Alfa Fetoproteína (AFP),Giovanni López Salamanca,702.59,1,1
total,All Inclusive Surrogacy Package CDMX,(Sin asignar),181034.48,1,1
total,All Inclusive Surrogacy Package CDMX,Alma Victoria Villarreal Barranca,181034.48,1,1
total,All Inclusive Surrogacy Package CDMX,Eugenia Morán Orozco,858620.92,4,4
total,All Inclusive Surrogacy Package CDMX,Giovanni López Salamanca,412500.16,3,3
total,All Inclusive Surrogacy Package CDMX,Jairo Hernando Pedraza Pinto,323275.86,2,2
total,Almacenamiento de gametos 1 año,(Sin asignar),6034.48,1,1
total,Almacenamiento de gametos 1 año,Alejandro Kava Braveman,64655.12,13,13
total,Almacenamiento de gametos 1 año,Alejandro Sanchez Aranda,81034.44,15,15
total,Almacenamiento de gametos 1 año,Alma Victoria Villarreal Barranca,10344.82,2,2
total,Almacenamiento de gametos 1 año,Amaranta Paulina Martinez Alvarado,16379.3,3,3
total,Almacenamiento de gametos 1 año,Andrea Andrade Rodríguez,12499.99,3,3
total,Almacenamiento de gametos 1 año,Armando Miguel Roque Sanchez,14655.16,6,6
total,Almacenamiento de gametos 1 año,Candice Ann Barba Gomez,6034.48,1,1
total,Almacenamiento de gametos 1 año,Carlos Andres Lejtik Alva,12068.97,1,2
total,Almacenamiento de gametos 1 año,Carlos Parra,41379.3,10,10
total,Almacenamiento de gametos 1 año,Daniel Pascal Ponton,16379.3,3,3
total,Almacenamiento de gametos 1 año,Daniel Vieyra Cortés,4310.34,1,1
total,Almacenamiento de gametos 1 año,Deborah Cassis Bendeck,10344.82,3,3
total,Almacenamiento de gametos 1 año,Diana Duran,6034.48,1,1
total,Almacenamiento de gametos 1 año,Edith Cervantes Guerrero,24137.92,4,4
total,Almacenamiento de gametos 1 año,Emanuel Sanchez,12068.96,2,2
total,Almacenamiento de gametos 1 año,Eugenia Morán Orozco,276723.99,54,58
total,Almacenamiento de gametos 1 año,Eva Bonifacio Leon,31637.91,5,5
total,Almacenamiento de gametos 1 año,Fabiola del Carmen Brito Sandoval,6034.48,1,1
total,Almacenamiento de gametos 1 año,Felipe de Jesús Compeán Báez,8620.68,2,2
total,Almacenamiento de gametos 1 año,Gerardo Armando Paladino Barquera,47413.76,9,9
total,Almacenamiento de gametos 1 año,Giovanni López Salamanca,201939.54,38,39
total,Almacenamiento de gametos 1 año,Gisela Cuevas Velasco,18965.5,5,5
total,Almacenamiento de gametos 1 año,Griselda Reyes Torres,56034.44,12,12
total,Almacenamiento de gametos 1 año,Guadalupe Nolazco Beltrán,80172.37,25,25
total,Almacenamiento de gametos 1 año,Horacio Méndez Serrano,4310.34,1,1
total,Almacenamiento de gametos 1 año,Isabel Suarez Zaragoza,6034.48,1,1
total,Almacenamiento de gametos 1 año,Jaime Antonio Hidalgo Carrera,10344.82,2,2
total,Almacenamiento de gametos 1 año,Jairo Hernando Pedraza Pinto,26724.12,5,5
total,Almacenamiento de gametos 1 año,Jefsi Argelia Leon Dominguez,10344.82,2,2
total,Almacenamiento de gametos 1 año,Jorge Alberto Campos Cañas,10344.82,3,3
total,Almacenamiento de gametos 1 año,Jorge Michel,28448.26,5,5
total,Almacenamiento de gametos 1 año,José Alfonso Gutiérrez Frusch,211637.79,42,43
total,Almacenamiento de gametos 1 año,José Manuel Lozano Sánchez,23620.67,5,5
total,Almacenamiento de gametos 1 año,Maria Victoria Marchese,26724.12,5,5
total,Almacenamiento de gametos 1 año,Maritza Ivett Rojas Valencia,6034.48,1,1
total,Almacenamiento de gametos 1 año,María Elena González Panzzi,8620.68,2,2
total,Almacenamiento de gametos 1 año,María de los Ángeles Flores Manzur,18965.5,4,4
total,Almacenamiento de gametos 1 año,Mayela Fernandez del Campo (MEFI),4310.34,1,1
total,Almacenamiento de gametos 1 año,Mayella Fernández del Campo,17241.36,4,4
total,Almacenamiento de gametos 1 año,Melissa Itzel Villagomez Aleman,20689.64,4,4
total,Almacenamiento de gametos 1 año,Miguel Ángel Martínez Enríquez,18103.44,3,3
total,Almacenamiento de gametos 1 año,Miranda Lucía Morán Morales,6034.48,1,1
total,Almacenamiento de gametos 1 año,Monica Olavarria,10344.82,2,2
total,Almacenamiento de gametos 1 año,Monica Yazmin Olavarria Guadarrama,4310.34,1,1
total,Almacenamiento de gametos 1 año,Paola Berenice Merchand Álvarez,10344.82,2,2
total,Almacenamiento de gametos 1 año,Peggy Molina Vargas,6034.48,1,1
total,Almacenamiento de gametos 1 año,Ruben Gonzalez Ruiz,34482.74,6,6
total,Almacenamiento de gametos 1 año,Ruth Hernández Sánchez,26724.21,5,5
total,Almacenamiento de gametos 1 año,Sofia Rodriguez Mendoza (MEFI),18965.51,4,4
total,Almacenamiento de gametos 1 año,Tanya Barajas Serrano (Externa),6034.48,1,1
total,Almacenamiento de gametos 5 años,Alejandro Kava Braveman,51724.12,4,4
total,Almacenamiento de gametos 5 años,Alejandro Sanchez Aranda,68965.5,5,5
total,Almacenamiento de gametos 5 años,Armando Miguel Roque Sanchez,142241.35,11,12
total,Almacenamiento de gametos 5 años,Blanca Cardenas,12931.03,1,1
total,Almacenamiento de gametos 5 años,Carlos Andres Lejtik Alva,12931.03,1,1
total,Almacenamiento de gametos 5 años,Carlos Parra,12931.03,1,1
total,Almacenamiento de gametos 5 años,Daniel Pascal Ponton,12931.03,1,1
total,Almacenamiento de gametos 5 años,Diana Duran,17241.38,1,1
total,Almacenamiento de gametos 5 años,Edna Amaro,12931.03,1,1
total,Almacenamiento de gametos 5 años,Enfermeria,12931.03,1,1
total,Almacenamiento de gametos 5 años,Eugenia Morán Orozco,408706.81,29,30
total,Almacenamiento de gametos 5 años,Eva Bonifacio Leon,25862.06,2,4
total,Almacenamiento de gametos 5 años,Fabiola del Carmen Brito Sandoval,12931.03,1,1
total,Almacenamiento de gametos 5 años,Gerardo Armando Paladino Barquera,12931.03,1,1
total,Almacenamiento de gametos 5 años,Giovanni López Salamanca,125431.01,11,11
total,Almacenamiento de gametos 5 años,Gisela Cuevas Velasco,12931.03,1,1
total,Almacenamiento de gametos 5 años,Griselda Reyes Torres,25862.06,2,2
total,Almacenamiento de gametos 5 años,Guadalupe Nolazco Beltrán,12931.03,1,1
total,Almacenamiento de gametos 5 años,Horacio Méndez Serrano,12931.03,2,2
total,Almacenamiento de gametos 5 años,Jaime Antonio Hidalgo Carrera,12931.03,1,1
total,Almacenamiento de gametos 5 años,Jairo Hernando Pedraza Pinto,77586.2,6,6
total,Almacenamiento de gametos 5 años,Jorge Manuel Rodriguez Purata,12931.03,1,1
total,Almacenamiento de gametos 5 años,José Alfonso Gutiérrez Frusch,193965.47,14,14
total,Almacenamiento de gametos 5 años,José Manuel Lozano Sánchez,38793.09,3,3
total,Almacenamiento de gametos 5 años,Maria Victoria Marchese,25862.06,2,2
total,Almacenamiento de gametos 5 años,María de los Ángeles Flores Manzur,38793.09,3,3
total,Almacenamiento de gametos 5 años,Mayela Fernandez del Campo (MEFI),25862.06,2,2
total,Almacenamiento de gametos 5 años,Mayella Fernández del Campo,159482.72,11,13
total,Almacenamiento de gametos 5 años,Monica Yazmin Olavarria Guadarrama,12931.03,1,1
total,Almacenamiento de gametos 5 años,Norma Sharey Vazquez Jimenez,26293.1,2,2
total,Almacenamiento de gametos 5 años,Ruben Gonzalez Ruiz,73275.85,5,5
total,Almacenamiento de gametos 5 años,Sofia Rodriguez Mendoza (MEFI),43103.44,3,3
total,Almacenamiento de gametos 5 años,Tanya Barajas Serrano,9051.72,1,3
total,Androstenediona,(Sin asignar),387.93,1,1
total,Androstenediona,Jairo Hernando Pedraza Pinto,387.93,1,1
total,Androstenediona,Norma Sharey Vazquez Jimenez,775.86,2,2
total,Antigeno Prostático,Giovanni López Salamanca,948.28,1,1
total,Antimulleriana AMH (Nanogramos),(Sin asignar),16810.36,19,19
total,Antimulleriana AMH (Nanogramos),Alma Victoria Villarreal Barranca,14551.74,85,85
total,Antimulleriana AMH (Nanogramos),Ana Giannina Garcia,0.0,1,1
total,Antimulleriana AMH (Nanogramos),Armando Miguel Roque Sanchez,13689.67,42,42
total,Antimulleriana AMH (Nanogramos),Blanca Cardenas,5603.44,41,41
total,Antimulleriana AMH (Nanogramos),Carlos Macias,1724.14,1,1
total,Antimulleriana AMH (Nanogramos),Carlos Parra,7499.99,43,43
total,Antimulleriana AMH (Nanogramos),Diana Duran,6896.56,57,57
total,Antimulleriana AMH (Nanogramos),Enfermeria,12068.98,10,10
total,Antimulleriana AMH (Nanogramos),Eugenia Morán Orozco,16793.12,64,64
total,Antimulleriana AMH (Nanogramos),Giovanni López Salamanca,8413.8,55,55
total,Antimulleriana AMH (Nanogramos),Guadalupe Nolazco Beltrán,0.0,34,34
total,Antimulleriana AMH (Nanogramos),Itzury Padilla,0.0,2,2
total,Antimulleriana AMH (Nanogramos),Jaime Antonio Hidalgo Carrera,13689.67,40,40
total,Antimulleriana AMH (Nanogramos),Jairo Hernando Pedraza Pinto,12068.98,49,49
total,Antimulleriana AMH (Nanogramos),Jorge Michel,2500.0,8,8
total,Antimulleriana AMH (Nanogramos),José Alfonso Gutiérrez Frusch,0.0,1,1
total,Antimulleriana AMH (Nanogramos),Laboratorio FIV/Andrología,775.86,1,1
total,Antimulleriana AMH (Nanogramos),Miranda Lucía Morán Morales,8620.7,60,60
total,Antimulleriana AMH (Nanogramos),Monica Olavarria,8620.7,24,24
total,Antimulleriana AMH (Nanogramos),Norma Sharey Vazquez Jimenez,11724.13,56,56
total,Antimulleriana AMH (Nanogramos),Ruben Gonzalez Ruiz,10137.94,42,42
total,Antimulleriana AMH (Nanogramos),Tanya Barajas Serrano,1724.14,3,3
total,Antimulleriana AMH (Nanogramos),Yazmin Ramos,0.0,2,2
total,Antitrombina III,Giovanni López Salamanca,668.97,1,1
total,Antígeno Carcinoembrionario (CEA),Diana Duran,715.52,1,1
total,Antígeno Carcinoembrionario (CEA),Giovanni López Salamanca,715.52,1,1
total,Antígeno carbohidrato (CA 19-9),Diana Duran,0.0,1,1
total,Aspiración de quiste - CDMX,Alma Victoria Villarreal Barranca,40344.82,2,2
total,Aspiración de quiste - CDMX,Armando Miguel Roque Sanchez,21551.72,1,1
total,Aspiración de quiste - CDMX,Eugenia Morán Orozco,20172.41,1,1
total,Aspiración de quiste - CDMX,Giovanni López Salamanca,40344.82,2,2
total,Aspiración de quiste - CDMX,Miranda Lucía Morán Morales,20172.41,1,1
total,Aspiración de quiste - CDMX,Ruben Gonzalez Ruiz,20172.41,1,1
total,Aspirina protect (caja c/28),Armando Miguel Roque Sanchez,960.0,4,4
total,Aspirina protect (caja c/28),Blanca Cardenas,240.0,1,1
total,Aspirina protect (caja c/28),Carlos Parra,580.0,3,3
total,Aspirina protect (caja c/28),Eugenia Morán Orozco,11980.0,60,61
total,Aspirina protect (caja c/28),Giovanni López Salamanca,4549.6,24,24
total,Aspirina protect (caja c/28),Guadalupe Nolazco Beltrán,1710.0,8,8
total,Aspirina protect (caja c/28),Jaime Antonio Hidalgo Carrera,2490.0,13,13
total,Aspirina protect (caja c/28),Jairo Hernando Pedraza Pinto,3040.0,16,16
total,Aspirina protect (caja c/28),José Alfonso Gutiérrez Frusch,170.0,1,1
total,Aspirina protect (caja c/28),Ruben Gonzalez Ruiz,2360.0,12,12
total,BUN,Carlos Parra,258.63,3,3
total,Banco de donador de semen internacional - Disponibilidad 48 - 72 hrs CDMX,Eugenia Morán Orozco,21551.72,1,1
total,Banco de óvulo donadora internacional x óvulo - Disponibilidad 48 - 72 hrs CDMX,Armando Miguel Roque Sanchez,98275.86,1,6
total,Banco de óvulo donadora nacional x óvulo - Disponibilidad 48 - 72 hrs CDMX,Jaime Antonio Hidalgo Carrera,112500.0,1,9
total,Banco de óvulos FI - Ovodonación Ovobank (6 óvulos) - Disponibilidad inmediata CDMX,LORENA CHRISSIE OCEGUERA PALAO,85345.42,1,1
total,Biometria Hemática Pack,(Sin asignar),405.17,1,1
total,Biometria Hemática Pack,Alma Victoria Villarreal Barranca,388.0,4,4
total,Biometria Hemática Pack,Armando Miguel Roque Sanchez,364.66,12,12
total,Biometria Hemática Pack,Carlos Parra,0.0,4,4
total,Biometria Hemática Pack,Diana Duran,0.0,1,1
total,Biometria Hemática Pack,Enfermeria,370.69,1,1
total,Biometria Hemática Pack,Eugenia Morán Orozco,387.93,12,12
total,Biometria Hemática Pack,Giovanni López Salamanca,107.76,8,8
total,Biometria Hemática Pack,Griselda Reyes Torres,387.93,1,1
total,Biometria Hemática Pack,Guadalupe Nolazco Beltrán,0.0,6,6
total,Biometria Hemática Pack,Jaime Antonio Hidalgo Carrera,0.0,1,1
total,Biometria Hemática Pack,Jairo Hernando Pedraza Pinto,0.0,9,9
total,Biometria Hemática Pack,Jorge Michel,0.0,1,1
total,Biometria Hemática Pack,José Alfonso Gutiérrez Frusch,0.0,1,1
total,Biometria Hemática Pack,Lilia Berenice Leyva Macias,387.93,1,1
total,Biometria Hemática Pack,María Elena González Panzzi,0.0,1,1
total,Biometria Hemática Pack,Miranda Lucía Morán Morales,387.93,3,3
total,Biometria Hemática Pack,Monica Olavarria,0.0,1,1
total,Biometria Hemática Pack,Ruben Gonzalez Ruiz,0.0,3,3
total,Biometria Hemática Pack,Yazmin Ramos,0.0,1,1
total,Biometria hematica fi,Carlos Parra,0.0,2,2
total,Biometría hemática,(Sin asignar),387.93,1,1
total,Biometría hemática,Alejandro Sanchez Aranda,387.93,1,1
total,Biometría hemática,Alma Victoria Villarreal Barranca,0.0,1,1
total,Biometría hemática,Armando Miguel Roque Sanchez,1163.79,15,15
total,Biometría hemática,Blanca Cardenas,0.0,2,2
total,Biometría hemática,Carlos Andres Lejtik Alva,387.93,1,1
total,Biometría hemática,Carlos Macias,387.93,1,1
total,Biometría hemática,Carlos Parra,387.93,12,12
total,Biometría hemática,Eugenia Morán Orozco,3491.37,49,49
total,Biometría hemática,Gerardo Armando Paladino Barquera,775.86,2,2
total,Biometría hemática,Giovanni López Salamanca,775.86,24,24
total,Biometría hemática,Guadalupe Nolazco Beltrán,0.0,6,6
total,Biometría hemática,Jaime Antonio Hidalgo Carrera,1551.72,22,22
total,Biometría hemática,Jairo Hernando Pedraza Pinto,1551.72,32,32
total,Biometría hemática,Jorge Michel,0.0,3,3
total,Biometría hemática,Maritza Ivett Rojas Valencia,775.86,2,2
total,Biometría hemática,María Elena González Panzzi,387.93,1,1
total,Biometría hemática,María de los Ángeles Flores Manzur,387.93,1,1
total,Biometría hemática,Mayela Fernandez del Campo (MEFI),387.93,1,1
total,Biometría hemática,Monica Olavarria,0.0,4,4
total,Biometría hemática,Monica Yazmin Olavarria Guadarrama,387.93,2,2
total,Biometría hemática,Norma Sharey Vazquez Jimenez,1163.79,4,4
total,Biometría hemática,Ruben Gonzalez Ruiz,2234.48,24,24
total,Biopsia de endometrio,Armando Miguel Roque Sanchez,1551.72,1,1
total,Biopsia de endometrio,Diana Duran,3103.44,4,2
total,Biopsia de endometrio,Monica Olavarria,1551.72,1,1
total,Biopsia de endometrio,Oliver Paul Cruz Orozco,1551.72,1,1
total,Biopsia por embrión de 1 a 10,Giovanni López Salamanca,8620.69,1,1
total,Biopsia testicular,Eugenia Morán Orozco,29310.34,1,1
total,Biopsia testicular,Guadalupe Nolazco Beltrán,28000.0,1,1
total,Biopsia testicular,Miranda Lucía Morán Morales,28000.17,1,1
total,Biopsia testicular - CDMX,Armando Miguel Roque Sanchez,28000.0,1,1
total,Biopsia testicular - CDMX,Eugenia Morán Orozco,28000.0,1,1
total,Bolentax 40mg,Jaime Antonio Hidalgo Carrera,4000.0,1,5
total,Bolentax 40mg,Tanya Barajas Serrano (Externa),800.0,1,1
total,Búsqueda de microdeleciones del cromosoma Y,Enfermeria,5474.14,1,1
total,CA 125,Diana Duran,1120.68,2,2
total,CA 125,Giovanni López Salamanca,560.34,1,1
total,CARGO DOBLE,Eugenia Morán Orozco,0.0,3,3
total,CARGO DOBLE,Laboratorio FIV/Andrología,0.0,1,1
total,CARGO ERRADO,Eugenia Morán Orozco,0.0,1,1
total,CARGO ERRADO,Jairo Hernando Pedraza Pinto,0.0,2,10
total,"CICLO CANCELADO, NO SE DIO SERVICIO",Eugenia Morán Orozco,0.0,1,1
total,CUERPO AMARILLO FTE 6X2 50ML/2MG AMP (PROGESTERONA),Armando Miguel Roque Sanchez,6102.0,3,6
total,CUERPO AMARILLO FTE 6X2 50ML/2MG AMP (PROGESTERONA),Eugenia Morán Orozco,233910.0,158,231
total,CUERPO AMARILLO FTE 6X2 50ML/2MG AMP (PROGESTERONA),Giovanni López Salamanca,60958.98,39,60
total,CUERPO AMARILLO FTE 6X2 50ML/2MG AMP (PROGESTERONA),Jaime Antonio Hidalgo Carrera,31527.0,12,31
total,CUERPO AMARILLO FTE 6X2 50ML/2MG AMP (PROGESTERONA),Jairo Hernando Pedraza Pinto,39663.0,33,39
total,CUERPO AMARILLO FTE 6X2 50ML/2MG AMP (PROGESTERONA),Ruben Gonzalez Ruiz,15255.0,10,15
total,Capacitación espermática,Carlos Parra,3017.24,3,1
total,Capacitación espermática,Mayella Fernández del Campo,1508.62,1,1
total,Captura + Fertilización + VItrificación (Embryo Freezing) CDMX,Gerardo Armando Paladino Barquera,55818.97,2,2
total,Captura + Fertilización + VItrificación (Embryo Freezing) CDMX,María de los Ángeles Flores Manzur,29138.46,1,1
total,Captura + Fertilización GDL,Sofia Rodriguez Mendoza (MEFI),23275.86,1,1
total,Captura + Vitrificación (Egg Freezing) CDMX,Griselda Reyes Torres,22015.6,1,1
total,Captura + Vitrificación (Egg Freezing) CDMX,María de los Ángeles Flores Manzur,25862.07,1,1
total,Captura + fertilización CDMX,Alejandro Sanchez Aranda,21250.0,1,1
total,Captura + fertilización CDMX,Gisela Cuevas Velasco,21250.0,1,1
total,Captura + fertilización CDMX,Magdalena Cruz Luna,12235.0,1,1
total,Captura + fertilización CDMX,Miguel Ángel Martínez Enríquez,21250.0,1,1
total,Captura CDMX,Gerardo Armando Paladino Barquera,9482.76,1,1
total,Captura ovular y vitrificación - CDMX,Armando Miguel Roque Sanchez,58189.66,1,1
total,Captura ovular y vitrificación - CDMX,Eugenia Morán Orozco,864224.17,13,13
total,Captura ovular y vitrificación - CDMX,Giovanni López Salamanca,488146.57,7,7
total,Captura ovular y vitrificación - CDMX,Jaime Antonio Hidalgo Carrera,262715.52,4,4
total,Captura ovular y vitrificación - CDMX,Jairo Hernando Pedraza Pinto,58189.66,1,1
total,Captura ovular y vitrificación - CDMX,Monica Olavarria,140086.21,2,2
total,Captura ovular y vitrificación - CDMX,Ruben Gonzalez Ruiz,418318.99,9,7
total,Captura ovular y vitrificación - GDL,Blanca Cardenas,43642.24,1,1
total,Captura ovular y vitrificación - GDL,Carlos Parra,165840.52,4,4
total,Captura ovular y vitrificación - MET,Guadalupe Nolazco Beltrán,84375.0,2,2
total,Cargo Administrativo,Norma Sharey Vazquez Jimenez,5797.41,1,1
total,Cargos administrativos,Alejandro Kava Braveman,6034.48,1,1
total,Cargos administrativos,Aline Yunuen García Cortes,405.17,1,1
total,Cargos administrativos,Carlos Parra,4801.72,1,1
total,Cargos administrativos,Claudia Melina Robellada Zarate,0.0,1,1
total,Cargos administrativos,Fatima Giron Ávila,1724.14,1,1
total,Cargos administrativos,Gisela Cuevas Velasco,2586.21,1,1
total,Cargos administrativos,LORENA CHRISSIE OCEGUERA PALAO,12931.1,1,1
total,Cargos administrativos,Leslie Sharon Gamiño Sanchez,7783.0,2,2
total,Cargos administrativos,Ruth Hernández Sánchez,6034.48,1,1
total,Cariotipo en sangre periférica,Carlos Parra,7887.93,1,1
total,Cariotipo en sangre periférica,Enfermeria,7887.93,1,1
total,Cariotipo en sangre periférica,Eugenia Morán Orozco,7887.93,1,1
total,Cariotipo pareja,Carlos Parra,7758.62,2,2
total,Cariotipo pareja,Diana Duran,7758.62,2,2
total,Cariotipo pareja,Giovanni López Salamanca,7758.62,1,1
total,Ceftriaxona,Jose Juan Guerrero Vargas,300.0,1,1
total,Cesárea 2 noches,Armando Miguel Roque Sanchez,66810.34,1,1
total,Cetrotide 0.25mg,Alejandro Sanchez Aranda,28056.0,10,21
total,Cetrotide 0.25mg,Alma Victoria Villarreal Barranca,112918.72,38,92
total,Cetrotide 0.25mg,Armando Miguel Roque Sanchez,278903.36,94,212
total,Cetrotide 0.25mg,Blanca Cardenas,38744.0,15,29
total,Cetrotide 0.25mg,Carlos Andres Lejtik Alva,8016.0,3,6
total,Cetrotide 0.25mg,Carlos Parra,132341.2,57,101
total,Cetrotide 0.25mg,Claudia Melina Robellada Zarate,4008.0,3,3
total,Cetrotide 0.25mg,Diana Duran,34736.0,9,26
total,Cetrotide 0.25mg,Eugenia Morán Orozco,533922.72,184,402
total,Cetrotide 0.25mg,Giovanni López Salamanca,333750.24,116,259
total,Cetrotide 0.25mg,Guadalupe Nolazco Beltrán,220440.0,64,165
total,Cetrotide 0.25mg,Jaime Antonio Hidalgo Carrera,196194.56,72,148
total,Cetrotide 0.25mg,Jairo Hernando Pedraza Pinto,323204.0,99,250
total,Cetrotide 0.25mg,Jorge Michel,42752.0,17,32
total,Cetrotide 0.25mg,José Manuel Lozano Sánchez,4008.0,1,3
total,Cetrotide 0.25mg,María Elena González Panzzi,8016.0,2,6
total,Cetrotide 0.25mg,Mayela Fernandez del Campo (MEFI),4008.0,1,3
total,Cetrotide 0.25mg,Miranda Lucía Morán Morales,17368.0,7,13
total,Cetrotide 0.25mg,Monica Olavarria,37408.0,15,29
total,Cetrotide 0.25mg,Monica Yazmin Olavarria Guadarrama,4008.0,2,3
total,Cetrotide 0.25mg,Norma Sharey Vazquez Jimenez,42752.0,16,32
total,Cetrotide 0.25mg,Ruben Gonzalez Ruiz,174017.04,65,131
total,Cetrotide 0.25mg,Tanya Barajas Serrano (Externa),4008.0,1,3
total,Check up Fertilidad Hombres,Eugenia Morán Orozco,4051.72,2,2
total,Check up Fertilidad Hombres,Giovanni López Salamanca,1616.38,1,1
total,Check up Fertilidad Hombres,Ruben Gonzalez Ruiz,1896.55,1,1
total,Check up Fertilidad Hombres CDMX,(Sin asignar),2586.21,1,1
total,Check up Fertilidad Hombres CDMX,Giovanni López Salamanca,4741.38,2,2
total,Check up Fertilidad Hombres CDMX,Jaime Antonio Hidalgo Carrera,2586.21,1,1
total,Check up Fertilidad Hombres CDMX,Jairo Hernando Pedraza Pinto,2586.21,1,1
total,Check up Fertilidad Hombres GDL,Blanca Cardenas,6465.51,3,3
total,Check up Fertilidad Hombres GDL,Carlos Parra,6465.51,3,3
total,Check up Fertilidad Hombres GDL,Diana Duran,10775.85,6,6
total,Check up Fertilidad Hombres GDL,Giovanni López Salamanca,4051.72,2,2
total,Check up Fertilidad Hombres GDL,Laboratorio FIV/Andrología,2155.17,1,1
total,Check up Fertilidad Hombres GDL,Miranda Lucía Morán Morales,4310.34,2,2
total,Check up Fertilidad Hombres GDL,Norma Sharey Vazquez Jimenez,8103.44,4,4
total,Check up Fertilidad Hombres MET,Guadalupe Nolazco Beltrán,3448.28,2,2
total,Check up Fertilidad Masculino,Jaime Antonio Hidalgo Carrera,1896.55,1,1
total,Check up Fertilidad Mujeres,(Sin asignar),1896.55,1,1
total,Check up Fertilidad Mujeres,Alma Victoria Villarreal Barranca,86982.7,48,48
total,Check up Fertilidad Mujeres,Armando Miguel Roque Sanchez,24655.15,13,13
total,Check up Fertilidad Mujeres,Blanca Cardenas,20598.27,13,13
total,Check up Fertilidad Mujeres,Carlos Parra,16206.89,10,10
total,Check up Fertilidad Mujeres,Diana Duran,40327.57,25,25
total,Check up Fertilidad Mujeres,Eugenia Morán Orozco,21948.26,14,14
total,Check up Fertilidad Mujeres,Giovanni López Salamanca,35636.18,19,19
total,Check up Fertilidad Mujeres,Guadalupe Nolazco Beltrán,20520.67,11,11
total,Check up Fertilidad Mujeres,Itzury Padilla,3362.07,2,2
total,Check up Fertilidad Mujeres,Jaime Antonio Hidalgo Carrera,19999.99,12,12
total,Check up Fertilidad Mujeres,Jairo Hernando Pedraza Pinto,21896.54,12,12
total,Check up Fertilidad Mujeres,Miranda Lucía Morán Morales,63189.61,34,34
total,Check up Fertilidad Mujeres,Monica Olavarria,16637.92,9,9
total,Check up Fertilidad Mujeres,Norma Sharey Vazquez Jimenez,18965.51,15,13
total,Check up Fertilidad Mujeres,Ruben Gonzalez Ruiz,16206.89,9,9
total,Check up Fertilidad Mujeres,Tanya Barajas Serrano,0.0,1,1
total,Check up Fertilidad Mujeres,Yazmin Ramos,3793.1,2,2
total,Check up Fertilidad Mujeres GDL,Carlos Parra,2155.17,1,1
total,Check up Fertilidad Mujeres GDL,Norma Sharey Vazquez Jimenez,5086.21,3,3
total,Check up Fertilidad Mujeres MET,Guadalupe Nolazco Beltrán,6896.56,4,4
total,Check up Fertilidad Pareja GDL,Blanca Cardenas,18965.54,7,7
total,Check up Fertilidad Pareja GDL,Carlos Parra,13793.12,5,5
total,Check up Fertilidad Pareja GDL,Diana Duran,2586.21,1,1
total,Check up Fertilidad Pareja GDL,Jorge Michel,2586.21,1,1
total,Check up Fertilidad Pareja GDL,Laboratorio FIV/Andrología,6034.49,2,2
total,Check up Fertilidad Pareja GDL,Norma Sharey Vazquez Jimenez,21586.23,7,7
total,Check up Fertilidad Pareja GDL,Tanya Barajas Serrano,3448.28,1,1
total,Check up Fertilidad Pareja MET,Carlos Parra,3448.28,1,1
total,Check up Fertilidad Pareja MET,Enfermeria,2586.21,1,1
total,Check up Fertilidad Pareja MET,Guadalupe Nolazco Beltrán,25862.1,8,8
total,Check up Fertilidad Parejas,(Sin asignar),3017.24,1,1
total,Check up Fertilidad Parejas,Alma Victoria Villarreal Barranca,33189.64,11,11
total,Check up Fertilidad Parejas,Ana Giannina Garcia,3017.24,1,1
total,Check up Fertilidad Parejas,Armando Miguel Roque Sanchez,21120.68,7,7
total,Check up Fertilidad Parejas,Blanca Cardenas,18103.44,6,6
total,Check up Fertilidad Parejas,Carlos Parra,9051.72,3,3
total,Check up Fertilidad Parejas,Diana Duran,43706.88,18,16
total,Check up Fertilidad Parejas,Eugenia Morán Orozco,25853.44,9,9
total,Check up Fertilidad Parejas,Giovanni López Salamanca,39224.12,13,13
total,Check up Fertilidad Parejas,Guadalupe Nolazco Beltrán,21120.68,7,7
total,Check up Fertilidad Parejas,Jaime Antonio Hidalgo Carrera,12758.62,4,4
total,Check up Fertilidad Parejas,Jairo Hernando Pedraza Pinto,18103.44,6,6
total,Check up Fertilidad Parejas,Jorge Michel,3017.24,1,1
total,Check up Fertilidad Parejas,José Alfonso Gutiérrez Frusch,3017.24,1,1
total,Check up Fertilidad Parejas,Miranda Lucía Morán Morales,24137.92,9,9
total,Check up Fertilidad Parejas,Monica Olavarria,15948.27,6,6
total,Check up Fertilidad Parejas,Norma Sharey Vazquez Jimenez,9051.72,3,3
total,Check up Fertilidad Parejas,Ruben Gonzalez Ruiz,5129.31,2,2
total,Check up Fertilidad masculino,Miranda Lucía Morán Morales,1896.55,1,1
total,Check up GALENSTINE CDMX,(Sin asignar),2000.0,1,1
total,Check up Hombres CDMX,Giovanni López Salamanca,8318.98,5,5
total,Check up Hombres CDMX,Jaime Antonio Hidalgo Carrera,10344.84,4,4
total,Check up Hombres CDMX,Jairo Hernando Pedraza Pinto,2586.21,1,1
total,Check up Hombres CDMX,Laboratorio FIV/Andrología,2586.21,1,1
total,Check up Hombres CDMX,Ruben Gonzalez Ruiz,8469.84,6,4
total,Check up Integral,Blanca Cardenas,3017.24,1,1
total,Check up Integral,Norma Sharey Vazquez Jimenez,6034.48,4,2
total,Check up Mujeres CDMX,Armando Miguel Roque Sanchez,10344.84,4,4
total,Check up Mujeres CDMX,Eugenia Morán Orozco,23146.58,12,12
total,Check up Mujeres CDMX,Giovanni López Salamanca,12025.89,9,9
total,Check up Mujeres CDMX,Jaime Antonio Hidalgo Carrera,14353.47,7,7
total,Check up Mujeres CDMX,Jairo Hernando Pedraza Pinto,23793.14,13,13
total,Check up Mujeres CDMX,Monica Olavarria,10344.84,4,4
total,Check up Mujeres CDMX,Ruben Gonzalez Ruiz,7758.63,3,3
total,Check up Mujeres GDL,(Sin asignar),1293.1,1,1
total,Check up Mujeres GDL,Blanca Cardenas,14568.96,7,7
total,Check up Mujeres GDL,Carlos Parra,8620.68,5,5
total,Check up Mujeres GDL,Norma Sharey Vazquez Jimenez,13706.9,8,8
total,Check up Parejas CDMX,(Sin asignar),3706.9,1,1
total,Check up Parejas CDMX,Carlos Parra,3448.28,1,1
total,Check up Parejas CDMX,Eugenia Morán Orozco,23965.54,8,8
total,Check up Parejas CDMX,Giovanni López Salamanca,18448.29,7,7
total,Check up Parejas CDMX,Jaime Antonio Hidalgo Carrera,16070.7,7,7
total,Check up Parejas CDMX,Jairo Hernando Pedraza Pinto,11982.77,4,4
total,Check up Parejas CDMX,Monica Olavarria,3706.9,1,1
total,Check up Parejas CDMX,Ruben Gonzalez Ruiz,18534.5,5,5
total,Check up fertilidad mujeres CDMX,Armando Miguel Roque Sanchez,1551.72,1,1
total,Check up fertilidad mujeres CDMX,Eugenia Morán Orozco,11706.99,6,6
total,Check up fertilidad mujeres CDMX,Giovanni López Salamanca,4698.29,4,4
total,Check up fertilidad mujeres CDMX,Monica Olavarria,1293.1,1,1
total,Check up fertilidad mujeres CDMX,Ruben Gonzalez Ruiz,7396.56,3,3
total,Check up fertilidad mujeres MTP,Norma Sharey Vazquez Jimenez,1724.14,1,1
total,Check up ginecologico,Alma Victoria Villarreal Barranca,11810.35,8,8
total,Check up ginecologico,Ana Giannina Garcia,2586.2,2,2
total,Check up ginecologico,Armando Miguel Roque Sanchez,6896.56,4,4
total,Check up ginecologico,Blanca Cardenas,30603.38,24,24
total,Check up ginecologico,Carlos Parra,12499.98,13,11
total,Check up ginecologico,Diana Duran,66034.37,63,57
total,Check up ginecologico,Eugenia Morán Orozco,1293.1,2,2
total,Check up ginecologico,Fabiola del Carmen Brito Sandoval,1293.1,1,1
total,Check up ginecologico,Giovanni López Salamanca,3879.31,3,3
total,Check up ginecologico,Guadalupe Nolazco Beltrán,11206.88,23,23
total,Check up ginecologico,Itzury Padilla,1293.1,1,1
total,Check up ginecologico,Jairo Hernando Pedraza Pinto,1293.1,1,1
total,Check up ginecologico,José Alfonso Gutiérrez Frusch,1724.14,1,1
total,Check up ginecologico,Miranda Lucía Morán Morales,34314.63,24,24
total,Check up ginecologico,Monica Olavarria,10344.82,7,7
total,Check up ginecologico,Norma Sharey Vazquez Jimenez,28965.49,22,22
total,Check up ginecologico,Tanya Barajas Serrano,0.0,1,1
total,Check up ginecologico,Yazmin Ramos,2586.2,2,2
total,Check up ginecologico (sin papanicolao) CDMX,Monica Olavarria,862.07,1,1
total,Check up ginecologico (sin papanicolao) GDL,(Sin asignar),1379.31,1,1
total,Check up ginecologico CDMX,Alma Victoria Villarreal Barranca,3189.66,2,2
total,Check up ginecologico CDMX,Armando Miguel Roque Sanchez,5172.42,3,3
total,Check up ginecologico CDMX,Eugenia Morán Orozco,8620.7,5,5
total,Check up ginecologico CDMX,Giovanni López Salamanca,5862.07,4,4
total,Check up ginecologico CDMX,Jairo Hernando Pedraza Pinto,3448.28,2,2
total,Check up ginecologico CDMX,Miranda Lucía Morán Morales,3189.66,2,2
total,Check up ginecologico CDMX,Monica Olavarria,4137.93,3,3
total,Check up ginecologico CDMX,Ruben Gonzalez Ruiz,5172.42,4,4
total,Check up ginecologico GDL,(Sin asignar),1724.14,1,1
total,Check up ginecologico GDL,Blanca Cardenas,23706.92,14,14
total,Check up ginecologico GDL,Carlos Parra,8620.7,6,6
total,Check up ginecologico GDL,Diana Duran,10344.84,6,6
total,Check up ginecologico GDL,Eugenia Morán Orozco,1724.14,1,1
total,Check up ginecologico GDL,Fabiola del Carmen Brito Sandoval,1293.1,1,1
total,Check up ginecologico GDL,Jorge Michel,1293.1,1,1
total,Check up ginecologico GDL,Norma Sharey Vazquez Jimenez,30689.69,23,23
total,Check up ginecologico GDL,Yazmin Ramos,1724.14,1,1
total,Check up ginecologico MET,Guadalupe Nolazco Beltrán,16732.72,13,13
total,Check upFertilidad  Parejas CDMX,Armando Miguel Roque Sanchez,3706.9,1,1
total,Check upFertilidad  Parejas CDMX,Eugenia Morán Orozco,3706.9,1,1
total,Check upFertilidad  Parejas CDMX,Giovanni López Salamanca,6034.49,2,2
total,Check upFertilidad  Parejas CDMX,Jaime Antonio Hidalgo Carrera,6894.83,2,2
total,Check upFertilidad  Parejas CDMX,Jairo Hernando Pedraza Pinto,11120.7,3,3
total,Checkup Fertilidad CDMX,Armando Miguel Roque Sanchez,2586.21,1,1
total,Chlamydia trachomatis por PCR Cualitativa,Eugenia Morán Orozco,3275.86,1,1
total,Cita de primera vez SOP,Monica Olavarria,7758.6,5,5
total,Cita de primera vez SOP,Norma Sharey Vazquez Jimenez,1551.72,1,1
total,Cita indiviudal de seguimiento SOP Médico presencial,Monica Olavarria,3103.44,2,2
total,Cita primera vez IPS,(Sin asignar),2586.21,3,3
total,Cita primera vez IPS,Alma Victoria Villarreal Barranca,862.07,1,1
total,Cita primera vez IPS,Armando Miguel Roque Sanchez,2586.21,3,3
total,Cita primera vez IPS,Eugenia Morán Orozco,11206.91,12,13
total,Cita primera vez IPS,Giovanni López Salamanca,5172.42,6,6
total,Cita primera vez IPS,Jaime Antonio Hidalgo Carrera,862.07,2,2
total,Cita primera vez IPS,Jairo Hernando Pedraza Pinto,1724.14,2,2
total,Cita primera vez IPS,Miranda Lucía Morán Morales,862.07,1,1
total,Cita primera vez IPS,Ruben Gonzalez Ruiz,862.07,2,2
total,Citomegalovirus IgG,Giovanni López Salamanca,536.21,1,1
total,Citomegalovirus IgM,Giovanni López Salamanca,536.21,1,1
total,Coito programado - CDMX,Alma Victoria Villarreal Barranca,8620.68,2,2
total,Coito programado - CDMX,Armando Miguel Roque Sanchez,12931.02,3,3
total,Coito programado - CDMX,Miranda Lucía Morán Morales,4310.34,1,1
total,Coito programado - CDMX,Ruben Gonzalez Ruiz,4181.03,1,1
total,Coito programado - GDL,Carlos Parra,4310.34,1,1
total,Colesterol total,José Alfonso Gutiérrez Frusch,241.38,1,1
total,Colesterol total,Norma Sharey Vazquez Jimenez,241.38,1,1
total,Colocacion DIU Mirena [Consultorio],Alma Victoria Villarreal Barranca,6465.52,1,1
total,Colocacion DIU Mirena [Consultorio],Armando Miguel Roque Sanchez,6465.52,1,1
total,Colocacion DIU Mirena [Consultorio],Diana Duran,6465.52,1,1
total,Colocacion DIU Mirena [Consultorio],Jaime Antonio Hidalgo Carrera,6465.52,1,1
total,Colocacion DIU Mirena [Consultorio],Norma Sharey Vazquez Jimenez,12284.49,2,2
total,Colocacion DIU PLATA,Miranda Lucía Morán Morales,3017.24,1,1
total,Colocacion DIU PLATA,Norma Sharey Vazquez Jimenez,3017.24,1,1
total,Complete OMG-3 (90 tabletas),Guadalupe Nolazco Beltrán,2241.38,1,2
total,Congelamiento de embriones CDMX,Armando Miguel Roque Sanchez,206896.59,2,2
total,Congelamiento de embriones CDMX,Eugenia Morán Orozco,881808.67,11,11
total,Congelamiento de embriones CDMX,Giovanni López Salamanca,1106551.72,12,12
total,Congelamiento de embriones CDMX,Jaime Antonio Hidalgo Carrera,78620.69,1,1
total,Congelamiento de embriones CDMX,Jairo Hernando Pedraza Pinto,609912.75,7,7
total,Congelamiento de embriones CDMX,Monica Olavarria,102586.21,1,1
total,Congelamiento de embriones GDL,Carlos Parra,74138.01,1,1
total,Congelamiento de embriones MET,Guadalupe Nolazco Beltrán,106853.52,2,2
total,Congelamiento de semen (por depósito),Ruben Gonzalez Ruiz,8620.69,1,2
total,Congelamiento de semen (por depósito) CDMX,Eugenia Morán Orozco,4310.34,1,1
total,Congelamiento de semen (por depósito) CDMX,Jaime Antonio Hidalgo Carrera,4310.34,1,1
total,Congelamiento de semen (por depósito) CDMX,Miranda Lucía Morán Morales,4525.86,1,1
total,Congelamiento de semen (por depósito) CDMX - GDL - MET,Alejandro Sanchez Aranda,4310.34,1,1
total,Congelamiento de semen (por depósito) CDMX - GDL - MET,Alma Victoria Villarreal Barranca,4310.35,1,1
total,Congelamiento de semen (por depósito) CDMX - GDL - MET,Amaranta Paulina Martinez Alvarado,8620.68,2,2
total,Congelamiento de semen (por depósito) CDMX - GDL - MET,Armando Miguel Roque Sanchez,15086.2,4,4
total,Congelamiento de semen (por depósito) CDMX - GDL - MET,Carlos Eduardo Sandoval Castro,8620.69,1,2
total,Congelamiento de semen (por depósito) CDMX - GDL - MET,Carlos Parra,9051.72,2,2
total,Congelamiento de semen (por depósito) CDMX - GDL - MET,Diana Duran,8620.69,1,2
total,Congelamiento de semen (por depósito) CDMX - GDL - MET,Eugenia Morán Orozco,42241.35,8,10
total,Congelamiento de semen (por depósito) CDMX - GDL - MET,Giovanni López Salamanca,44827.79,10,11
total,Congelamiento de semen (por depósito) CDMX - GDL - MET,Griselda Reyes Torres,11206.9,1,3
total,Congelamiento de semen (por depósito) CDMX - GDL - MET,Guadalupe Nolazco Beltrán,17241.37,4,4
total,Congelamiento de semen (por depósito) CDMX - GDL - MET,Jaime Antonio Hidalgo Carrera,28879.28,7,7
total,Congelamiento de semen (por depósito) CDMX - GDL - MET,Jairo Hernando Pedraza Pinto,25862.05,4,6
total,Congelamiento de semen (por depósito) CDMX - GDL - MET,Jorge Michel (EX),6034.48,1,1
total,Congelamiento de semen (por depósito) CDMX - GDL - MET,José Alfonso Gutiérrez Frusch,21551.7,5,5
total,Congelamiento de semen (por depósito) CDMX - GDL - MET,Leslie Sharon Gamiño Sanchez,12931.03,2,3
total,Congelamiento de semen (por depósito) CDMX - GDL - MET,Norma Sharey Vazquez Jimenez,12931.02,3,3
total,Congelamiento de semen (por depósito) CDMX - GDL - MET,Ruben Gonzalez Ruiz,17241.36,4,4
total,Congelamiento de óvulos CDMX,Alma Victoria Villarreal Barranca,364439.65,5,5
total,Congelamiento de óvulos CDMX,Armando Miguel Roque Sanchez,759267.24,11,11
total,Congelamiento de óvulos CDMX,Eugenia Morán Orozco,1472629.86,23,23
total,Congelamiento de óvulos CDMX,Giovanni López Salamanca,709913.84,11,11
total,Congelamiento de óvulos CDMX,Jaime Antonio Hidalgo Carrera,595905.17,9,9
total,Congelamiento de óvulos CDMX,Jairo Hernando Pedraza Pinto,716379.29,10,10
total,Congelamiento de óvulos CDMX,Miranda Lucía Morán Morales,81896.55,1,1
total,Congelamiento de óvulos CDMX,Monica Olavarria,81896.55,1,1
total,Congelamiento de óvulos CDMX,Ruben Gonzalez Ruiz,298060.36,5,5
total,Congelamiento de óvulos CDMX Promoción Marzo,Alma Victoria Villarreal Barranca,61422.41,1,1
total,Congelamiento de óvulos GDL - MET,Blanca Cardenas,43642.24,1,1
total,Congelamiento de óvulos GDL - MET,Carlos Parra,177478.45,4,4
total,Congelamiento de óvulos GDL - MET,Diana Duran,151293.11,3,3
total,Congelamiento de óvulos GDL - MET,Guadalupe Nolazco Beltrán,130926.72,3,3
total,Congelamiento de óvulos GDL - MET,Norma Sharey Vazquez Jimenez,93103.45,2,2
total,Consulta 14% off all 1st time appointments [Valentines_2026],Carlos Parra,689.66,1,1
total,Consulta 14% off all 1st time appointments [Valentines_2026],Jairo Hernando Pedraza Pinto,2298.27,2,2
total,Consulta 14% off all 1st time appointments [Valentines_2026],Ruben Gonzalez Ruiz,1334.48,1,1
total,Consulta Fertilidad CDMX,Alejandro Sanchez Aranda,1423.0,1,1
total,Consulta Fertilidad CDMX,Armando Miguel Roque Sanchez,3103.44,2,2
total,Consulta Fertilidad CDMX,Eugenia Morán Orozco,5237.07,9,9
total,Consulta Fertilidad CDMX,Giovanni López Salamanca,2262.93,2,2
total,Consulta Fertilidad CDMX,Jaime Antonio Hidalgo Carrera,1551.72,1,1
total,Consulta Fertilidad CDMX,Jairo Hernando Pedraza Pinto,4655.16,3,3
total,Consulta Fertilidad CDMX,Ruben Gonzalez Ruiz,2327.58,2,2
total,Consulta Fertilidad GDL,Edna Amaro,413.79,1,1
total,Consulta Fertilidad GDL,Norma Sharey Vazquez Jimenez,689.66,1,1
total,Consulta Fertilidad MET,Guadalupe Nolazco Beltrán,2413.8,2,2
total,Consulta Galentine's Day Check-up [with lower cost AMH] - Galentines_2026,Armando Miguel Roque Sanchez,4929.3,3,3
total,Consulta Galentine's Day Check-up [with lower cost AMH] - Galentines_2026,Carlos Parra,1465.52,1,1
total,Consulta Galentine's Day Check-up [with lower cost AMH] - Galentines_2026,Eugenia Morán Orozco,1334.47,1,1
total,Consulta Galentine's Day Check-up [with lower cost AMH] - Galentines_2026,Jaime Antonio Hidalgo Carrera,13188.79,5,5
total,Consulta Galentine's Day Check-up [with lower cost AMH] - Galentines_2026,Jairo Hernando Pedraza Pinto,5000.0,2,2
total,Consulta Galentine's Day Check-up [with lower cost AMH] - Galentines_2026,Norma Sharey Vazquez Jimenez,2931.04,2,2
total,Consulta Galentine's Day Check-up [with lower cost AMH] - Galentines_2026,Ruben Gonzalez Ruiz,8965.52,4,4
total,Consulta Presencial Especialista [Promo 1000],Armando Miguel Roque Sanchez,1724.14,2,2
total,Consulta Presencial Especialista [Promo 1000],Blanca Cardenas,862.07,1,1
total,Consulta Presencial Especialista [Promo 1000],Carlos Parra,3448.28,4,4
total,Consulta Presencial Especialista [Promo 1000],Eugenia Morán Orozco,862.07,1,1
total,Consulta Presencial Especialista [Promo 1000],Giovanni López Salamanca,862.07,1,1
total,Consulta Presencial Especialista [Promo 1000],Guadalupe Nolazco Beltrán,2586.21,3,3
total,Consulta Presencial Especialista [Promo 1000],Jaime Antonio Hidalgo Carrera,862.07,1,1
total,Consulta Presencial Especialista [Promo 1000],Jairo Hernando Pedraza Pinto,862.07,1,1
total,Consulta Presencial Especialista [Promo 1000],Ruben Gonzalez Ruiz,1724.14,2,2
total,Consulta de nutrición - CDMX,Eugenia Morán Orozco,1551.72,1,1
total,Consulta de nutrición - CDMX,Monica Olavarria,1379.31,1,1
total,Consulta de nutrición - GDL,Norma Sharey Vazquez Jimenez,0.0,1,1
total,Consulta de nutrición - MET,Guadalupe Nolazco Beltrán,0.0,1,1
total,Consulta de nutrición CDMX,(Sin asignar),1551.72,1,1
total,Consulta de nutrición CDMX,Alma Victoria Villarreal Barranca,0.0,1,1
total,Consulta de nutrición CDMX,Armando Miguel Roque Sanchez,3010.34,2,2
total,Consulta de nutrición CDMX,Eugenia Morán Orozco,0.0,2,2
total,Consulta de nutrición CDMX,Giovanni López Salamanca,0.0,1,1
total,Consulta de nutrición CDMX,Monica Olavarria,13448.25,11,11
total,Consulta de nutrición GDL,Carlos Parra,2758.62,3,3
total,Consulta de nutrición GDL,Diana Duran,1379.31,1,1
total,Consulta de nutrición GDL,Lucia Carvajal,1034.48,3,1
total,Consulta de nutrición MET,Guadalupe Nolazco Beltrán,0.0,2,2
total,Consulta de primera vez,(Sin asignar),1896.55,2,2
total,Consulta de primera vez,Alma Victoria Villarreal Barranca,25862.47,27,27
total,Consulta de primera vez,Ana Giannina Garcia,1293.1,1,1
total,Consulta de primera vez,Armando Miguel Roque Sanchez,43275.79,38,38
total,Consulta de primera vez,Blanca Cardenas,11163.79,15,11
total,Consulta de primera vez,Carlos Macias,2293.1,7,7
total,Consulta de primera vez,Carlos Parra,23706.85,23,21
total,Consulta de primera vez,Diana Duran,55387.84,54,48
total,Consulta de primera vez,Edna Amaro,387.93,1,1
total,Consulta de primera vez,Eugenia Morán Orozco,26551.68,40,40
total,Consulta de primera vez,Giovanni López Salamanca,26164.2,24,24
total,Consulta de primera vez,Guadalupe Nolazco Beltrán,10775.84,56,56
total,Consulta de primera vez,Itzury Padilla,1293.1,1,1
total,Consulta de primera vez,Jaime Antonio Hidalgo Carrera,12586.19,11,11
total,Consulta de primera vez,Jairo Hernando Pedraza Pinto,20258.59,20,20
total,Consulta de primera vez,José Alfonso Gutiérrez Frusch,2155.17,2,2
total,Consulta de primera vez,Miranda Lucía Morán Morales,29741.77,27,27
total,Consulta de primera vez,Monica Olavarria,7284.47,8,6
total,Consulta de primera vez,Norma Sharey Vazquez Jimenez,18965.49,21,17
total,Consulta de primera vez,Ruben Gonzalez Ruiz,10689.64,8,8
total,Consulta de primera vez,Ruby Medina,1982.75,8,8
total,Consulta de primera vez,Yazmin Ramos,2586.2,2,2
total,Consulta de primera vez + HAM,Ruben Gonzalez Ruiz,711.21,1,1
total,Consulta de primera vez en línea,Eugenia Morán Orozco,2241.38,2,2
total,Consulta de primera vez online,(Sin asignar),1120.69,1,1
total,Consulta de primera vez online,Armando Miguel Roque Sanchez,2241.38,2,2
total,Consulta de primera vez online,Blanca Cardenas,1120.69,1,1
total,Consulta de primera vez online,Carlos Parra,689.66,1,1
total,Consulta de primera vez online,Eugenia Morán Orozco,10431.04,11,11
total,Consulta de primera vez online,Giovanni López Salamanca,8318.97,9,9
total,Consulta de primera vez online,Guadalupe Nolazco Beltrán,1120.69,2,2
total,Consulta de primera vez online,Jaime Antonio Hidalgo Carrera,3103.45,4,4
total,Consulta de primera vez online,Jairo Hernando Pedraza Pinto,5948.28,6,6
total,Consulta de primera vez online,Ruben Gonzalez Ruiz,8879.32,9,9
total,Consulta de primera vez online CDMX,Eugenia Morán Orozco,16551.73,14,15
total,Consulta de primera vez online CDMX,Giovanni López Salamanca,1982.76,2,2
total,Consulta de primera vez online CDMX,Jaime Antonio Hidalgo Carrera,4482.76,4,4
total,Consulta de primera vez online CDMX,Jairo Hernando Pedraza Pinto,2241.38,2,2
total,Consulta de primera vez online CDMX,Monica Olavarria,1120.69,1,1
total,Consulta de primera vez online GDL,Carlos Parra,1120.69,1,1
total,Consulta de primera vez online GDL,Jorge Michel,1120.69,1,1
total,Consulta de primera vez online [Promo 800],Alma Victoria Villarreal Barranca,1379.32,2,2
total,Consulta de primera vez online [Promo 800],Armando Miguel Roque Sanchez,689.66,1,1
total,Consulta de primera vez online [Promo 800],Carlos Parra,689.66,1,1
total,Consulta de primera vez online [Promo 800],Diana Duran,1379.32,2,2
total,Consulta de primera vez online [Promo 800],Eugenia Morán Orozco,5517.28,8,8
total,Consulta de primera vez online [Promo 800],Giovanni López Salamanca,689.66,1,1
total,Consulta de primera vez online [Promo 800],Guadalupe Nolazco Beltrán,1379.32,2,2
total,Consulta de primera vez online [Promo 800],Jaime Antonio Hidalgo Carrera,689.66,1,1
total,Consulta de primera vez online [Promo 800],Jairo Hernando Pedraza Pinto,2758.64,4,4
total,Consulta de primera vez online [Promo 800],Norma Sharey Vazquez Jimenez,689.66,1,1
total,Consulta de primera vez padres de intención,Eugenia Morán Orozco,2586.21,3,3
total,Consulta de primera vez presencial,(Sin asignar),1724.14,2,2
total,Consulta de primera vez presencial,Alma Victoria Villarreal Barranca,1724.14,2,2
total,Consulta de primera vez presencial,Armando Miguel Roque Sanchez,3448.28,4,4
total,Consulta de primera vez presencial,Blanca Cardenas,862.07,1,1
total,Consulta de primera vez presencial,Carlos Parra,4310.35,5,5
total,Consulta de primera vez presencial,Diana Duran,3275.87,4,4
total,Consulta de primera vez presencial,Eugenia Morán Orozco,4310.35,5,5
total,Consulta de primera vez presencial,Giovanni López Salamanca,862.07,2,2
total,Consulta de primera vez presencial,Guadalupe Nolazco Beltrán,4310.35,6,6
total,Consulta de primera vez presencial,Jaime Antonio Hidalgo Carrera,2586.21,3,3
total,Consulta de primera vez presencial,Jairo Hernando Pedraza Pinto,1724.14,2,2
total,Consulta de primera vez presencial,Laboratorio FIV/Andrología,862.07,1,1
total,Consulta de primera vez presencial,Miranda Lucía Morán Morales,862.07,1,1
total,Consulta de primera vez presencial,Monica Olavarria,862.07,1,1
total,Consulta de primera vez presencial,Norma Sharey Vazquez Jimenez,1724.14,2,2
total,Consulta obstetricia,Blanca Cardenas,1293.1,1,1
total,Consulta obstetricia,Carlos Parra,2586.2,2,2
total,Consulta obstetricia,Diana Duran,2586.2,2,2
total,Consulta obstetricia,Eugenia Morán Orozco,1293.1,1,1
total,Consulta obstetricia,Norma Sharey Vazquez Jimenez,2586.2,2,2
total,Consulta online [Promo 800],Blanca Cardenas,689.66,1,1
total,Consulta online [Promo 800],Guadalupe Nolazco Beltrán,1379.32,2,2
total,Consulta online [Promo 800],Jaime Antonio Hidalgo Carrera,689.66,1,1
total,Consulta presencial + HAM [Promo 1700],(Sin asignar),4396.56,3,3
total,Consulta presencial + HAM [Promo 1700],Alma Victoria Villarreal Barranca,13189.68,9,9
total,Consulta presencial + HAM [Promo 1700],Armando Miguel Roque Sanchez,11724.16,8,8
total,Consulta presencial + HAM [Promo 1700],Blanca Cardenas,4396.56,3,3
total,Consulta presencial + HAM [Promo 1700],Carlos Parra,13189.68,9,9
total,Consulta presencial + HAM [Promo 1700],Diana Duran,2931.04,2,2
total,Consulta presencial + HAM [Promo 1700],Enfermeria,1465.52,1,1
total,Consulta presencial + HAM [Promo 1700],Eugenia Morán Orozco,13189.68,10,10
total,Consulta presencial + HAM [Promo 1700],Giovanni López Salamanca,8793.12,6,6
total,Consulta presencial + HAM [Promo 1700],Guadalupe Nolazco Beltrán,10258.64,7,7
total,Consulta presencial + HAM [Promo 1700],Jaime Antonio Hidalgo Carrera,5862.08,4,4
total,Consulta presencial + HAM [Promo 1700],Jairo Hernando Pedraza Pinto,17586.24,12,12
total,Consulta presencial + HAM [Promo 1700],Jorge Michel,4396.56,3,3
total,Consulta presencial + HAM [Promo 1700],Miranda Lucía Morán Morales,19051.76,13,13
total,Consulta presencial + HAM [Promo 1700],Monica Olavarria,2931.04,2,2
total,Consulta presencial + HAM [Promo 1700],Norma Sharey Vazquez Jimenez,8793.12,6,6
total,Consulta presencial + HAM [Promo 1700],Ruben Gonzalez Ruiz,20429.35,14,14
total,Consulta primera vez SOP,(Sin asignar),3103.44,2,2
total,Consulta primera vez SOP,Blanca Cardenas,1293.1,1,1
total,Consulta primera vez SOP,Diana Duran,50948.14,49,35
total,Consulta primera vez SOP,Miranda Lucía Morán Morales,4655.16,3,3
total,Consulta primera vez SOP,Monica Olavarria,13965.48,9,9
total,Consulta primera vez SOP,Norma Sharey Vazquez Jimenez,3103.44,2,2
total,Consulta subsecuente,Armando Miguel Roque Sanchez,4267.23,3,3
total,Consulta subsecuente,Carlos Parra,5689.66,1,4
total,Consulta subsecuente,Eugenia Morán Orozco,8663.77,6,6
total,Consulta subsecuente,Giovanni López Salamanca,1422.41,1,1
total,Consulta subsecuente,Jaime Antonio Hidalgo Carrera,4267.23,3,3
total,Consulta subsecuente,Monica Olavarria,2844.82,2,2
total,Consulta subsecuente,Monica Yazmin Olavarria Guadarrama,1422.41,1,1
total,Consulta subsecuente,Ruben Gonzalez Ruiz,1422.41,1,1
total,"Consulta subsecuente
online",Eugenia Morán Orozco,1120.69,1,1
total,"Consulta subsecuente
online",Guadalupe Nolazco Beltrán,1120.69,1,1
total,"Consulta subsecuente
online",Ruben Gonzalez Ruiz,689.66,1,1
total,Cortisol,Guadalupe Nolazco Beltrán,280.17,1,1
total,Cortisol,Monica Olavarria,280.17,1,1
total,Creatinina,Carlos Parra,720.0,4,4
total,Creatinina,Diana Duran,360.0,2,2
total,Creatinina,Giovanni López Salamanca,90.0,1,1
total,Cuerpo Amarillo,Eugenia Morán Orozco,70173.0,36,69
total,Cuerpo Amarillo,Giovanni López Salamanca,12590.46,9,13
total,Cuerpo Amarillo,Jaime Antonio Hidalgo Carrera,1017.0,1,1
total,Cuerpo Amarillo,Jairo Hernando Pedraza Pinto,6102.0,5,6
total,Cuerpo Amarillo,José Alfonso Gutiérrez Frusch,2034.0,1,2
total,Cuerpo Amarillo,Ruben Gonzalez Ruiz,5085.0,4,5
total,Cultivo de Exudado Vaginal,Alma Victoria Villarreal Barranca,560.34,1,1
total,Cultivo de Exudado Vaginal,Armando Miguel Roque Sanchez,3362.04,6,6
total,Cultivo de Exudado Vaginal,Blanca Cardenas,560.34,1,1
total,Cultivo de Exudado Vaginal,Carlos Parra,1120.68,3,3
total,Cultivo de Exudado Vaginal,Diana Duran,1681.02,3,3
total,Cultivo de Exudado Vaginal,Eugenia Morán Orozco,13448.16,25,25
total,Cultivo de Exudado Vaginal,Giovanni López Salamanca,2241.36,4,4
total,Cultivo de Exudado Vaginal,Jairo Hernando Pedraza Pinto,1681.02,3,3
total,Cultivo de Exudado Vaginal,Monica Olavarria,2241.36,4,4
total,Cultivo de Exudado Vaginal,Norma Sharey Vazquez Jimenez,1681.02,3,3
total,Cultivo de Exudado Vaginal,Ruben Gonzalez Ruiz,1120.68,2,2
total,Cultivo de anaerobios,Norma Sharey Vazquez Jimenez,560.34,1,1
total,Cultivo de orina,Eugenia Morán Orozco,948.28,2,2
total,Cultivo de orina,Miranda Lucía Morán Morales,474.14,1,1
total,Cultivo de secreción,Norma Sharey Vazquez Jimenez,560.34,1,1
total,Cultivos infecciosos masculinos,Armando Miguel Roque Sanchez,4310.34,1,1
total,Cuota de almacenamiento anual,Eva Bonifacio Leon,0.0,1,1
total,Cuota de almacenamiento anual,José Alfonso Gutiérrez Frusch,17241.36,5,5
total,Cuota de almacenamiento anual (Gametos),Alejandro Kava Braveman,4310.34,1,1
total,Cuota de almacenamiento anual (Gametos),Alejandro Sanchez Aranda,17241.36,4,4
total,Cuota de almacenamiento anual (Gametos),Andrea Andrade Rodríguez,4310.34,1,1
total,Cuota de almacenamiento anual (Gametos),Eugenia Morán Orozco,17241.36,4,4
total,Cuota de almacenamiento anual (Gametos),Eva Bonifacio Leon,8620.68,2,2
total,Cuota de almacenamiento anual (Gametos),Fabian Ricardo Castañeda Bochm,4310.34,1,1
total,Cuota de almacenamiento anual (Gametos),Gerardo Armando Paladino Barquera,4310.34,1,1
total,Cuota de almacenamiento anual (Gametos),Giovanni López Salamanca,4310.34,1,1
total,Cuota de almacenamiento anual (Gametos),Griselda Reyes Torres,8620.68,2,2
total,Cuota de almacenamiento anual (Gametos),Jaime Antonio Hidalgo Carrera,12931.02,3,3
total,Cuota de almacenamiento anual (Gametos),Jose Modesto Alfredo Gongora Rodriguez,4310.34,2,2
total,Cuota de almacenamiento anual (Gametos),José Alfonso Gutiérrez Frusch,38793.06,9,9
total,Cuota de almacenamiento anual (Gametos),José Manuel Lozano Sánchez,4310.34,1,1
total,Cuota de almacenamiento anual (Gametos),Mayella Fernández del Campo,12931.02,3,3
total,Cuota de almacenamiento anual (Gametos),Monica Yazmin Olavarria Guadarrama,4310.34,1,1
total,Cuota de almacenamiento anual (Gametos),Ruben Gonzalez Ruiz,4310.34,1,1
total,Cuota de almacenamiento anual (Gametos),Ruben Tlapanco Vargas,4310.34,1,1
total,Cuota de almacenamiento anual Ovulo,Daniel Pascal Ponton,4310.34,1,1
total,Cuota de almacenamiento anual Ovulo,Eva Bonifacio Leon,8620.68,2,2
total,Cuota de almacenamiento anual Ovulo,Griselda Reyes Torres,8620.68,2,2
total,Cuota de almacenamiento anual Ovulo,Guadalupe Nolazco Beltrán,4310.34,1,1
total,Cuota de almacenamiento anual Ovulo,José Alfonso Gutiérrez Frusch,21551.7,5,5
total,Cuota de almacenamiento anual Ovulo,María de los Ángeles Flores Manzur,4310.34,1,1
total,Cuota de almacenamiento anual Ovulo,Mayella Fernández del Campo,4310.34,1,1
total,Cuota de almacenamiento anual Ovulo,Ruben Tlapanco Vargas,4310.34,1,1
total,Cuota de almacenamiento anual Ovulo,Tanya Barajas Serrano,4310.34,1,1
total,Cuota de almacenamiento anual Ovulo / Embrion,Alejandro Kava Braveman,34482.72,9,9
total,Cuota de almacenamiento anual Ovulo / Embrion,Alejandro Sanchez Aranda,21551.7,5,5
total,Cuota de almacenamiento anual Ovulo / Embrion,Armando Miguel Roque Sanchez,4310.34,1,1
total,Cuota de almacenamiento anual Ovulo / Embrion,Berenice Flores,4310.34,1,1
total,Cuota de almacenamiento anual Ovulo / Embrion,Carlos Parra,12931.02,3,3
total,Cuota de almacenamiento anual Ovulo / Embrion,Daniel Pascal Ponton,4310.34,1,1
total,Cuota de almacenamiento anual Ovulo / Embrion,Deborah Cassis Bendeck,17241.37,2,6
total,Cuota de almacenamiento anual Ovulo / Embrion,Edna Amaro,4310.34,1,1
total,Cuota de almacenamiento anual Ovulo / Embrion,Eugenia Morán Orozco,109913.69,23,28
total,Cuota de almacenamiento anual Ovulo / Embrion,Eva Bonifacio Leon,73017.19,11,19
total,Cuota de almacenamiento anual Ovulo / Embrion,Fabiola del Carmen Brito Sandoval,4310.34,1,1
total,Cuota de almacenamiento anual Ovulo / Embrion,Felipe de Jesús Compeán Báez,4310.34,1,1
total,Cuota de almacenamiento anual Ovulo / Embrion,Gerardo Armando Paladino Barquera,25862.04,6,6
total,Cuota de almacenamiento anual Ovulo / Embrion,Giovanni López Salamanca,30172.38,9,9
total,Cuota de almacenamiento anual Ovulo / Embrion,Griselda Reyes Torres,30172.38,7,7
total,Cuota de almacenamiento anual Ovulo / Embrion,Guadalupe Nolazco Beltrán,17241.36,4,4
total,Cuota de almacenamiento anual Ovulo / Embrion,Jaime Antonio Hidalgo Carrera,8620.68,2,2
total,Cuota de almacenamiento anual Ovulo / Embrion,Jairo Hernando Pedraza Pinto,34482.74,5,9
total,Cuota de almacenamiento anual Ovulo / Embrion,Jorge Manuel Rodriguez Purata,17241.36,4,4
total,Cuota de almacenamiento anual Ovulo / Embrion,Jorge Michel (EX),8620.68,2,2
total,Cuota de almacenamiento anual Ovulo / Embrion,Jose Modesto Alfredo Gongora Rodriguez,4310.34,1,1
total,Cuota de almacenamiento anual Ovulo / Embrion,José Alfonso Gutiérrez Frusch,215517.05,49,54
total,Cuota de almacenamiento anual Ovulo / Embrion,José Manuel Lozano Sánchez,4310.34,1,1
total,Cuota de almacenamiento anual Ovulo / Embrion,Maria Victoria Marchese,12931.02,3,3
total,Cuota de almacenamiento anual Ovulo / Embrion,Maritza Ivett Rojas Valencia,0.0,1,1
total,Cuota de almacenamiento anual Ovulo / Embrion,María de los Ángeles Flores Manzur,8620.68,2,2
total,Cuota de almacenamiento anual Ovulo / Embrion,Mayella Fernández del Campo,17241.36,4,4
total,Cuota de almacenamiento anual Ovulo / Embrion,Melissa Itzel Villagomez Aleman,21551.7,5,5
total,Cuota de almacenamiento anual Ovulo / Embrion,Miguel Ángel Martínez Enríquez,4310.34,1,1
total,Cuota de almacenamiento anual Ovulo / Embrion,Monica Yazmin Olavarria Guadarrama,17241.37,2,6
total,Cuota de almacenamiento anual Ovulo / Embrion,Ruben Gonzalez Ruiz,12931.02,4,4
total,Cuota de almacenamiento anual Ovulo / Embrion,Sofia Rodriguez Mendoza (MEFI),8362.06,2,2
total,Cuota de almacenamiento anual Ovulos,Giovanni López Salamanca,4310.34,1,1
total,Cuota de almacenamiento anual de congelamiento de óvulos,Griselda Reyes Torres,4310.34,1,1
total,Cuota de almacenamiento esperma,Armando Miguel Roque Sanchez,4310.34,1,1
total,Cuota de almacenamiento esperma,Carlos Parra,13362.06,2,4
total,Cuota de almacenamiento esperma,Eugenia Morán Orozco,21551.7,5,5
total,Cuota de almacenamiento esperma,Eva Bonifacio Leon,4310.34,1,1
total,Cuota de almacenamiento esperma,Giovanni López Salamanca,4310.34,1,1
total,Cuota de almacenamiento esperma,Guadalupe Nolazco Beltrán,4310.34,1,1
total,Cuota de almacenamiento esperma,Jaime Antonio Hidalgo Carrera,9051.72,2,3
total,Cuota de almacenamiento esperma,Jairo Hernando Pedraza Pinto,34482.74,6,8
total,Cuota de almacenamiento esperma,José Alfonso Gutiérrez Frusch,20258.6,5,5
total,Cuota de almacenamiento esperma,María Elena González Panzzi,4310.34,1,1
total,Cuota de almacenamiento esperma,Tanya Barajas Serrano,10344.82,3,3
total,DESOL 400 UI FRASCO,Carlos Parra,297.5,1,1
total,DHA-S (DHEA-SO4),Miranda Lucía Morán Morales,1422.42,3,3
total,DHA-S (DHEA-SO4),Monica Olavarria,1422.42,3,3
total,DUPHASTON 10 MG 20 TAB,Alma Victoria Villarreal Barranca,750.0,1,1
total,DUPHASTON 10 MG 20 TAB,Armando Miguel Roque Sanchez,4500.0,4,6
total,DUPHASTON 10 MG 20 TAB,Jairo Hernando Pedraza Pinto,3000.0,3,4
total,Dehidroepiandrosterona (DHEA),Jairo Hernando Pedraza Pinto,620.69,1,1
total,Dehidroepiandrosterona (DHEA),Monica Olavarria,620.69,1,1
total,Desvitrificación,Alma Victoria Villarreal Barranca,8620.69,1,1
total,Desvitrificación,Eugenia Morán Orozco,8620.69,1,1
total,Desvitrificación,Jaime Antonio Hidalgo Carrera,8620.69,1,1
total,Desvitrificación,Monica Yazmin Olavarria Guadarrama,6896.55,1,1
total,Desvitrificación (4 cryotops),Carlos Parra,13491.38,1,1
total,Desvitrificación (4 cryotops),Eugenia Morán Orozco,53965.52,4,4
total,Desvitrificación (4 cryotops),Giovanni López Salamanca,78924.57,6,6
total,Desvitrificación (4 cryotops),Jaime Antonio Hidalgo Carrera,13491.38,1,1
total,Desvitrificación (4 cryotops),Jairo Hernando Pedraza Pinto,13491.38,1,1
total,Desvitrificación (4 cryotops),José Alfonso Gutiérrez Frusch,13491.38,1,1
total,Desvitrificación (4 cryotops),Ruben Gonzalez Ruiz,39125.0,3,3
total,Desvitrificación CDMX,Gerardo Armando Paladino Barquera,7931.03,1,1
total,Desvitrificación CDMX,Giovanni López Salamanca,7327.59,1,1
total,Devolución,Guadalupe Nolazco Beltrán,-10150.0,1,-1
total,Devolución,Laboratorio FIV/Andrología,-2775.0,1,-1
total,Dispositivo mirena,Jaime Antonio Hidalgo Carrera,5200.0,1,1
total,Donación esperma - Donante extranjero,Armando Miguel Roque Sanchez,21551.72,1,1
total,Donación esperma - Donante extranjero,Eugenia Morán Orozco,21551.72,1,1
total,Donación esperma - Donante extranjero,Giovanni López Salamanca,43103.44,2,2
total,Donación esperma - Donante extranjero,Jorge Michel,21551.72,1,1
total,Donación esperma - Donante extranjero,Melissa Itzel Villagomez Aleman,25000.0,1,1
total,Donación esperma - LAFER - Europeo,Eugenia Morán Orozco,21551.72,1,1
total,Donación esperma - LAFER - Europeo,Giovanni López Salamanca,21551.72,1,1
total,Donación esperma - LAFER - Europeo,Jose Juan Guerrero Vargas,21551.72,1,1
total,Donación esperma - LAFER - Europeo,Maritza Ivett Rojas Valencia,21551.72,1,1
total,Donación esperma - LAFER - Europeo,Melissa Itzel Villagomez Aleman,21551.72,1,1
total,Donación esperma - LAFER - Europeo,Norma Sharey Vazquez Jimenez,43103.44,2,2
total,Donación esperma - LAFER - Extranjero,Carlos Parra,17241.38,1,1
total,Donación esperma - LAFER - Extranjero,Giovanni López Salamanca,17241.38,1,1
total,Donación esperma - LAFER - Extranjero,Norma Sharey Vazquez Jimenez,17241.38,1,1
total,Donación esperma - LAFER - Nacional,Blanca Cardenas,12931.03,1,1
total,Donación esperma - LAFER - Nacional,Carlos Parra,25862.07,1,2
total,Donación esperma - LAFER - Nacional,Diana Duran,12931.03,1,1
total,Donación esperma - LAFER - Nacional,Giovanni López Salamanca,12931.03,1,1
total,Donadora de ovulos categoria 3,Giovanni López Salamanca,146551.72,1,1
total,Donante Europeo E,Alma Victoria Villarreal Barranca,47413.79,1,1
total,Donante Europeo M,Alma Victoria Villarreal Barranca,24137.93,1,1
total,ENDOMETRIO ERA+EMMA+ALICE,Carlos Parra,35129.31,1,1
total,ERRADO CARGO,Giovanni López Salamanca,0.0,1,1
total,Electrolitos (3) en sangre,Norma Sharey Vazquez Jimenez,301.72,1,1
total,Electrolitos (6) de sangre,Jorge Michel,387.93,1,1
total,EmbryoScope Kit Interno,Alma Victoria Villarreal Barranca,45258.62,6,6
total,EmbryoScope Kit Interno,Armando Miguel Roque Sanchez,8620.69,1,1
total,EmbryoScope Kit Interno,Carlos Parra,0.0,1,1
total,EmbryoScope Kit Interno,Eugenia Morán Orozco,0.0,2,2
total,EmbryoScope Kit Interno,Giovanni López Salamanca,8620.69,1,1
total,EmbryoScope Kit Interno,Jairo Hernando Pedraza Pinto,25862.07,3,3
total,EmbryoScope Kit Interno,Monica Olavarria,8620.69,1,1
total,Endometrio,Monica Olavarria,20204.31,1,1
total,Esperma FI,Carlos Parra,21551.72,1,1
total,Esperma FI,Melissa Itzel Villagomez Aleman,21551.72,1,1
total,Espermatobioscopía (ED),(Sin asignar),29396.5,34,32
total,Espermatobioscopía (ED),Alejandro Sanchez Aranda,1293.1,1,1
total,Espermatobioscopía (ED),Alma Victoria Villarreal Barranca,2586.2,10,10
total,Espermatobioscopía (ED),Ana Giannina Garcia,2586.2,3,3
total,Espermatobioscopía (ED),Ariadne Coutiño Bravo,2586.2,2,2
total,Espermatobioscopía (ED),Armando Miguel Roque Sanchez,8887.92,9,9
total,Espermatobioscopía (ED),Blanca Cardenas,1293.1,8,8
total,Espermatobioscopía (ED),Carlos Parra,8965.5,12,12
total,Espermatobioscopía (ED),Diana Duran,6465.5,24,24
total,Espermatobioscopía (ED),Emanuel Sanchez,5172.4,4,4
total,Espermatobioscopía (ED),Eugenia Morán Orozco,13724.14,17,17
total,Espermatobioscopía (ED),Gerardo Armando Paladino Barquera,3793.1,3,3
total,Espermatobioscopía (ED),Giovanni López Salamanca,8715.5,15,15
total,Espermatobioscopía (ED),Griselda Reyes Torres,1293.1,1,1
total,Espermatobioscopía (ED),Guadalupe Nolazco Beltrán,26982.7,37,37
total,Espermatobioscopía (ED),Jaime Antonio Hidalgo Carrera,7586.2,8,8
total,Espermatobioscopía (ED),Jairo Hernando Pedraza Pinto,6293.1,7,7
total,Espermatobioscopía (ED),Jorge Michel,0.0,1,1
total,Espermatobioscopía (ED),Jorge Michel (EX),1293.1,1,1
total,Espermatobioscopía (ED),José Alfonso Gutiérrez Frusch,3879.3,4,4
total,Espermatobioscopía (ED),Laboratorio FIV/Andrología,70172.28,70,68
total,Espermatobioscopía (ED),Laura Esmeralda Gonzalez Lopez,1293.1,1,1
total,Espermatobioscopía (ED),Leslie Sharon Gamiño Sanchez,1293.1,1,1
total,Espermatobioscopía (ED),Margarita Pozos,1293.1,1,1
total,Espermatobioscopía (ED),Mariela Elizaith Caballero Cedillo,1293.1,1,1
total,Espermatobioscopía (ED),Maritza Ivett Rojas Valencia,3793.1,3,3
total,Espermatobioscopía (ED),Marlene Lizbeth Zamora Ramirez,1293.1,1,1
total,Espermatobioscopía (ED),María Elena González Panzzi,1293.1,1,1
total,Espermatobioscopía (ED),Melissa Itzel Villagomez Aleman,905.17,1,1
total,Espermatobioscopía (ED),Miranda Lucía Morán Morales,2586.2,5,5
total,Espermatobioscopía (ED),Monica Olavarria,0.0,2,2
total,Espermatobioscopía (ED),Norma Sharey Vazquez Jimenez,6379.3,12,12
total,Espermatobioscopía (ED),Rafael Pereyra Quiñones,1206.9,1,1
total,Espermatobioscopía (ED),Ruben Gonzalez Ruiz,2508.62,4,4
total,Espermatobioscopía (ED) - GDL,(Sin asignar),0.0,1,1
total,Espermatobioscopía (ED) - GDL,Laboratorio FIV/Andrología,0.0,1,1
total,Espermatobioscopía (ED) CDMX - GDL - MET,(Sin asignar),3620.7,3,3
total,Espermatobioscopía (ED) CDMX - GDL - MET,Emanuel Sanchez,1206.9,1,1
total,Espermatobioscopía (ED) CDMX - GDL - MET,Eugenia Morán Orozco,2413.8,3,3
total,Espermatobioscopía (ED) CDMX - GDL - MET,Gerardo Armando Paladino Barquera,1206.9,1,1
total,Espermatobioscopía (ED) CDMX - GDL - MET,Giovanni López Salamanca,1206.9,1,1
total,Espermatobioscopía (ED) CDMX - GDL - MET,Laboratorio FIV/Andrología,4525.87,4,4
total,Espermatobioscopía (ED) CDMX - GDL - MET,Maritza Ivett Rojas Valencia,1134.48,1,1
total,Espermatobioscopía (ED) CDMX - GDL - MET,Ruben Gonzalez Ruiz,2112.07,2,2
total,Espermocultivo,(Sin asignar),2750.01,5,5
total,Espermocultivo,Alejandro Sanchez Aranda,2120.7,4,4
total,Espermocultivo,Armando Miguel Roque Sanchez,3086.22,6,6
total,Espermocultivo,Diana Duran,818.97,1,1
total,Espermocultivo,Enfermeria,818.97,1,1
total,Espermocultivo,Eugenia Morán Orozco,1637.94,3,3
total,Espermocultivo,Eva Bonifacio Leon,818.97,2,2
total,Espermocultivo,Giovanni López Salamanca,482.76,1,1
total,Espermocultivo,Gisela Cuevas Velasco,482.76,1,1
total,Espermocultivo,Jaime Antonio Hidalgo Carrera,482.76,1,1
total,Espermocultivo,Jefsi Argelia Leon Dominguez,1301.73,4,4
total,Espermocultivo,Laboratorio FIV/Andrología,4241.4,6,6
total,Espermocultivo,Ruben Gonzalez Ruiz,965.52,2,2
total,Essentials Surrogacy Package CDMX,Monica Olavarria,94655.17,1,1
total,Estradiol,(Sin asignar),1043.1,2,2
total,Estradiol,Alejandro Sanchez Aranda,3650.85,7,7
total,Estradiol,Armando Miguel Roque Sanchez,521.55,4,4
total,Estradiol,Carlos Macias,517.24,2,2
total,Estradiol,Carlos Parra,1043.1,2,3
total,Estradiol,Claudia Melina Robellada Zarate,521.55,1,1
total,Estradiol,Diana Duran,1564.65,3,3
total,Estradiol,Edna Amaro,521.55,1,1
total,Estradiol,Ericka Gabriela Yac Longoria,521.55,1,1
total,Estradiol,Eugenia Morán Orozco,1564.66,4,6
total,Estradiol,Giovanni López Salamanca,2607.76,4,7
total,Estradiol,Griselda Reyes Torres,521.55,1,1
total,Estradiol,Guadalupe Nolazco Beltrán,1564.65,3,3
total,Estradiol,Jaime Antonio Hidalgo Carrera,3129.3,7,7
total,Estradiol,Jairo Hernando Pedraza Pinto,1043.1,2,2
total,Estradiol,Jorge Michel,521.55,1,1
total,Estradiol,Leslie Sharon Gamiño Sanchez,521.55,1,1
total,Estradiol,Maritza Ivett Rojas Valencia,1470.78,3,3
total,Estradiol,Mayela Fernandez del Campo (MEFI),2086.2,6,6
total,Estradiol,Monica Olavarria,1043.1,3,3
total,Estradiol,Norma Sharey Vazquez Jimenez,1564.65,3,3
total,Estradiol,Ruben Gonzalez Ruiz,521.55,1,1
total,Estudio CD138,Carlos Parra,3448.28,2,2
total,Estudio CD138,Norma Sharey Vazquez Jimenez,1724.14,1,1
total,Estudio Homosisteina,Alejandro Sanchez Aranda,2000.0,1,1
total,Estudio Homosisteina,Carlos Parra,2000.0,1,1
total,Estudio Urea,Armando Miguel Roque Sanchez,111.2,1,1
total,Estudio creatinina,Armando Miguel Roque Sanchez,144.0,1,1
total,Examen general de orina,Armando Miguel Roque Sanchez,465.52,2,2
total,Examen general de orina,Blanca Cardenas,232.76,1,1
total,Examen general de orina,Carlos Parra,0.0,1,1
total,Examen general de orina,Eugenia Morán Orozco,3956.92,17,17
total,Examen general de orina,Giovanni López Salamanca,1396.56,6,6
total,Examen general de orina,Guadalupe Nolazco Beltrán,698.28,3,3
total,Examen general de orina,Jaime Antonio Hidalgo Carrera,465.52,3,3
total,Examen general de orina,Jairo Hernando Pedraza Pinto,1396.56,6,6
total,Examen general de orina,Jorge Michel,232.76,1,1
total,Examen general de orina,Ruben Gonzalez Ruiz,232.76,1,1
total,Exudado vaginal cultivo,Eugenia Morán Orozco,3879.3,6,6
total,FEMARA TAB 2.5MG C/30 TAB,Guadalupe Nolazco Beltrán,7246.0,2,2
total,FIV  - CDMX,Norma Sharey Vazquez Jimenez,120689.66,1,1
total,FIV (sin transferencia) - CDMX,Eugenia Morán Orozco,96551.72,1,1
total,FIV - CDMX,Armando Miguel Roque Sanchez,211206.9,2,2
total,FIV - CDMX,Eugenia Morán Orozco,337069.07,3,3
total,FIV - CDMX,Giovanni López Salamanca,90517.24,1,1
total,FIV - CDMX,Jaime Antonio Hidalgo Carrera,294482.76,3,3
total,FIV - CDMX,Jairo Hernando Pedraza Pinto,575000.0,6,6
total,FIV - CDMX,Ruben Gonzalez Ruiz,-90517.24,1,-1
total,FIV - GDL,Carlos Parra,66379.31,1,1
total,FIV - GDL,Jorge Michel,75862.07,1,1
total,FIV - MET,Guadalupe Nolazco Beltrán,414655.19,7,7
total,FIV Integral - CDMX,Armando Miguel Roque Sanchez,241379.32,2,2
total,FIV Integral - CDMX,Eugenia Morán Orozco,289655.16,3,3
total,FIV Integral - CDMX,Giovanni López Salamanca,362068.98,3,3
total,FIV Integral - CDMX,Jaime Antonio Hidalgo Carrera,225862.07,2,2
total,FIV Integral - CDMX,Jairo Hernando Pedraza Pinto,327586.22,3,3
total,FIV Integral - CDMX,Ruben Gonzalez Ruiz,113448.28,1,1
total,FIV Integral - GDL,Carlos Parra,180172.42,2,2
total,FIV Integral - GDL,Jorge Michel,159741.34,2,2
total,FIV Integral - MET,Guadalupe Nolazco Beltrán,109051.73,2,2
total,FIV con 3 Transferencias / IVF with 3 Transfers - CDMX,Alma Victoria Villarreal Barranca,693965.54,6,6
total,FIV con 3 Transferencias / IVF with 3 Transfers - CDMX,Armando Miguel Roque Sanchez,1581034.52,15,15
total,FIV con 3 Transferencias / IVF with 3 Transfers - CDMX,Eugenia Morán Orozco,965517.27,9,9
total,FIV con 3 Transferencias / IVF with 3 Transfers - CDMX,Giovanni López Salamanca,1261206.91,12,12
total,FIV con 3 Transferencias / IVF with 3 Transfers - CDMX,Jaime Antonio Hidalgo Carrera,325862.07,3,3
total,FIV con 3 Transferencias / IVF with 3 Transfers - CDMX,Jairo Hernando Pedraza Pinto,603448.29,6,6
total,FIV con 3 Transferencias / IVF with 3 Transfers - CDMX,Miranda Lucía Morán Morales,325862.08,3,3
total,FIV con 3 Transferencias / IVF with 3 Transfers - CDMX,Monica Olavarria,108620.69,1,1
total,FIV con 3 Transferencias / IVF with 3 Transfers - CDMX,Ruben Gonzalez Ruiz,78620.69,1,1
total,FIV con 3 Transferencias / IVF with 3 Transfers- GDL,Blanca Cardenas,80603.45,1,1
total,FIV con 3 Transferencias / IVF with 3 Transfers- GDL,Carlos Parra,493103.46,6,6
total,FIV con 3 Transferencias / IVF with 3 Transfers- GDL,Diana Duran,80603.45,1,1
total,FIV con 3 Transferencias / IVF with 3 Transfers- GDL,Jorge Michel,94827.59,1,1
total,FIV con 3 Transferencias / IVF with 3 Transfers- GDL,Norma Sharey Vazquez Jimenez,175431.04,2,2
total,FIV con 3 Transferencias / IVF with 3 Transfers- MET,Guadalupe Nolazco Beltrán,699353.47,12,12
total,FSH,(Sin asignar),775.86,2,2
total,FSH,Alejandro Sanchez Aranda,3103.44,8,8
total,FSH,Armando Miguel Roque Sanchez,387.93,1,1
total,FSH,Diana Duran,1060.35,3,3
total,FSH,Eugenia Morán Orozco,0.0,4,4
total,FSH,Gerardo Armando Paladino Barquera,387.93,1,1
total,FSH,Giovanni López Salamanca,775.86,4,4
total,FSH,Griselda Reyes Torres,387.93,1,1
total,FSH,Guadalupe Nolazco Beltrán,2327.58,6,6
total,FSH,Jaime Antonio Hidalgo Carrera,1163.79,3,3
total,FSH,Mayela Fernandez del Campo (MEFI),775.86,3,3
total,FSH,Monica Olavarria,0.0,1,1
total,FSH,Monica Yazmin Olavarria Guadarrama,387.93,1,1
total,FSH,Norma Sharey Vazquez Jimenez,1163.79,3,3
total,FSH,Ruben Gonzalez Ruiz,775.86,7,7
total,"FSH, LH, Estradiol",Alejandro Sanchez Aranda,1379.31,1,1
total,"FSH, LH, Estradiol",Carlos Andres Lejtik Alva,1379.31,1,1
total,Ferritina,Alejandro Sanchez Aranda,361.21,1,1
total,Ferritina,Jaime Antonio Hidalgo Carrera,361.21,1,1
total,Fertility Check Up  GDL,Blanca Cardenas,5000.02,6,6
total,Fertility Check Up  GDL,Carlos Parra,3448.3,5,5
total,Fertility Check Up  GDL,Jorge Michel,862.07,1,1
total,Fertility Check Up  GDL,Norma Sharey Vazquez Jimenez,4310.37,6,6
total,Fertility Check Up  MET,Guadalupe Nolazco Beltrán,5965.55,9,9
total,Fertility Check Up CDMX,Armando Miguel Roque Sanchez,3879.3,3,3
total,Fertility Check Up CDMX,Eugenia Morán Orozco,5603.45,4,4
total,Fertility Check Up CDMX,Giovanni López Salamanca,3103.44,2,2
total,Fertility Check Up CDMX,Jaime Antonio Hidalgo Carrera,3103.44,2,2
total,Fertility Check Up CDMX,Jairo Hernando Pedraza Pinto,3103.44,2,2
total,Fertility Check Up CDMX,Monica Olavarria,1551.72,1,1
total,Fertility Check Up CDMX,Ruben Gonzalez Ruiz,4849.14,3,3
total,Fertility Check Up online,Carlos Parra,1120.69,1,1
total,Fertility Check Up online,Eugenia Morán Orozco,2241.38,2,2
total,Fertility Check Up online,Jaime Antonio Hidalgo Carrera,4482.76,4,4
total,Fertility Check Up online,Jairo Hernando Pedraza Pinto,8706.9,8,8
total,Fertility Check Up online,Norma Sharey Vazquez Jimenez,1120.69,1,1
total,Fertilizacion CDMX,Gerardo Armando Paladino Barquera,10905.17,2,2
total,Fertilización de óvulos congelados y transferencia (DFT) + 6 OVODONO - CDMX,Eugenia Morán Orozco,119655.17,1,1
total,Fertilización de óvulos congelados y transferencia (DFT) - CDMX,Eugenia Morán Orozco,42068.97,1,1
total,Fertilización de óvulos congelados y transferencia (DFT) - CDMX,Giovanni López Salamanca,94827.59,1,1
total,Fertilización de óvulos congelados y transferencia (DFT) - CDMX,Jaime Antonio Hidalgo Carrera,94827.59,1,1
total,Fertilización de óvulos congelados y transferencia (DFT) - GDL,Carlos Parra,79310.34,2,2
total,Fertilización de óvulos congelados y transferencia (DFT) - GDL,Jorge Michel,31724.14,1,1
total,Fertilización de óvulos congelados y transferencia (DFT) - MET,Guadalupe Nolazco Beltrán,39655.17,1,1
total,"Fertilización, crecimiento y desarrollo embrionario a día 5",Eugenia Morán Orozco,16982.76,1,1
total,"Fertilización, crecimiento y desarrollo embrionario a día 5",Giovanni López Salamanca,31418.1,2,2
total,"Fertilización, crecimiento y desarrollo embrionario a día 5",Monica Olavarria,16982.76,1,1
total,"Fertilización, crecimiento y desarrollo embrionario a día 5",Ruben Gonzalez Ruiz,15284.48,1,1
total,Folatos,Alejandro Sanchez Aranda,438.79,1,1
total,Folixol,Guadalupe Nolazco Beltrán,1350.0,3,3
total,Fragmentación del ADN espermático,(Sin asignar),44310.4,13,13
total,Fragmentación del ADN espermático,Adriana Galvan Luna,3189.66,1,1
total,Fragmentación del ADN espermático,Alejandro Sanchez Aranda,3189.66,1,1
total,Fragmentación del ADN espermático,Alma Victoria Villarreal Barranca,3448.28,1,1
total,Fragmentación del ADN espermático,Armando Miguel Roque Sanchez,23620.72,7,7
total,Fragmentación del ADN espermático,Axel Cayetano,3448.28,1,1
total,Fragmentación del ADN espermático,Blanca Cardenas,3448.28,3,1
total,Fragmentación del ADN espermático,Carlos Parra,29288.82,9,9
total,Fragmentación del ADN espermático,Claudia Melina Robellada Zarate,6637.94,2,2
total,Fragmentación del ADN espermático,Diana Duran,6896.56,2,2
total,Fragmentación del ADN espermático,Edith Cervantes Guerrero,3448.28,1,1
total,Fragmentación del ADN espermático,Ericka Gabriela Yac Longoria,3448.28,1,1
total,Fragmentación del ADN espermático,Eugenia Morán Orozco,30517.28,9,9
total,Fragmentación del ADN espermático,Eva Bonifacio Leon,3448.28,1,1
total,Fragmentación del ADN espermático,Gerardo Armando Paladino Barquera,6724.14,2,2
total,Fragmentación del ADN espermático,Giovanni López Salamanca,20431.06,6,6
total,Fragmentación del ADN espermático,Jaime Antonio Hidalgo Carrera,23103.48,7,7
total,Fragmentación del ADN espermático,Jairo Hernando Pedraza Pinto,9827.6,3,3
total,Fragmentación del ADN espermático,Jefsi Argelia Leon Dominguez,6379.32,2,2
total,Fragmentación del ADN espermático,Laboratorio FIV/Andrología,90463.9,27,27
total,Fragmentación del ADN espermático,Leslie Sharon Gamiño Sanchez,3448.28,1,1
total,Fragmentación del ADN espermático,Mariela Elizaith Caballero Cedillo,9288.8,3,3
total,Fragmentación del ADN espermático,Marlene Lizbeth Zamora Ramirez,3448.28,1,1
total,Fragmentación del ADN espermático,Martha Esmeralda Espinosa Esparza,3017.24,1,1
total,Fragmentación del ADN espermático,Mayela Fernandez del Campo (MEFI),3448.28,1,1
total,Fragmentación del ADN espermático,Mayella Fernández del Campo,3189.66,1,1
total,Fragmentación del ADN espermático,Miranda Lucía Morán Morales,13103.46,4,4
total,Fragmentación del ADN espermático,Monica Olavarria,10086.22,3,3
total,Fragmentación del ADN espermático,Monica Yazmin Olavarria Guadarrama,3189.66,1,1
total,Fragmentación del ADN espermático,Ruben Gonzalez Ruiz,29612.1,9,9
total,Fragmentación del ADN espermático - CDMX,(Sin asignar),44655.24,14,14
total,Fragmentación del ADN espermático - CDMX,Alejandro Kava Braveman,3189.66,1,1
total,Fragmentación del ADN espermático - CDMX,Alejandro Sanchez Aranda,15948.3,5,5
total,Fragmentación del ADN espermático - CDMX,Amaranta Paulina Martinez Alvarado,3189.66,1,1
total,Fragmentación del ADN espermático - CDMX,Armando Miguel Roque Sanchez,9568.98,3,3
total,Fragmentación del ADN espermático - CDMX,Claudia Melina Robellada Zarate,3189.66,1,1
total,Fragmentación del ADN espermático - CDMX,Eugenia Morán Orozco,25517.28,8,8
total,Fragmentación del ADN espermático - CDMX,Eva Bonifacio Leon (Externa),3189.66,1,1
total,Fragmentación del ADN espermático - CDMX,Gerardo Armando Paladino Barquera,6379.32,2,2
total,Fragmentación del ADN espermático - CDMX,Giovanni López Salamanca,12758.64,4,4
total,Fragmentación del ADN espermático - CDMX,Gisela Cuevas Velasco,3189.66,1,1
total,Fragmentación del ADN espermático - CDMX,Griselda Reyes Torres,1206.9,1,1
total,Fragmentación del ADN espermático - CDMX,Jaime Antonio Hidalgo Carrera,35086.26,11,11
total,Fragmentación del ADN espermático - CDMX,Jairo Hernando Pedraza Pinto,12758.64,4,4
total,Fragmentación del ADN espermático - CDMX,Jefsi Argelia Leon Dominguez,3189.66,1,1
total,Fragmentación del ADN espermático - CDMX,Jorge Luis Santibañes Flores,3189.66,1,1
total,Fragmentación del ADN espermático - CDMX,Laboratorio FIV/Andrología,53362.15,17,17
total,Fragmentación del ADN espermático - CDMX,Marlene Lizbeth Zamora Ramirez,6379.32,2,2
total,Fragmentación del ADN espermático - CDMX,Mayela Fernandez del Campo (MEFI),3189.66,1,1
total,Fragmentación del ADN espermático - CDMX,Monica Olavarria,3189.66,1,1
total,Fragmentación del ADN espermático - CDMX,Ruben Gonzalez Ruiz,20043.13,7,7
total,Fragmentación del ADN espermático - GDL,(Sin asignar),16745.68,7,7
total,Fragmentación del ADN espermático - GDL,Ariadne Coutiño Bravo,2392.24,1,1
total,Fragmentación del ADN espermático - GDL,Blanca Cardenas,2392.24,1,1
total,Fragmentación del ADN espermático - GDL,Carlos Parra,21530.16,9,9
total,Fragmentación del ADN espermático - GDL,Jorge Michel,4784.48,2,2
total,Fragmentación del ADN espermático - GDL,Laboratorio FIV/Andrología,11961.2,5,5
total,Fragmentación del ADN espermático - GDL,Norma Sharey Vazquez Jimenez,7176.72,3,3
total,Fragmentación del ADN espermático - GDL,Sofia Rodriguez Mendoza (MEFI),2392.24,1,1
total,GONAL-F PEN2.0 - 300IU,(Sin asignar),0.0,1,5
total,GONAL-F PEN2.0 - 300IU,Alejandro Sanchez Aranda,16500.0,2,3
total,GONAL-F PEN2.0 - 300IU,Alma Victoria Villarreal Barranca,38500.0,7,7
total,GONAL-F PEN2.0 - 300IU,Armando Miguel Roque Sanchez,108950.0,17,20
total,GONAL-F PEN2.0 - 300IU,Blanca Cardenas,22000.0,4,4
total,GONAL-F PEN2.0 - 300IU,Carlos Parra,20950.0,5,4
total,GONAL-F PEN2.0 - 300IU,Diana Duran,5500.0,1,1
total,GONAL-F PEN2.0 - 300IU,Eugenia Morán Orozco,154376.0,25,29
total,GONAL-F PEN2.0 - 300IU,Giovanni López Salamanca,90390.0,15,17
total,GONAL-F PEN2.0 - 300IU,Guadalupe Nolazco Beltrán,144518.0,22,27
total,GONAL-F PEN2.0 - 300IU,Jaime Antonio Hidalgo Carrera,43300.0,7,8
total,GONAL-F PEN2.0 - 300IU,Jairo Hernando Pedraza Pinto,48450.0,8,9
total,GONAL-F PEN2.0 - 300IU,Jorge Michel,5150.0,1,1
total,GONAL-F PEN2.0 - 300IU,Miranda Lucía Morán Morales,5500.0,1,1
total,GONAL-F PEN2.0 - 300IU,Monica Olavarria,11000.0,1,2
total,GONAL-F PEN2.0 - 300IU,Norma Sharey Vazquez Jimenez,11000.0,2,2
total,GONAL-F PEN2.0 - 300IU,Ruben Gonzalez Ruiz,78032.0,15,15
total,GONAL-F PEN2.0 - 300IU,Tanya Barajas Serrano (Externa),10037.0,2,2
total,GONAL-F PEN2.0 - 450IU,Blanca Cardenas,39414.0,6,6
total,GONAL-F PEN2.0 - 450IU,Carlos Parra,25524.01,3,4
total,GONAL-F PEN2.0 - 450IU,Giovanni López Salamanca,6945.0,1,1
total,GONAL-F PEN2.0 - 450IU,Jorge Michel,19143.0,3,3
total,GONAL-F PEN2.0 - 900IU,Alma Victoria Villarreal Barranca,258531.0,14,19
total,GONAL-F PEN2.0 - 900IU,Armando Miguel Roque Sanchez,656556.0,45,51
total,GONAL-F PEN2.0 - 900IU,Blanca Cardenas,68250.0,5,5
total,GONAL-F PEN2.0 - 900IU,Carlos Parra,133836.0,10,10
total,GONAL-F PEN2.0 - 900IU,Diana Duran,81900.0,6,6
total,GONAL-F PEN2.0 - 900IU,Eugenia Morán Orozco,656136.0,42,50
total,GONAL-F PEN2.0 - 900IU,Giovanni López Salamanca,700776.0,43,53
total,GONAL-F PEN2.0 - 900IU,Guadalupe Nolazco Beltrán,754074.0,51,57
total,GONAL-F PEN2.0 - 900IU,Jaime Antonio Hidalgo Carrera,356118.0,23,27
total,GONAL-F PEN2.0 - 900IU,Jairo Hernando Pedraza Pinto,582840.0,32,44
total,GONAL-F PEN2.0 - 900IU,Jorge Michel,38286.0,2,3
total,GONAL-F PEN2.0 - 900IU,Miranda Lucía Morán Morales,27300.0,2,2
total,GONAL-F PEN2.0 - 900IU,Norma Sharey Vazquez Jimenez,122850.0,8,9
total,GONAL-F PEN2.0 - 900IU,Ruben Gonzalez Ruiz,286336.56,17,22
total,Globulina Transportadora de Hormonas sexuales ( SHBG),Diana Duran,879.3,5,3
total,Globulina Transportadora de Hormonas sexuales ( SHBG),Eugenia Morán Orozco,293.1,1,1
total,Globulina Transportadora de Hormonas sexuales ( SHBG),Jairo Hernando Pedraza Pinto,293.1,1,1
total,Globulina Transportadora de Hormonas sexuales ( SHBG),Miranda Lucía Morán Morales,1172.4,5,5
total,Globulina Transportadora de Hormonas sexuales ( SHBG),Monica Olavarria,2637.9,9,9
total,Globulina Transportadora de Hormonas sexuales ( SHBG),Ruben Gonzalez Ruiz,293.1,1,1
total,Glucosa,(Sin asignar),189.66,1,1
total,Glucosa,Alma Victoria Villarreal Barranca,379.32,2,2
total,Glucosa,Armando Miguel Roque Sanchez,568.98,3,3
total,Glucosa,Blanca Cardenas,568.98,3,3
total,Glucosa,Diana Duran,568.98,3,3
total,Glucosa,Enfermeria,189.66,1,1
total,Glucosa,Eugenia Morán Orozco,8345.04,44,44
total,Glucosa,Giovanni López Salamanca,474.15,3,3
total,Glucosa,Guadalupe Nolazco Beltrán,1517.28,8,8
total,Glucosa,Jairo Hernando Pedraza Pinto,1706.94,10,10
total,Glucosa,Miranda Lucía Morán Morales,189.66,1,1
total,Glucosa,Monica Olavarria,189.66,1,1
total,Glucosa,Norma Sharey Vazquez Jimenez,948.3,5,5
total,Glucosa,Ruben Gonzalez Ruiz,568.98,3,3
total,Gonal F 300 UI,Armando Miguel Roque Sanchez,10036.0,2,2
total,Gonal F 300 UI,Carlos Parra,10036.0,2,2
total,Gonal F 300 UI,Eugenia Morán Orozco,64866.0,13,13
total,Gonal F 300 UI,Giovanni López Salamanca,40144.0,7,9
total,Gonal F 300 UI,Guadalupe Nolazco Beltrán,40144.0,5,8
total,Gonal F 300 UI,Jaime Antonio Hidalgo Carrera,24722.0,5,5
total,Gonal F 300 UI,Jairo Hernando Pedraza Pinto,15054.0,3,3
total,Gonal F 300 UI,Monica Olavarria,10036.0,2,2
total,Gonal F 450 UI,Blanca Cardenas,12762.01,1,2
total,Gonal F 450 UI,Carlos Parra,19143.0,3,3
total,Gonal F 450 UI,Giovanni López Salamanca,13890.0,1,2
total,Gonal F 900 UI,Armando Miguel Roque Sanchez,76210.0,5,6
total,Gonal F 900 UI,Carlos Andres Lejtik Alva,38286.0,2,3
total,Gonal F 900 UI,Carlos Parra,12762.0,1,1
total,Gonal F 900 UI,Eugenia Morán Orozco,355526.0,21,28
total,Gonal F 900 UI,Giovanni López Salamanca,266554.0,15,21
total,Gonal F 900 UI,Guadalupe Nolazco Beltrán,127620.0,8,10
total,Gonal F 900 UI,Jaime Antonio Hidalgo Carrera,178412.76,10,14
total,Gonal F 900 UI,Jairo Hernando Pedraza Pinto,253792.0,13,20
total,Gonal F 900 UI,Jorge Michel,25524.0,2,2
total,Gonal F 900 UI,Ruben Gonzalez Ruiz,140382.0,10,11
total,Gonapeptyl Daily 0.1 (por ampolla),Alejandro Sanchez Aranda,10280.0,6,22
total,Gonapeptyl Daily 0.1 (por ampolla),Alma Victoria Villarreal Barranca,16262.4,14,38
total,Gonapeptyl Daily 0.1 (por ampolla),Armando Miguel Roque Sanchez,43598.4,42,94
total,Gonapeptyl Daily 0.1 (por ampolla),Blanca Cardenas,4688.0,5,10
total,Gonapeptyl Daily 0.1 (por ampolla),Carlos Andres Lejtik Alva,904.0,1,2
total,Gonapeptyl Daily 0.1 (por ampolla),Carlos Macias,904.0,2,2
total,Gonapeptyl Daily 0.1 (por ampolla),Carlos Parra,16960.0,18,37
total,Gonapeptyl Daily 0.1 (por ampolla),Claudia Melina Robellada Zarate,3840.0,2,8
total,Gonapeptyl Daily 0.1 (por ampolla),Diana Duran,4800.0,5,10
total,Gonapeptyl Daily 0.1 (por ampolla),Eugenia Morán Orozco,57606.8,62,124
total,Gonapeptyl Daily 0.1 (por ampolla),Giovanni López Salamanca,39403.2,44,88
total,Gonapeptyl Daily 0.1 (por ampolla),Guadalupe Nolazco Beltrán,29600.0,29,64
total,Gonapeptyl Daily 0.1 (por ampolla),Jaime Antonio Hidalgo Carrera,22096.0,24,48
total,Gonapeptyl Daily 0.1 (por ampolla),Jairo Hernando Pedraza Pinto,40984.0,40,91
total,Gonapeptyl Daily 0.1 (por ampolla),Jorge Michel,2260.0,3,5
total,Gonapeptyl Daily 0.1 (por ampolla),Leslie Sharon Gamiño Sanchez,904.0,1,2
total,Gonapeptyl Daily 0.1 (por ampolla),María de los Ángeles Flores Manzur,451.0,1,1
total,Gonapeptyl Daily 0.1 (por ampolla),Miranda Lucía Morán Morales,6720.0,4,14
total,Gonapeptyl Daily 0.1 (por ampolla),Monica Olavarria,11664.0,14,27
total,Gonapeptyl Daily 0.1 (por ampolla),Monica Yazmin Olavarria Guadarrama,1808.0,2,4
total,Gonapeptyl Daily 0.1 (por ampolla),Norma Sharey Vazquez Jimenez,4744.0,5,10
total,Gonapeptyl Daily 0.1 (por ampolla),Ruben Gonzalez Ruiz,15536.0,17,34
total,Gonapeptyl Daily 0.1 (por ampolla),Tanya Barajas Serrano (Externa),600.0,1,1
total,Grupo Sanguíneo RH,(Sin asignar),318.97,1,1
total,Grupo Sanguíneo RH,Alejandro Sanchez Aranda,318.97,1,1
total,Grupo Sanguíneo RH,Alma Victoria Villarreal Barranca,0.0,3,3
total,Grupo Sanguíneo RH,Armando Miguel Roque Sanchez,637.94,23,23
total,Grupo Sanguíneo RH,Blanca Cardenas,0.0,2,2
total,Grupo Sanguíneo RH,Carlos Andres Lejtik Alva,318.97,1,1
total,Grupo Sanguíneo RH,Carlos Macias,318.97,1,1
total,Grupo Sanguíneo RH,Carlos Parra,318.97,12,12
total,Grupo Sanguíneo RH,Enfermeria,318.97,1,1
total,Grupo Sanguíneo RH,Eugenia Morán Orozco,1594.85,53,53
total,Grupo Sanguíneo RH,Gerardo Armando Paladino Barquera,318.97,1,1
total,Grupo Sanguíneo RH,Giovanni López Salamanca,2232.79,34,34
total,Grupo Sanguíneo RH,Guadalupe Nolazco Beltrán,637.94,31,31
total,Grupo Sanguíneo RH,Jaime Antonio Hidalgo Carrera,318.97,20,20
total,Grupo Sanguíneo RH,Jairo Hernando Pedraza Pinto,956.91,31,31
total,Grupo Sanguíneo RH,Jorge Michel,0.0,4,4
total,Grupo Sanguíneo RH,Maritza Ivett Rojas Valencia,318.97,1,1
total,Grupo Sanguíneo RH,María Elena González Panzzi,637.94,2,2
total,Grupo Sanguíneo RH,María de los Ángeles Flores Manzur,318.97,1,1
total,Grupo Sanguíneo RH,Miranda Lucía Morán Morales,0.0,1,1
total,Grupo Sanguíneo RH,Monica Olavarria,318.97,6,6
total,Grupo Sanguíneo RH,Monica Yazmin Olavarria Guadarrama,318.97,2,2
total,Grupo Sanguíneo RH,Norma Sharey Vazquez Jimenez,0.0,1,1
total,Grupo Sanguíneo RH,Ruben Gonzalez Ruiz,1802.18,25,25
total,HIOSCINA 10 MG C/24 (BUSCAPINA),Giovanni López Salamanca,253.0,1,1
total,Hemoglobina glicosilada,Alma Victoria Villarreal Barranca,1868.11,4,4
total,Hemoglobina glicosilada,Armando Miguel Roque Sanchez,474.14,1,1
total,Hemoglobina glicosilada,Diana Duran,688.8,2,2
total,Hemoglobina glicosilada,Eugenia Morán Orozco,19913.88,43,43
total,Hemoglobina glicosilada,Giovanni López Salamanca,474.14,1,1
total,Hemoglobina glicosilada,Jaime Antonio Hidalgo Carrera,919.83,2,2
total,Hemoglobina glicosilada,Jairo Hernando Pedraza Pinto,948.28,2,2
total,Hemoglobina glicosilada,Miranda Lucía Morán Morales,2370.7,5,5
total,Hemoglobina glicosilada,Monica Olavarria,948.28,2,2
total,Hepatitis B HBeAg,Amaranta Paulina Martinez Alvarado,1293.1,2,2
total,Hepatitis B HBeAg,Armando Miguel Roque Sanchez,646.55,2,2
total,Hepatitis B HBeAg,Fatima Giron Ávila,646.55,1,1
total,Hepatitis B HBeAg,Giovanni López Salamanca,646.55,1,1
total,Hepatitis B HBeAg,Jaime Antonio Hidalgo Carrera,0.0,1,1
total,Hepatitis B superficie HBsAg,Carlos Andres Lejtik Alva,646.55,1,1
total,Hepatitis B superficie HBsAg,Ericka Gabriela Yac Longoria,862.07,1,1
total,Hepatitis B superficie HBsAg,Eugenia Morán Orozco,862.07,1,1
total,Hepatitis B superficie HBsAg,José Alfonso Gutiérrez Frusch,862.07,1,1
total,Hepatitis B superficie HBsAg,Miranda Lucía Morán Morales,818.97,1,1
total,Hepatitis B superficie HBsAg,Ruben Gonzalez Ruiz,646.55,1,1
total,Hepatitis C,Armando Miguel Roque Sanchez,818.97,1,1
total,Hepatitis C,Eugenia Morán Orozco,1637.94,2,2
total,Hepatitis C,Fatima Giron Ávila,818.97,1,1
total,Hepatitis C,Gisela Cuevas Velasco,818.97,1,1
total,Hepatitis C,Marlene Lizbeth Zamora Ramirez,818.97,1,1
total,Histeroscopia Quirúrgica GDL,Carlos Parra,25862.07,1,1
total,Histeroscopia con energia,Giovanni López Salamanca,6724.14,1,1
total,Histeroscopia diagnostica,Alma Victoria Villarreal Barranca,90517.24,5,5
total,Histeroscopia diagnostica,Armando Miguel Roque Sanchez,132586.2,7,7
total,Histeroscopia diagnostica,Blanca Cardenas,17241.38,1,1
total,Histeroscopia diagnostica,Carlos Parra,73275.86,4,4
total,Histeroscopia diagnostica,Diana Duran,77586.2,4,4
total,Histeroscopia diagnostica,Eugenia Morán Orozco,181034.46,9,9
total,Histeroscopia diagnostica,Giovanni López Salamanca,267241.37,16,16
total,Histeroscopia diagnostica,Jaime Antonio Hidalgo Carrera,21551.72,1,1
total,Histeroscopia diagnostica,Jairo Hernando Pedraza Pinto,34482.76,2,2
total,Histeroscopia diagnostica,Miranda Lucía Morán Morales,17241.38,1,1
total,Histeroscopia diagnostica,Monica Olavarria,34482.76,2,2
total,Histeroscopia diagnostica,Ruben Gonzalez Ruiz,17241.38,1,1
total,Histeroscopia diagnostica GDL,Ruth Hernández Sánchez,45258.63,3,3
total,Histeroscopia diagnostica GDL,Tanya Barajas Serrano (Externa),15086.21,1,1
total,Histeroscopia diagnóstica con anestesia,Armando Miguel Roque Sanchez,51724.14,3,3
total,Histeroscopia diagnóstica con anestesia,Carlos Parra,17241.38,1,1
total,Histeroscopia diagnóstica con anestesia,Eugenia Morán Orozco,30172.42,2,2
total,Histeroscopia diagnóstica con anestesia,Fatima Giron Ávila,15086.21,1,1
total,Histeroscopia diagnóstica con anestesia,Jaime Antonio Hidalgo Carrera,41379.48,2,2
total,Histeroscopia diagnóstica con anestesia,Jairo Hernando Pedraza Pinto,29741.38,2,2
total,Histeroscopia diagnóstica con anestesia,Monica Olavarria,0.0,1,1
total,Histeroscopia diagnóstica con anestesia,Norma Sharey Vazquez Jimenez,17241.38,1,1
total,Histeroscopia diagnóstica con anestesia,Peggy Molina Vargas,15086.21,1,1
total,Histeroscopia diagnóstica con anestesia,Ruben Gonzalez Ruiz,32327.59,2,2
total,Histeroscopia diagnóstica con anestesia CDMX,Armando Miguel Roque Sanchez,17241.38,1,1
total,Histeroscopia diagnóstica con anestesia CDMX,Giovanni López Salamanca,16370.69,1,1
total,Histeroscopia diagnóstica con anestesia CDMX,Jaime Antonio Hidalgo Carrera,13965.52,1,1
total,Histeroscopía diagnóstica - CDMX,Ruben Gonzalez Ruiz,17241.38,1,1
total,Histeroscopía operatoria - CDMX,Mayela Fernandez del Campo (MEFI),24137.93,1,1
total,Histerosonografía,Alma Victoria Villarreal Barranca,9051.72,3,3
total,Histerosonografía,Armando Miguel Roque Sanchez,3017.24,1,1
total,Histerosonografía,Eugenia Morán Orozco,11810.34,4,4
total,Histerosonografía,Giovanni López Salamanca,6034.48,2,2
total,Histerosonografía,Guadalupe Nolazco Beltrán,8922.41,3,3
total,Histerosonografía,Jaime Antonio Hidalgo Carrera,6034.48,2,2
total,Histerosonografía,Jairo Hernando Pedraza Pinto,8922.41,3,3
total,Histerosonografía,Jorge Michel,15086.2,5,5
total,Histerosonografía,José Alfonso Gutiérrez Frusch,3017.24,1,1
total,Honorarios medicos,Claudia Melina Robellada Zarate,25862.07,1,1
total,Honorarios médicos,Ruben Gonzalez Ruiz,81896.55,1,1
total,Horizon 613,Giovanni López Salamanca,16379.31,1,1
total,Hormona Luteinisante (LH),Alejandro Sanchez Aranda,521.55,1,1
total,Hormona Luteinisante (LH),Armando Miguel Roque Sanchez,0.0,1,1
total,Hormona Luteinisante (LH),Eugenia Morán Orozco,0.0,6,6
total,Hormona Luteinisante (LH),Giovanni López Salamanca,2086.21,8,10
total,Hormona Luteinisante (LH),Jaime Antonio Hidalgo Carrera,1043.1,2,2
total,Hormona Luteinisante (LH),Ruben Gonzalez Ruiz,521.55,2,2
total,Hormona Luteinizante (LH),(Sin asignar),1043.1,2,2
total,Hormona Luteinizante (LH),Alejandro Sanchez Aranda,3129.3,6,6
total,Hormona Luteinizante (LH),Alma Victoria Villarreal Barranca,521.55,1,1
total,Hormona Luteinizante (LH),Armando Miguel Roque Sanchez,521.55,8,8
total,Hormona Luteinizante (LH),Carlos Parra,1043.1,2,3
total,Hormona Luteinizante (LH),Claudia Melina Robellada Zarate,1043.1,2,2
total,Hormona Luteinizante (LH),Diana Duran,2086.2,6,4
total,Hormona Luteinizante (LH),Eugenia Morán Orozco,7823.25,23,23
total,Hormona Luteinizante (LH),Gerardo Armando Paladino Barquera,521.55,1,1
total,Hormona Luteinizante (LH),Giovanni López Salamanca,0.0,5,5
total,Hormona Luteinizante (LH),Guadalupe Nolazco Beltrán,2607.75,5,5
total,Hormona Luteinizante (LH),Jaime Antonio Hidalgo Carrera,1564.65,3,3
total,Hormona Luteinizante (LH),Jairo Hernando Pedraza Pinto,4172.4,11,11
total,Hormona Luteinizante (LH),Mayela Fernandez del Campo (MEFI),1564.65,4,4
total,Hormona Luteinizante (LH),Monica Olavarria,1043.1,4,4
total,Hormona Luteinizante (LH),Norma Sharey Vazquez Jimenez,1564.65,3,3
total,Idice HOMA,Jaime Antonio Hidalgo Carrera,303.28,1,1
total,Inseminacion CDMX,Alma Victoria Villarreal Barranca,20689.66,1,1
total,Inseminacion CDMX,Armando Miguel Roque Sanchez,34913.8,2,2
total,Inseminacion CDMX,Eugenia Morán Orozco,227758.65,12,12
total,Inseminacion CDMX,Giovanni López Salamanca,20689.66,1,1
total,Inseminacion CDMX,Jaime Antonio Hidalgo Carrera,20689.66,1,1
total,Inseminacion GDL,Blanca Cardenas,14353.45,1,1
total,Inseminacion GDL,Carlos Parra,47844.84,7,3
total,Inseminacion GDL,Diana Duran,31896.56,2,2
total,Inseminacion GDL,Norma Sharey Vazquez Jimenez,15948.28,1,1
total,Inseminación intrauterina - CDMX,Eugenia Morán Orozco,70775.87,4,4
total,Inseminación intrauterina - CDMX,Jaime Antonio Hidalgo Carrera,18965.52,1,1
total,Inseminación intrauterina - CDMX,Jairo Hernando Pedraza Pinto,20689.66,1,1
total,Inseminación intrauterina - CDMX,Ruben Gonzalez Ruiz,20689.66,1,1
total,Inseminación intrauterina - GDL,Blanca Cardenas,10991.38,1,1
total,Insulina basal,(Sin asignar),948.28,2,2
total,Insulina basal,Alma Victoria Villarreal Barranca,3764.67,8,8
total,Insulina basal,Armando Miguel Roque Sanchez,3736.22,8,8
total,Insulina basal,Blanca Cardenas,1422.42,3,3
total,Insulina basal,Diana Duran,2134.49,6,6
total,Insulina basal,Enfermeria,1422.42,3,3
total,Insulina basal,Eugenia Morán Orozco,26077.7,57,57
total,Insulina basal,Fatima Giron Ávila,474.14,1,1
total,Insulina basal,Giovanni López Salamanca,3318.98,7,7
total,Insulina basal,Guadalupe Nolazco Beltrán,6637.96,14,14
total,Insulina basal,Jaime Antonio Hidalgo Carrera,1896.56,4,4
total,Insulina basal,Jairo Hernando Pedraza Pinto,5215.54,12,12
total,Insulina basal,Maritza Ivett Rojas Valencia,948.28,2,2
total,Insulina basal,Miranda Lucía Morán Morales,1422.42,3,3
total,Insulina basal,Monica Olavarria,2844.84,6,6
total,Insulina basal,Norma Sharey Vazquez Jimenez,4267.26,9,9
total,Insulina basal,Ruben Gonzalez Ruiz,1422.42,3,3
total,Insulina basal,Yazmin Ramos,474.14,1,1
total,Integrated Frozen Donor Surrogacy Package CDMX,Armando Miguel Roque Sanchez,546206.9,1,2
total,Integrated Frozen Donor Surrogacy Package CDMX,Eugenia Morán Orozco,277586.21,1,1
total,Integrated Frozen Donor Surrogacy Package CDMX,Giovanni López Salamanca,277586.21,1,1
total,LAB - RI WITNESS RFDI PATIENT ID CARDS 6-70-100/50 (PAQUETE 50 PZAS),Eugenia Morán Orozco,431.03,1,1
total,LEVONORGESTREL/ ETINILESTRADIOL 0.15/0.03MG 21 TAB (MICROGYNON),Armando Miguel Roque Sanchez,414.0,1,1
total,LEVONORGESTREL/ ETINILESTRADIOL 0.15/0.03MG 21 TAB (MICROGYNON),Eugenia Morán Orozco,3312.0,8,8
total,LEVONORGESTREL/ ETINILESTRADIOL 0.15/0.03MG 21 TAB (MICROGYNON),Giovanni López Salamanca,5382.0,13,14
total,LEVONORGESTREL/ ETINILESTRADIOL 0.15/0.03MG 21 TAB (MICROGYNON),Guadalupe Nolazco Beltrán,5382.0,13,13
total,LEVONORGESTREL/ ETINILESTRADIOL 0.15/0.03MG 21 TAB (MICROGYNON),Jaime Antonio Hidalgo Carrera,828.0,2,2
total,LEVONORGESTREL/ ETINILESTRADIOL 0.15/0.03MG 21 TAB (MICROGYNON),Jairo Hernando Pedraza Pinto,414.0,1,1
total,LEVONORGESTREL/ ETINILESTRADIOL 0.15/0.03MG 21 TAB (MICROGYNON),Norma Sharey Vazquez Jimenez,414.0,1,1
total,LIPOPROTEINA (a) Lp(a),Carlos Parra,0.0,1,1
total,Letz 2.5mg,(Sin asignar),2400.0,2,3
total,Letz 2.5mg,Alejandro Sanchez Aranda,1600.0,2,2
total,Letz 2.5mg,Alma Victoria Villarreal Barranca,3200.0,5,5
total,Letz 2.5mg,Armando Miguel Roque Sanchez,3200.0,4,4
total,Letz 2.5mg,Blanca Cardenas,1380.0,2,2
total,Letz 2.5mg,Carlos Parra,9000.0,12,12
total,Letz 2.5mg,Diana Duran,1600.0,2,2
total,Letz 2.5mg,Eugenia Morán Orozco,13960.0,18,18
total,Letz 2.5mg,Giovanni López Salamanca,9424.0,13,13
total,Letz 2.5mg,Guadalupe Nolazco Beltrán,4000.0,5,5
total,Letz 2.5mg,Jaime Antonio Hidalgo Carrera,1380.0,2,2
total,Letz 2.5mg,Jairo Hernando Pedraza Pinto,4000.0,7,7
total,Letz 2.5mg,Jorge Michel,800.0,1,1
total,Letz 2.5mg,Monica Olavarria,800.0,1,1
total,Letz 2.5mg,Norma Sharey Vazquez Jimenez,800.0,1,1
total,Letz 2.5mg,Ruben Gonzalez Ruiz,800.0,2,2
total,MATTER FOLIXOL 750 MG,Carlos Parra,450.0,1,1
total,MOMENTS 50 MG 30 TABc,Alejandro Sanchez Aranda,950.0,1,1
total,MOMENTS 50 MG 30 TABc,Armando Miguel Roque Sanchez,1900.0,2,2
total,MOMENTS 50 MG 30 TABc,Eugenia Morán Orozco,2850.0,3,3
total,MOMENTS 50 MG 30 TABc,Giovanni López Salamanca,950.0,1,1
total,MOMENTS 50 MG 30 TABc,Jaime Antonio Hidalgo Carrera,950.0,1,1
total,MYO D-CHIRO 40:1 (HOLIHERB),Carlos Parra,1970.0,2,2
total,MYO D-CHIRO 40:1 (HOLIHERB),Diana Duran,4686.73,5,5
total,Marcadores tumorales ovario,Alma Victoria Villarreal Barranca,2758.62,2,2
total,Marcadores tumorales ovario,Monica Olavarria,1379.31,1,1
total,Medicamentos Post-Captura,Armando Miguel Roque Sanchez,1232.0,1,1
total,Merapur 75 UI (por ampolla),Alejandro Sanchez Aranda,52012.0,11,62
total,Merapur 75 UI (por ampolla),Alma Victoria Villarreal Barranca,129512.8,33,146
total,Merapur 75 UI (por ampolla),Armando Miguel Roque Sanchez,582101.04,120,698
total,Merapur 75 UI (por ampolla),Blanca Cardenas,82273.0,29,95
total,Merapur 75 UI (por ampolla),Carlos Andres Lejtik Alva,4746.0,2,6
total,Merapur 75 UI (por ampolla),Carlos Parra,137873.0,59,163
total,Merapur 75 UI (por ampolla),Diana Duran,40940.0,11,46
total,Merapur 75 UI (por ampolla),Eugenia Morán Orozco,508903.2,193,620
total,Merapur 75 UI (por ampolla),Giovanni López Salamanca,510476.8,151,616
total,Merapur 75 UI (por ampolla),Guadalupe Nolazco Beltrán,432705.0,90,515
total,Merapur 75 UI (por ampolla),Jaime Antonio Hidalgo Carrera,205738.16,65,254
total,Merapur 75 UI (por ampolla),Jairo Hernando Pedraza Pinto,359704.0,104,431
total,Merapur 75 UI (por ampolla),Jorge Michel,61303.0,9,73
total,Merapur 75 UI (por ampolla),Miranda Lucía Morán Morales,65860.0,13,74
total,Merapur 75 UI (por ampolla),Monica Olavarria,55966.0,16,73
total,Merapur 75 UI (por ampolla),Monica Yazmin Olavarria Guadarrama,15029.0,3,19
total,Merapur 75 UI (por ampolla),Norma Sharey Vazquez Jimenez,8010.0,3,9
total,Merapur 75 UI (por ampolla),Ruben Gonzalez Ruiz,271634.18,80,336
total,Merapur 75 UI (por ampolla),Tanya Barajas Serrano (Externa),3321.0,1,3
total,Meticorten 20 mg,Guadalupe Nolazco Beltrán,2250.0,3,3
total,Meticorten 5 mg,Alejandro Sanchez Aranda,690.0,1,1
total,"Metilentetrahidrofolato reductasa MTHFR (Mutación 677-C, A1298 C)",Giovanni López Salamanca,5500.0,1,1
total,Microgynon,Eugenia Morán Orozco,3726.0,9,9
total,Microgynon,Giovanni López Salamanca,1217.16,3,3
total,Microgynon,Jaime Antonio Hidalgo Carrera,414.0,1,1
total,Microgynon,José Alfonso Gutiérrez Frusch,414.0,1,1
total,Microgynon,Ruben Gonzalez Ruiz,828.0,2,2
total,Miomectomía,Blanca Cardenas,17585.34,1,1
total,Moments,Eugenia Morán Orozco,3800.0,4,4
total,Muestra de esperma FI - Sperm bank - Disponibilidad inmediata CDMX,Alma Victoria Villarreal Barranca,15517.24,2,2
total,Muestra de esperma FI - Sperm bank - Disponibilidad inmediata GDL,Armando Miguel Roque Sanchez,21551.72,1,1
total,NOCELE 30 CAPSULAS,Guadalupe Nolazco Beltrán,1500.0,5,5
total,OESTROGEL .0.06 / 100 G (ESTRADIOL EN GEL),Alejandro Sanchez Aranda,900.0,1,1
total,OESTROGEL .0.06 / 100 G (ESTRADIOL EN GEL),Armando Miguel Roque Sanchez,900.0,1,1
total,OESTROGEL .0.06 / 100 G (ESTRADIOL EN GEL),Carlos Parra,2700.0,4,4
total,OESTROGEL .0.06 / 100 G (ESTRADIOL EN GEL),Eugenia Morán Orozco,24300.0,20,28
total,OESTROGEL .0.06 / 100 G (ESTRADIOL EN GEL),Giovanni López Salamanca,21600.0,20,25
total,OESTROGEL .0.06 / 100 G (ESTRADIOL EN GEL),Jairo Hernando Pedraza Pinto,8100.0,6,9
total,OESTROGEL .0.06 / 100 G (ESTRADIOL EN GEL),Ruben Gonzalez Ruiz,4500.0,5,5
total,OGESTAN ANDRACTIV 30 CAPSULAS,Guadalupe Nolazco Beltrán,500.0,1,1
total,OMEGA 3 DE 90 CÁPS (MATTER),Carlos Parra,336.21,1,1
total,OMEGA 3 DE 90 CÁPS (MATTER),Guadalupe Nolazco Beltrán,4482.76,4,4
total,OVIDREL F-PEN 250MCG - PLUMAS,Alejandro Sanchez Aranda,10955.0,5,5
total,OVIDREL F-PEN 250MCG - PLUMAS,Alma Victoria Villarreal Barranca,30409.0,14,14
total,OVIDREL F-PEN 250MCG - PLUMAS,Armando Miguel Roque Sanchez,89780.0,39,40
total,OVIDREL F-PEN 250MCG - PLUMAS,Blanca Cardenas,11449.0,5,5
total,OVIDREL F-PEN 250MCG - PLUMAS,Carlos Parra,39605.45,18,18
total,OVIDREL F-PEN 250MCG - PLUMAS,Diana Duran,14100.0,6,6
total,OVIDREL F-PEN 250MCG - PLUMAS,Edna Amaro,2350.0,1,1
total,OVIDREL F-PEN 250MCG - PLUMAS,Eugenia Morán Orozco,102282.0,46,46
total,OVIDREL F-PEN 250MCG - PLUMAS,Giovanni López Salamanca,56685.0,25,25
total,OVIDREL F-PEN 250MCG - PLUMAS,Guadalupe Nolazco Beltrán,73027.0,29,33
total,OVIDREL F-PEN 250MCG - PLUMAS,Jaime Antonio Hidalgo Carrera,29261.0,13,13
total,OVIDREL F-PEN 250MCG - PLUMAS,Jairo Hernando Pedraza Pinto,46664.0,21,22
total,OVIDREL F-PEN 250MCG - PLUMAS,Jorge Michel,11256.0,4,5
total,OVIDREL F-PEN 250MCG - PLUMAS,Miranda Lucía Morán Morales,9400.0,4,4
total,OVIDREL F-PEN 250MCG - PLUMAS,Monica Olavarria,29508.0,12,13
total,OVIDREL F-PEN 250MCG - PLUMAS,Monica Yazmin Olavarria Guadarrama,2103.0,1,1
total,OVIDREL F-PEN 250MCG - PLUMAS,Norma Sharey Vazquez Jimenez,4453.0,2,2
total,OVIDREL F-PEN 250MCG - PLUMAS,Ruben Gonzalez Ruiz,15462.0,7,7
total,Oestrogel,Eugenia Morán Orozco,2700.0,3,3
total,Oestrogel,Giovanni López Salamanca,6246.0,2,7
total,Oestrogel,Jaime Antonio Hidalgo Carrera,1800.0,1,2
total,Oestrogel,Jairo Hernando Pedraza Pinto,2700.0,3,3
total,Ovidrel 250 mg,Armando Miguel Roque Sanchez,14343.0,7,7
total,Ovidrel 250 mg,Blanca Cardenas,2049.0,1,1
total,Ovidrel 250 mg,Carlos Andres Lejtik Alva,2049.0,1,1
total,Ovidrel 250 mg,Carlos Parra,4098.0,2,2
total,Ovidrel 250 mg,Eugenia Morán Orozco,34833.0,17,17
total,Ovidrel 250 mg,Giovanni López Salamanca,16343.0,9,9
total,Ovidrel 250 mg,Guadalupe Nolazco Beltrán,8196.0,4,4
total,Ovidrel 250 mg,Jaime Antonio Hidalgo Carrera,14343.0,7,7
total,Ovidrel 250 mg,Jairo Hernando Pedraza Pinto,10245.0,5,5
total,Ovidrel 250 mg,Monica Olavarria,2049.0,1,1
total,Ovidrel 250 mg,Ruben Gonzalez Ruiz,10245.0,5,5
total,Ovodonacion donadora nacional x óvulo,Armando Miguel Roque Sanchez,75000.0,1,8
total,Ovodonacion donadora nacional x óvulo,Edna Amaro,82758.56,1,6
total,Ovodonacion donadora nacional x óvulo,Eugenia Morán Orozco,197931.03,1,14
total,Ovodonación donadora asiática x óvulo,Carlos Parra,155172.41,1,6
total,Ovodonación donadora internacional x óvulo,Melissa Itzel Villagomez Aleman,181034.48,1,10
total,PERFIL HEPATICO,Diana Duran,629.31,1,1
total,PERGOVERIS PEN 300/150IU,Alma Victoria Villarreal Barranca,5850.0,1,1
total,PERGOVERIS PEN 300/150IU,Armando Miguel Roque Sanchez,5383.0,1,1
total,PERGOVERIS PEN 300/150IU,Carlos Parra,15950.0,2,3
total,PERGOVERIS PEN 300/150IU,Eugenia Morán Orozco,27849.0,5,5
total,PERGOVERIS PEN 300/150IU,Giovanni López Salamanca,11700.0,1,2
total,PERGOVERIS PEN 300/150IU,Guadalupe Nolazco Beltrán,5850.0,1,1
total,PERGOVERIS PEN 300/150IU,Jaime Antonio Hidalgo Carrera,16616.0,3,3
total,PERGOVERIS PEN 300/150IU,Jairo Hernando Pedraza Pinto,11700.0,1,2
total,PERGOVERIS PEN 300/150IU,Norma Sharey Vazquez Jimenez,5850.0,1,1
total,PERGOVERIS PEN 450/225IU,Alma Victoria Villarreal Barranca,48804.0,6,7
total,PERGOVERIS PEN 450/225IU,Eugenia Morán Orozco,8300.0,1,1
total,PERGOVERIS PEN 450/225IU,Giovanni López Salamanca,33200.0,3,4
total,PERGOVERIS PEN 450/225IU,Jairo Hernando Pedraza Pinto,15961.0,4,4
total,PERGOVERIS PEN 900/450IU,Alma Victoria Villarreal Barranca,270882.0,13,22
total,PERGOVERIS PEN 900/450IU,Armando Miguel Roque Sanchez,45450.0,2,3
total,PERGOVERIS PEN 900/450IU,Blanca Cardenas,15150.0,1,1
total,PERGOVERIS PEN 900/450IU,Carlos Parra,231793.31,15,17
total,PERGOVERIS PEN 900/450IU,Diana Duran,151500.0,8,10
total,PERGOVERIS PEN 900/450IU,Eugenia Morán Orozco,812709.0,39,56
total,PERGOVERIS PEN 900/450IU,Giovanni López Salamanca,316952.0,14,21
total,PERGOVERIS PEN 900/450IU,Guadalupe Nolazco Beltrán,118205.0,8,8
total,PERGOVERIS PEN 900/450IU,Jaime Antonio Hidalgo Carrera,220289.0,10,15
total,PERGOVERIS PEN 900/450IU,Jairo Hernando Pedraza Pinto,374185.0,17,27
total,PERGOVERIS PEN 900/450IU,Jorge Michel,30300.0,1,2
total,PERGOVERIS PEN 900/450IU,Mayela Fernandez del Campo (MEFI),30300.0,1,2
total,PERGOVERIS PEN 900/450IU,Miranda Lucía Morán Morales,30300.0,1,2
total,PERGOVERIS PEN 900/450IU,Monica Olavarria,15150.0,1,1
total,PERGOVERIS PEN 900/450IU,Monica Yazmin Olavarria Guadarrama,29102.0,2,2
total,PERGOVERIS PEN 900/450IU,Norma Sharey Vazquez Jimenez,133355.0,7,9
total,PGT por embrion (1 a 3) CDMX,Gerardo Armando Paladino Barquera,10344.83,1,1
total,PGT por embrion (1 a 3) CDMX,María de los Ángeles Flores Manzur,20689.66,1,2
total,PGT-A por embrion,Adriana Galvan Luna,33750.0,1,3
total,PGT-A por embrion,Aldo Loza Mapome,41379.31,1,4
total,PGT-A por embrion,Alejandro Sanchez Aranda,174568.96,5,18
total,PGT-A por embrion,Aline Yunuen García Cortes,75775.86,2,6
total,PGT-A por embrion,Alma Victoria Villarreal Barranca,200689.65,7,19
total,PGT-A por embrion,Amaranta Paulina Martinez Alvarado,207758.62,8,24
total,PGT-A por embrion,Armando Miguel Roque Sanchez,515068.96,14,52
total,PGT-A por embrion,Brenda Sanchez Ramirez,60646.55,1,7
total,PGT-A por embrion,Candice Ann Barba Gomez,20689.37,2,2
total,PGT-A por embrion,Carlos Andres Lejtik Alva,54310.34,1,6
total,PGT-A por embrion,Carlos Parra,367206.94,12,40
total,PGT-A por embrion,Cintia Mejía García,48103.44,2,4
total,PGT-A por embrion,Claudia Melina Robellada Zarate,24051.72,1,2
total,PGT-A por embrion,Diana Duran,138965.56,5,15
total,PGT-A por embrion,Edith Cervantes Guerrero,103706.9,3,10
total,PGT-A por embrion,Edna Amaro,189655.2,5,22
total,PGT-A por embrion,Emma Gabriela Portillo Osorio,12931.03,1,1
total,PGT-A por embrion,Enrique Reyes Muñoz,78362.06,2,8
total,PGT-A por embrion,Eugenia Morán Orozco,1340424.92,37,156
total,PGT-A por embrion,Fabian Ricardo Castañeda Bochm,80948.28,2,8
total,PGT-A por embrion,Fabiola del Carmen Brito Sandoval,9482.76,1,1
total,PGT-A por embrion,Gerardo Armando Paladino Barquera,255474.13,7,24
total,PGT-A por embrion,Giovanni López Salamanca,834077.62,27,99
total,PGT-A por embrion,Gisela Cuevas Velasco,45258.62,1,5
total,PGT-A por embrion,Griselda Reyes Torres,100991.37,6,9
total,PGT-A por embrion,Guadalupe Nolazco Beltrán,584482.78,19,55
total,PGT-A por embrion,Jaime Antonio Hidalgo Carrera,303686.19,12,33
total,PGT-A por embrion,Jairo Hernando Pedraza Pinto,912448.23,24,110
total,PGT-A por embrion,Jefsi Argelia Leon Dominguez,99181.03,3,9
total,PGT-A por embrion,Jorge Michel,147172.42,5,16
total,PGT-A por embrion,Jorge Michel (EX),202413.84,4,23
total,PGT-A por embrion,Jose Juan Guerrero Vargas,126077.58,3,13
total,PGT-A por embrion,José Manuel Lozano Sánchez,115603.44,4,10
total,PGT-A por embrion,Laura Esmeralda Gonzalez Lopez,24137.93,1,2
total,PGT-A por embrion,Leslie Sharon Gamiño Sanchez,161206.93,5,16
total,PGT-A por embrion,Lilia Berenice Leyva Macias,152715.52,4,15
total,PGT-A por embrion,Maritza Ivett Rojas Valencia,86637.93,2,9
total,PGT-A por embrion,Marlene Lizbeth Zamora Ramirez,71120.69,2,7
total,PGT-A por embrion,María de los Ángeles Flores Manzur,82758.62,2,8
total,PGT-A por embrion,Miranda Lucía Morán Morales,80172.41,2,7
total,PGT-A por embrion,Monica Olavarria,203922.41,6,20
total,PGT-A por embrion,Monica Yazmin Olavarria Guadarrama,12931.03,1,1
total,PGT-A por embrion,Norma Sharey Vazquez Jimenez,59413.78,3,5
total,PGT-A por embrion,Oliver Paul Cruz Orozco,12931.03,1,1
total,PGT-A por embrion,Ruben Gonzalez Ruiz,123439.66,5,16
total,PGT-A por embrion,Ruth Hernández Sánchez,74827.55,2,8
total,PGT-A por embrion,Tanya Barajas Serrano (Externa),67241.4,2,6
total,PGT-A por embrion,Yazmin Ramos,419827.65,12,41
total,PGT-A por embrion,Zaida Maria Villa Deluna,10344.83,1,1
total,PGT-M hasta 12 embriones,Alejandro Sanchez Aranda,62500.0,1,1
total,PGT-M hasta 12 embriones,Giovanni López Salamanca,250603.45,2,2
total,PGT-SR Robertsoniana,Jairo Hernando Pedraza Pinto,96250.0,1,7
total,PREDNISONA 20 MG C/30 TAB (METICORTEN) ASPEN,Giovanni López Salamanca,2250.0,3,3
total,PREDNISONA 20 MG C/30 TAB (METICORTEN) ASPEN,Guadalupe Nolazco Beltrán,6000.0,8,8
total,PREDNISONA 20 MG C/30 TAB (METICORTEN) ASPEN,Jaime Antonio Hidalgo Carrera,750.0,1,1
total,PRIMOGYN 1MG C/28 GRA,Eugenia Morán Orozco,850.0,1,1
total,PRIMOGYN 2 MG C/28 GRAG,Alejandro Sanchez Aranda,8000.0,4,8
total,PRIMOGYN 2 MG C/28 GRAG,Alma Victoria Villarreal Barranca,4000.0,2,4
total,PRIMOGYN 2 MG C/28 GRAG,Armando Miguel Roque Sanchez,64000.0,30,64
total,PRIMOGYN 2 MG C/28 GRAG,Blanca Cardenas,3000.0,1,3
total,PRIMOGYN 2 MG C/28 GRAG,Carlos Parra,10000.0,9,13
total,PRIMOGYN 2 MG C/28 GRAG,Diana Duran,2000.0,1,2
total,PRIMOGYN 2 MG C/28 GRAG,Eugenia Morán Orozco,841000.0,324,846
total,PRIMOGYN 2 MG C/28 GRAG,Giovanni López Salamanca,380960.0,158,386
total,PRIMOGYN 2 MG C/28 GRAG,Guadalupe Nolazco Beltrán,15000.0,15,15
total,PRIMOGYN 2 MG C/28 GRAG,Jaime Antonio Hidalgo Carrera,65000.0,21,65
total,PRIMOGYN 2 MG C/28 GRAG,Jairo Hernando Pedraza Pinto,150000.0,60,154
total,PRIMOGYN 2 MG C/28 GRAG,Jorge Michel,23000.0,10,23
total,PRIMOGYN 2 MG C/28 GRAG,José Alfonso Gutiérrez Frusch,2000.0,1,2
total,PRIMOGYN 2 MG C/28 GRAG,Miranda Lucía Morán Morales,4000.0,1,4
total,PRIMOGYN 2 MG C/28 GRAG,Norma Sharey Vazquez Jimenez,5000.0,4,5
total,PRIMOGYN 2 MG C/28 GRAG,Ruben Gonzalez Ruiz,36700.0,18,37
total,PROVERA 5 MG 24 TAB,Diana Duran,450.0,1,1
total,Panel de detección de 10 ETS,Carlos Parra,4741.38,1,1
total,Panel de drogas en orina (III),Eugenia Morán Orozco,1594.83,1,1
total,Panel de drogas en orina (III),Giovanni López Salamanca,1594.83,1,1
total,Panel de drogas en orina (III),Jaime Antonio Hidalgo Carrera,1594.83,1,1
total,Panel de drogas en orina (III),Jairo Hernando Pedraza Pinto,1594.83,1,1
total,Panel de drogas en orina (III),Miranda Lucía Morán Morales,1594.83,1,1
total,Papanicolaou,(Sin asignar),0.0,4,4
total,Papanicolaou,Alma Victoria Villarreal Barranca,13998.38,25,25
total,Papanicolaou,Ana Giannina Garcia,0.0,2,2
total,Papanicolaou,Armando Miguel Roque Sanchez,8748.36,15,15
total,Papanicolaou,Blanca Cardenas,1177.59,42,40
total,Papanicolaou,Carlos Parra,5443.12,27,27
total,Papanicolaou,Diana Duran,3475.87,75,71
total,Papanicolaou,Eugenia Morán Orozco,16175.02,29,29
total,Papanicolaou,Fabiola del Carmen Brito Sandoval,0.0,2,2
total,Papanicolaou,Giovanni López Salamanca,8856.05,17,17
total,Papanicolaou,Guadalupe Nolazco Beltrán,7958.63,24,24
total,Papanicolaou,Itzury Padilla,0.0,1,1
total,Papanicolaou,Jaime Antonio Hidalgo Carrera,4208.63,9,9
total,Papanicolaou,Jairo Hernando Pedraza Pinto,4884.49,11,11
total,Papanicolaou,Jorge Michel,3532.77,4,4
total,Papanicolaou,José Alfonso Gutiérrez Frusch,0.0,3,3
total,Papanicolaou,Miranda Lucía Morán Morales,10143.11,42,42
total,Papanicolaou,Monica Olavarria,4582.76,14,14
total,Papanicolaou,Norma Sharey Vazquez Jimenez,10658.64,55,55
total,Papanicolaou,Ruben Gonzalez Ruiz,1667.27,8,8
total,Papanicolaou,Tanya Barajas Serrano,0.0,1,1
total,Papanicolaou,Yazmin Ramos,0.0,5,5
total,Paquete Análisis Serología,(Sin asignar),12672.4,9,9
total,Paquete Análisis Serología,Alejandro Sanchez Aranda,15086.19,7,7
total,Paquete Análisis Serología,Alma Victoria Villarreal Barranca,58060.28,30,30
total,Paquete Análisis Serología,Armando Miguel Roque Sanchez,70991.3,53,53
total,Paquete Análisis Serología,Blanca Cardenas,0.0,4,4
total,Paquete Análisis Serología,Candice Ann Barba Gomez,3793.1,2,2
total,Paquete Análisis Serología,Carlos Andres Lejtik Alva,2155.17,1,1
total,Paquete Análisis Serología,Carlos Parra,4310.34,25,25
total,Paquete Análisis Serología,Diana Duran,6465.51,9,9
total,Paquete Análisis Serología,Enfermeria,2155.17,1,1
total,Paquete Análisis Serología,Eugenia Morán Orozco,191049.79,115,113
total,Paquete Análisis Serología,Fabian Ricardo Castañeda Bochm,4310.34,2,2
total,Paquete Análisis Serología,Gerardo Armando Paladino Barquera,4310.34,2,2
total,Paquete Análisis Serología,Giovanni López Salamanca,109059.72,75,75
total,Paquete Análisis Serología,Gisela Cuevas Velasco,2155.17,1,1
total,Paquete Análisis Serología,Guadalupe Nolazco Beltrán,40948.23,21,21
total,Paquete Análisis Serología,Jaime Antonio Hidalgo Carrera,34159.45,26,26
total,Paquete Análisis Serología,Jairo Hernando Pedraza Pinto,102155.06,56,56
total,Paquete Análisis Serología,Jorge Michel,0.0,5,5
total,Paquete Análisis Serología,José Alfonso Gutiérrez Frusch,8620.68,6,6
total,Paquete Análisis Serología,José Manuel Lozano Sánchez,2155.17,1,1
total,Paquete Análisis Serología,Laboratorio FIV/Andrología,2155.17,1,1
total,Paquete Análisis Serología,Liat Levy Mitrani,2155.17,1,1
total,Paquete Análisis Serología,Maritza Ivett Rojas Valencia,4051.72,2,2
total,Paquete Análisis Serología,María Elena González Panzzi,4310.34,2,2
total,Paquete Análisis Serología,María de los Ángeles Flores Manzur,2155.17,1,1
total,Paquete Análisis Serología,Miranda Lucía Morán Morales,18857.74,11,11
total,Paquete Análisis Serología,Monica Olavarria,14827.57,8,9
total,Paquete Análisis Serología,Monica Yazmin Olavarria Guadarrama,2155.17,2,2
total,Paquete Análisis Serología,Norma Sharey Vazquez Jimenez,4310.34,5,5
total,Paquete Análisis Serología,Ruben Gonzalez Ruiz,41163.75,25,25
total,Paquete Análisis Serología,Yazmin Ramos,2155.17,1,1
total,Paquete ConFianza - GDL,Blanca Cardenas,232758.62,1,1
total,Paquete DFT Fertilización de óvulos congelados y transferencia + 6 Ovulos FI,Armando Miguel Roque Sanchez,119655.17,1,1
total,Paquete Hormonas Basales,(Sin asignar),7758.63,3,3
total,Paquete Hormonas Basales,Alejandro Sanchez Aranda,10344.84,4,4
total,Paquete Hormonas Basales,Alma Victoria Villarreal Barranca,7758.63,7,7
total,Paquete Hormonas Basales,Areli Sánchez,2586.21,1,1
total,Paquete Hormonas Basales,Armando Miguel Roque Sanchez,31034.52,15,15
total,Paquete Hormonas Basales,Carlos Andres Lejtik Alva,2586.21,1,1
total,Paquete Hormonas Basales,Carlos Parra,2586.21,1,1
total,Paquete Hormonas Basales,Claudia Melina Robellada Zarate,5172.42,2,2
total,Paquete Hormonas Basales,Enfermeria,5172.42,2,2
total,Paquete Hormonas Basales,Eugenia Morán Orozco,42000.03,37,37
total,Paquete Hormonas Basales,Giovanni López Salamanca,15086.22,15,15
total,Paquete Hormonas Basales,Jaime Antonio Hidalgo Carrera,17517.25,8,8
total,Paquete Hormonas Basales,Jairo Hernando Pedraza Pinto,387.93,5,5
total,Paquete Hormonas Basales,Miranda Lucía Morán Morales,5172.42,3,3
total,Paquete Hormonas Basales,Monica Olavarria,10344.84,6,6
total,Paquete Hormonas Basales,Norma Sharey Vazquez Jimenez,7327.59,3,3
total,Paquete Hormonas Basales,Ruben Gonzalez Ruiz,12931.05,5,5
total,Paquete Integral de Fertilidad CDMX,Jaime Antonio Hidalgo Carrera,142241.38,1,1
total,Paquete Método ROPA CDMX,Jairo Hernando Pedraza Pinto,163793.1,1,1
total,Paquete Método ROPA CDMX,Monica Olavarria,147413.79,1,1
total,Paquete SOP,Guadalupe Nolazco Beltrán,3879.31,1,1
total,Paquete Wellness,José Alfonso Gutiérrez Frusch,3448.28,1,1
total,Paquete estudios diagnóstico - MET,Guadalupe Nolazco Beltrán,131250.0,35,35
total,Paquete estudios diagnóstico - MET,Norma Sharey Vazquez Jimenez,3750.0,1,1
total,Patología,Armando Miguel Roque Sanchez,1422.41,1,1
total,Patología,Eugenia Morán Orozco,2844.82,2,2
total,Patología,Fatima Giron Ávila,2844.82,2,2
total,Patología,Giovanni López Salamanca,1422.41,1,1
total,Patología,Jaime Antonio Hidalgo Carrera,4267.23,3,3
total,Patología,Ruben Gonzalez Ruiz,1422.41,1,1
total,Patología Biopsia de endometrio,Alma Victoria Villarreal Barranca,4655.16,3,3
total,Patología Biopsia de endometrio,Armando Miguel Roque Sanchez,1594.83,1,1
total,Patología Biopsia de endometrio,Blanca Cardenas,1551.72,1,1
total,Patología Biopsia de endometrio,Carlos Parra,1551.72,1,1
total,Patología Biopsia de endometrio,Giovanni López Salamanca,3103.44,2,2
total,Patología Biopsia de endometrio,Jaime Antonio Hidalgo Carrera,1551.72,1,1
total,Patología Biopsia de endometrio,Jairo Hernando Pedraza Pinto,1551.72,1,1
total,Patología Biopsia de endometrio,Mayela Fernandez del Campo (MEFI),1551.72,1,1
total,Patología Biopsia de endometrio,Yazmin Ramos,1551.72,1,1
total,Patología de secreción por pezon,Blanca Cardenas,172.41,1,1
total,Perfil ETS,(Sin asignar),4741.38,1,1
total,Perfil ETS,Alejandro Sanchez Aranda,9482.76,2,2
total,Perfil ETS,Alma Victoria Villarreal Barranca,63939.64,14,14
total,Perfil ETS,Armando Miguel Roque Sanchez,69543.1,15,15
total,Perfil ETS,Blanca Cardenas,8620.68,2,2
total,Perfil ETS,Carlos Parra,22413.78,5,5
total,Perfil ETS,Diana Duran,39913.78,10,10
total,Perfil ETS,Eugenia Morán Orozco,159224.08,38,38
total,Perfil ETS,Giovanni López Salamanca,116818.95,27,27
total,Perfil ETS,Jaime Antonio Hidalgo Carrera,21551.7,5,5
total,Perfil ETS,Jairo Hernando Pedraza Pinto,23275.86,6,6
total,Perfil ETS,José Alfonso Gutiérrez Frusch,9482.76,2,2
total,Perfil ETS,Miranda Lucía Morán Morales,31896.59,7,7
total,Perfil ETS,Monica Olavarria,9051.72,2,2
total,Perfil ETS,Norma Sharey Vazquez Jimenez,18103.44,4,4
total,Perfil ETS,Ruben Gonzalez Ruiz,13362.06,3,3
total,Perfil ETS Femenino / Cultivos infecciosos,(Sin asignar),3879.31,1,1
total,Perfil ETS Femenino / Cultivos infecciosos,Alma Victoria Villarreal Barranca,8620.68,2,2
total,Perfil ETS Femenino / Cultivos infecciosos,Armando Miguel Roque Sanchez,72767.17,19,19
total,Perfil ETS Femenino / Cultivos infecciosos,Blanca Cardenas,6465.51,2,2
total,Perfil ETS Femenino / Cultivos infecciosos,Carlos Parra,18749.99,5,5
total,Perfil ETS Femenino / Cultivos infecciosos,Eugenia Morán Orozco,170198.1,41,41
total,Perfil ETS Femenino / Cultivos infecciosos,Giovanni López Salamanca,101724.03,24,24
total,Perfil ETS Femenino / Cultivos infecciosos,Guadalupe Nolazco Beltrán,4310.34,1,1
total,Perfil ETS Femenino / Cultivos infecciosos,Jaime Antonio Hidalgo Carrera,17241.36,4,4
total,Perfil ETS Femenino / Cultivos infecciosos,Jairo Hernando Pedraza Pinto,71120.63,17,17
total,Perfil ETS Femenino / Cultivos infecciosos,Jorge Michel,3879.31,1,1
total,Perfil ETS Femenino / Cultivos infecciosos,Monica Olavarria,12931.02,4,4
total,Perfil ETS Femenino / Cultivos infecciosos,Ruben Gonzalez Ruiz,32931.01,9,9
total,Perfil ETS Masculino / Cultivos infecciosos,Jorge Michel,3879.31,1,1
total,Perfil ETS Masculino / Cultivos infecciosos,Norma Sharey Vazquez Jimenez,4310.34,1,1
total,Perfil ETS femenino,Giovanni López Salamanca,4310.34,1,1
total,Perfil FI valoración,Carlos Parra,10137.94,3,3
total,Perfil FI valoración,Diana Duran,10137.94,2,2
total,Perfil Hepatico,Carlos Parra,1258.62,3,3
total,Perfil Hepatico,Diana Duran,566.38,1,1
total,Perfil TORCH IgG e IgM,Alejandro Sanchez Aranda,3017.24,1,1
total,Perfil TORCH IgG e IgM,Alma Victoria Villarreal Barranca,3017.24,1,1
total,Perfil TORCH IgG e IgM,Eugenia Morán Orozco,15086.2,5,5
total,Perfil TORCH IgG e IgM,Giovanni López Salamanca,9051.72,3,3
total,Perfil TORCH IgG e IgM,Jairo Hernando Pedraza Pinto,12068.96,4,4
total,Perfil Tiroideo con Ac. Antitiroideos,Alejandro Sanchez Aranda,1853.45,1,1
total,Perfil Tiroideo con Ac. Antitiroideos,Alma Victoria Villarreal Barranca,5449.14,3,3
total,Perfil Tiroideo con Ac. Antitiroideos,Armando Miguel Roque Sanchez,7413.8,4,4
total,Perfil Tiroideo con Ac. Antitiroideos,Enfermeria,3706.9,2,2
total,Perfil Tiroideo con Ac. Antitiroideos,Eugenia Morán Orozco,12974.15,7,7
total,Perfil Tiroideo con Ac. Antitiroideos,Giovanni López Salamanca,7413.8,5,5
total,Perfil Tiroideo con Ac. Antitiroideos,Guadalupe Nolazco Beltrán,1853.45,1,1
total,Perfil Tiroideo con Ac. Antitiroideos,Jaime Antonio Hidalgo Carrera,7302.59,4,4
total,Perfil Tiroideo con Ac. Antitiroideos,Jairo Hernando Pedraza Pinto,11120.7,6,6
total,Perfil Tiroideo con Ac. Antitiroideos,Maritza Ivett Rojas Valencia,3706.9,2,2
total,Perfil Tiroideo con Ac. Antitiroideos,Monica Olavarria,12017.77,8,8
total,Perfil Tiroideo con Ac. Antitiroideos,Ruben Gonzalez Ruiz,1853.45,1,1
total,Perfil Tiroideo sin Ac. Antitiroideos,Monica Olavarria,896.55,1,1
total,Perfil Tiroideo sin Antitiroideos,Monica Olavarria,896.55,1,1
total,Perfil Tiroideo sin anticuerpo,Armando Miguel Roque Sanchez,717.12,1,1
total,Perfil Tiroideo sin anticuerpo,Monica Olavarria,1792.8,2,2
total,Perfil Tiroideo sin anticuerpos Antitiroideos,Miranda Lucía Morán Morales,896.55,1,1
total,Perfil Trombofilias,Eugenia Morán Orozco,12327.59,1,1
total,Perfil androgenico femenino,Guadalupe Nolazco Beltrán,10775.85,5,5
total,Perfil androgenico femenino,Monica Olavarria,2155.17,1,1
total,Perfil androgenico femenino,Ruben Gonzalez Ruiz,2155.17,1,1
total,Perfil antifosfolipidos,Carlos Parra,0.0,1,1
total,Perfil antifosfolipidos,Giovanni López Salamanca,3258.62,1,1
total,Perfil antifosfolipidos,Guadalupe Nolazco Beltrán,6517.24,2,2
total,Perfil bioquímico de 24 elementos,Giovanni López Salamanca,1185.34,1,1
total,Perfil bioquímico de 24 elementos,Guadalupe Nolazco Beltrán,5926.7,5,5
total,Perfil bioquímico de 24 elementos,Jaime Antonio Hidalgo Carrera,1185.34,1,1
total,Perfil bioquímico de 24 elementos,Miranda Lucía Morán Morales,1185.34,1,1
total,Perfil bioquímico de 35 elementos,Alma Victoria Villarreal Barranca,2228.45,1,1
total,Perfil bioquímico de 35 elementos,Eugenia Morán Orozco,2370.69,1,1
total,Perfil bioquímico de 35 elementos,Jaime Antonio Hidalgo Carrera,4741.38,2,2
total,Perfil bioquímico de 35 elementos,Monica Olavarria,4741.38,2,2
total,Perfil de lípidos,Alma Victoria Villarreal Barranca,1706.9,2,2
total,Perfil de lípidos,Carlos Parra,1536.21,2,2
total,Perfil de lípidos,Diana Duran,5088.8,7,7
total,Perfil de lípidos,Eugenia Morán Orozco,5120.7,6,6
total,Perfil de lípidos,Miranda Lucía Morán Morales,853.45,2,2
total,Perfil de lípidos,Norma Sharey Vazquez Jimenez,1706.9,2,2
total,Perfil disparo captura,Alejandro Sanchez Aranda,1912.0,3,3
total,Perfil disparo captura,Alma Victoria Villarreal Barranca,717.0,18,18
total,Perfil disparo captura,Armando Miguel Roque Sanchez,0.0,37,37
total,Perfil disparo captura,Blanca Cardenas,0.0,4,4
total,Perfil disparo captura,Carlos Andres Lejtik Alva,717.0,1,1
total,Perfil disparo captura,Carlos Parra,618.1,45,45
total,Perfil disparo captura,Claudia Melina Robellada Zarate,0.0,1,1
total,Perfil disparo captura,Diana Duran,0.0,5,5
total,Perfil disparo captura,Eugenia Morán Orozco,0.0,64,64
total,Perfil disparo captura,Giovanni López Salamanca,673.98,44,44
total,Perfil disparo captura,Guadalupe Nolazco Beltrán,0.0,28,28
total,Perfil disparo captura,Jaime Antonio Hidalgo Carrera,0.0,22,22
total,Perfil disparo captura,Jairo Hernando Pedraza Pinto,717.0,38,38
total,Perfil disparo captura,Jorge Michel,0.0,3,3
total,Perfil disparo captura,Leslie Sharon Gamiño Sanchez,717.0,1,1
total,Perfil disparo captura,María Elena González Panzzi,717.0,2,2
total,Perfil disparo captura,Miranda Lucía Morán Morales,0.0,4,4
total,Perfil disparo captura,Monica Olavarria,2868.0,12,12
total,Perfil disparo captura,Monica Yazmin Olavarria Guadarrama,717.0,1,1
total,Perfil disparo captura,Norma Sharey Vazquez Jimenez,0.0,8,8
total,Perfil disparo captura,Ruben Gonzalez Ruiz,0.0,17,17
total,Perfil ginecológico,Eugenia Morán Orozco,3000.0,1,1
total,Perfil inicio,Alejandro Sanchez Aranda,4120.42,8,8
total,Perfil inicio,Alma Victoria Villarreal Barranca,0.0,20,20
total,Perfil inicio,Armando Miguel Roque Sanchez,1195.0,59,59
total,Perfil inicio,Blanca Cardenas,1195.0,7,7
total,Perfil inicio,Carlos Andres Lejtik Alva,0.0,1,1
total,Perfil inicio,Carlos Parra,1195.0,32,32
total,Perfil inicio,Diana Duran,0.0,6,6
total,Perfil inicio,Eugenia Morán Orozco,1195.0,192,192
total,Perfil inicio,Giovanni López Salamanca,0.0,110,110
total,Perfil inicio,Guadalupe Nolazco Beltrán,2390.0,50,50
total,Perfil inicio,Jaime Antonio Hidalgo Carrera,1195.0,38,38
total,Perfil inicio,Jairo Hernando Pedraza Pinto,0.0,69,69
total,Perfil inicio,Jorge Michel,0.0,4,4
total,Perfil inicio,José Alfonso Gutiérrez Frusch,0.0,1,1
total,Perfil inicio,María Elena González Panzzi,1195.0,1,1
total,Perfil inicio,Mayela Fernandez del Campo (MEFI),732.76,2,2
total,Perfil inicio,Miranda Lucía Morán Morales,0.0,5,5
total,Perfil inicio,Monica Olavarria,1195.0,10,10
total,Perfil inicio,Norma Sharey Vazquez Jimenez,0.0,7,7
total,Perfil inicio,Ruben Gonzalez Ruiz,0.0,31,31
total,Perfil pre captura,Alejandro Sanchez Aranda,412.07,1,1
total,Perfil pre captura,Eugenia Morán Orozco,0.0,4,4
total,Perfil pre captura,Giovanni López Salamanca,0.0,1,1
total,Perfil pre captura,Guadalupe Nolazco Beltrán,0.0,13,13
total,Perfil pre captura,Jaime Antonio Hidalgo Carrera,0.0,3,3
total,Perfil pre captura,Jairo Hernando Pedraza Pinto,0.0,1,1
total,Perfil pre captura,Ruben Gonzalez Ruiz,0.0,1,1
total,Perfil pre operatorio CDMX,Alejandro Sanchez Aranda,1293.09,3,3
total,Perfil pre operatorio CDMX,Alma Victoria Villarreal Barranca,862.06,12,12
total,Perfil pre operatorio CDMX,Armando Miguel Roque Sanchez,431.03,11,11
total,Perfil pre operatorio CDMX,Eugenia Morán Orozco,862.06,19,19
total,Perfil pre operatorio CDMX,Fabian Ricardo Castañeda Bochm,431.03,1,1
total,Perfil pre operatorio CDMX,Giovanni López Salamanca,1293.09,17,17
total,Perfil pre operatorio CDMX,Griselda Reyes Torres,431.03,1,1
total,Perfil pre operatorio CDMX,Jaime Antonio Hidalgo Carrera,0.0,3,3
total,Perfil pre operatorio CDMX,Jairo Hernando Pedraza Pinto,431.03,10,10
total,Perfil pre operatorio CDMX,Jose Juan Guerrero Vargas,431.03,1,1
total,Perfil pre operatorio CDMX,Miranda Lucía Morán Morales,431.03,3,3
total,Perfil pre operatorio CDMX,Monica Olavarria,1293.09,4,4
total,Perfil pre operatorio CDMX,Ruben Gonzalez Ruiz,0.0,1,1
total,Perfil pre operatorios,Alma Victoria Villarreal Barranca,431.03,6,6
total,Perfil pre operatorios,Armando Miguel Roque Sanchez,431.03,5,5
total,Perfil pre operatorios,Blanca Cardenas,0.0,3,3
total,Perfil pre operatorios,Carlos Parra,431.03,8,8
total,Perfil pre operatorios,Diana Duran,431.03,7,7
total,Perfil pre operatorios,Eugenia Morán Orozco,431.03,11,11
total,Perfil pre operatorios,Giovanni López Salamanca,2629.3,10,10
total,Perfil pre operatorios,Jaime Antonio Hidalgo Carrera,0.0,1,1
total,Perfil pre operatorios,Jairo Hernando Pedraza Pinto,0.0,4,4
total,Perfil pre operatorios,Jorge Michel,431.03,2,2
total,Perfil pre operatorios,Miranda Lucía Morán Morales,0.0,1,1
total,Perfil pre operatorios,Norma Sharey Vazquez Jimenez,0.0,5,5
total,Perfil pre operatorios,Ruben Gonzalez Ruiz,0.0,1,1
total,Perfil pre operatorios,Yazmin Ramos,431.03,1,1
total,Perfil pre transferencia,Alejandro Sanchez Aranda,478.0,1,1
total,Perfil pre transferencia,Alma Victoria Villarreal Barranca,0.0,1,1
total,Perfil pre transferencia,Armando Miguel Roque Sanchez,0.0,8,8
total,Perfil pre transferencia,Carlos Parra,0.0,8,8
total,Perfil pre transferencia,Eugenia Morán Orozco,478.0,108,108
total,Perfil pre transferencia,Giovanni López Salamanca,0.0,51,51
total,Perfil pre transferencia,Guadalupe Nolazco Beltrán,0.0,14,14
total,Perfil pre transferencia,Jaime Antonio Hidalgo Carrera,0.0,11,11
total,Perfil pre transferencia,Jairo Hernando Pedraza Pinto,478.0,23,23
total,Perfil pre transferencia,Jorge Michel,0.0,2,2
total,Perfil pre transferencia,Mayela Fernandez del Campo (MEFI),1434.0,3,3
total,Perfil pre transferencia,Monica Olavarria,0.0,4,4
total,Perfil pre transferencia,Norma Sharey Vazquez Jimenez,0.0,1,1
total,Perfil pre transferencia,Ruben Gonzalez Ruiz,0.0,9,9
total,Perfil prenatal,Alma Victoria Villarreal Barranca,15948.3,5,5
total,Perfil prenatal,Eugenia Morán Orozco,216896.88,84,84
total,Perfil prenatal,Giovanni López Salamanca,81144.95,33,33
total,Perfil prenatal,Jaime Antonio Hidalgo Carrera,15948.3,6,6
total,Perfil prenatal,Jairo Hernando Pedraza Pinto,41465.58,17,17
total,Perfil prenatal,Miranda Lucía Morán Morales,3189.66,1,1
total,Perfil prenatal,Ruben Gonzalez Ruiz,12567.26,5,5
total,Perfil preoperatorio básico,Eugenia Morán Orozco,1120.69,1,1
total,Perfil preoperatorio básico,Giovanni López Salamanca,1120.69,1,1
total,Perfil preoperatorio básico,Jaime Antonio Hidalgo Carrera,1997.41,2,2
total,Perfil preparación endometrial,Alejandro Sanchez Aranda,956.0,2,2
total,Perfil preparación endometrial,Alma Victoria Villarreal Barranca,0.0,1,1
total,Perfil preparación endometrial,Armando Miguel Roque Sanchez,0.0,34,34
total,Perfil preparación endometrial,Blanca Cardenas,0.0,3,3
total,Perfil preparación endometrial,Carlos Andres Lejtik Alva,1434.0,3,3
total,Perfil preparación endometrial,Carlos Macias,478.0,1,1
total,Perfil preparación endometrial,Carlos Parra,1912.0,29,25
total,Perfil preparación endometrial,Diana Duran,478.0,3,3
total,Perfil preparación endometrial,Eugenia Morán Orozco,0.0,200,200
total,Perfil preparación endometrial,Giovanni López Salamanca,956.0,98,98
total,Perfil preparación endometrial,Guadalupe Nolazco Beltrán,0.0,29,29
total,Perfil preparación endometrial,Jaime Antonio Hidalgo Carrera,0.0,20,20
total,Perfil preparación endometrial,Jairo Hernando Pedraza Pinto,0.0,33,33
total,Perfil preparación endometrial,Jorge Michel,0.0,19,19
total,Perfil preparación endometrial,Jose Juan Guerrero Vargas,478.0,1,1
total,Perfil preparación endometrial,Mayela Fernandez del Campo (MEFI),1434.0,3,3
total,Perfil preparación endometrial,Monica Olavarria,1434.0,6,6
total,Perfil preparación endometrial,Norma Sharey Vazquez Jimenez,0.0,2,2
total,Perfil preparación endometrial,Ruben Gonzalez Ruiz,0.0,16,16
total,Perfil seguimiento folicular,Alejandro Sanchez Aranda,11471.18,25,25
total,Perfil seguimiento folicular,Alma Victoria Villarreal Barranca,0.0,39,39
total,Perfil seguimiento folicular,Armando Miguel Roque Sanchez,0.0,85,85
total,Perfil seguimiento folicular,Blanca Cardenas,0.0,14,14
total,Perfil seguimiento folicular,Carlos Andres Lejtik Alva,0.0,2,2
total,Perfil seguimiento folicular,Carlos Parra,0.0,49,49
total,Perfil seguimiento folicular,Claudia Melina Robellada Zarate,956.0,2,2
total,Perfil seguimiento folicular,Diana Duran,0.0,10,10
total,Perfil seguimiento folicular,Eugenia Morán Orozco,0.0,189,189
total,Perfil seguimiento folicular,Giovanni López Salamanca,0.0,125,125
total,Perfil seguimiento folicular,Guadalupe Nolazco Beltrán,1912.0,71,73
total,Perfil seguimiento folicular,Jaime Antonio Hidalgo Carrera,0.0,68,68
total,Perfil seguimiento folicular,Jairo Hernando Pedraza Pinto,0.0,100,100
total,Perfil seguimiento folicular,Jorge Michel,0.0,3,3
total,Perfil seguimiento folicular,María Elena González Panzzi,956.0,2,2
total,Perfil seguimiento folicular,Mayela Fernandez del Campo (MEFI),956.0,2,2
total,Perfil seguimiento folicular,Miranda Lucía Morán Morales,478.0,11,11
total,Perfil seguimiento folicular,Monica Olavarria,1434.0,14,14
total,Perfil seguimiento folicular,Monica Yazmin Olavarria Guadarrama,956.0,6,6
total,Perfil seguimiento folicular,Norma Sharey Vazquez Jimenez,0.0,13,13
total,Perfil seguimiento folicular,Ruben Gonzalez Ruiz,478.0,68,68
total,Perfil tiroideo sin anticuerpos,(Sin asignar),2689.65,3,3
total,Perfil tiroideo sin anticuerpos,Alma Victoria Villarreal Barranca,1793.1,2,2
total,Perfil tiroideo sin anticuerpos,Blanca Cardenas,896.55,1,1
total,Perfil tiroideo sin anticuerpos,Guadalupe Nolazco Beltrán,3586.2,4,4
total,Perfil tiroideo sin anticuerpos,Monica Olavarria,896.55,1,1
total,Perfil trombofílico GDL,Carlos Parra,42475.86,3,3
total,Pergoveris 300 UI,Eugenia Morán Orozco,21532.0,4,4
total,Pergoveris 300 UI,Jaime Antonio Hidalgo Carrera,5383.0,1,1
total,Pergoveris 300 UI,Jairo Hernando Pedraza Pinto,5383.0,1,1
total,Pergoveris 450 UI,Giovanni López Salamanca,7465.0,1,1
total,Pergoveris 450 UI,Jaime Antonio Hidalgo Carrera,7465.0,1,1
total,Pergoveris 450 UI,Ruben Gonzalez Ruiz,14477.0,4,2
total,Pergoveris 900 UI,Armando Miguel Roque Sanchez,41679.0,2,3
total,Pergoveris 900 UI,Carlos Parra,99253.0,6,7
total,Pergoveris 900 UI,Eugenia Morán Orozco,211398.0,10,15
total,Pergoveris 900 UI,Giovanni López Salamanca,141790.0,8,10
total,Pergoveris 900 UI,Guadalupe Nolazco Beltrán,70895.0,4,5
total,Pergoveris 900 UI,Jaime Antonio Hidalgo Carrera,98395.0,4,7
total,Pergoveris 900 UI,Jairo Hernando Pedraza Pinto,56716.0,3,7
total,Pergoveris 900 UI,Maritza Ivett Rojas Valencia,56716.0,1,4
total,Pergoveris 900 UI,Monica Olavarria,56716.0,3,4
total,Pergoveris 900 UI,Ruben Gonzalez Ruiz,184327.0,10,13
total,Plática de resultados,Blanca Cardenas,517.24,1,1
total,Plática de resultados,Carlos Parra,2068.96,4,4
total,Plática de resultados,Guadalupe Nolazco Beltrán,2586.2,5,5
total,Plática de resultados,Jorge Michel,1034.48,2,2
total,Plática de resultados,Norma Sharey Vazquez Jimenez,1034.48,2,2
total,Plática de resultados,Yazmin Ramos,517.24,1,1
total,Plática de resultados incluída,Carlos Parra,0.0,7,7
total,Plática de resultados incluída,Diana Duran,0.0,2,2
total,Plática de resultados incluída,Guadalupe Nolazco Beltrán,0.0,49,49
total,Plática de resultados incluída,Jorge Michel,0.0,1,1
total,Plática de resultados incluída,Norma Sharey Vazquez Jimenez,0.0,3,3
total,Plática de resultados online,Blanca Cardenas,517.24,1,1
total,Plática de resultados online,Guadalupe Nolazco Beltrán,1034.48,2,2
total,Plática de resultados online,Norma Sharey Vazquez Jimenez,517.24,1,1
total,Plática de resultados online incluída,(Sin asignar),0.0,1,1
total,Plática de resultados online incluída,Guadalupe Nolazco Beltrán,0.0,3,3
total,Plática de resultados online incluída,Jorge Michel,0.0,3,3
total,Pre PGTM,Alejandro Sanchez Aranda,49440.52,1,1
total,Preparacion endometrial y Desvitrificación,Jairo Hernando Pedraza Pinto,34482.76,1,1
total,Preparación Endometrial y Desvitrificación,Eugenia Morán Orozco,34482.76,1,1
total,Preparación endometrial,Eugenia Morán Orozco,34482.76,1,1
total,Preparación endometrial y desvitrificación - CDMX,Armando Miguel Roque Sanchez,29310.34,1,1
total,Preparación endometrial y desvitrificación - CDMX,Eugenia Morán Orozco,68965.52,2,2
total,Preparación endometrial y desvitrificación - CDMX,Giovanni López Salamanca,68965.52,2,2
total,Preparación endometrial y desvitrificación - CDMX,Jairo Hernando Pedraza Pinto,30172.41,1,1
total,Preparación endometrial y desvitrificación - CDMX,Ruben Gonzalez Ruiz,34482.76,1,1
total,Preparación endometrial y desvitrificación - MET,Guadalupe Nolazco Beltrán,0.0,5,5
total,Primogyn 2mg (caja c/28),Armando Miguel Roque Sanchez,16000.0,7,16
total,Primogyn 2mg (caja c/28),Blanca Cardenas,1000.0,1,1
total,Primogyn 2mg (caja c/28),Eugenia Morán Orozco,222200.0,86,227
total,Primogyn 2mg (caja c/28),Giovanni López Salamanca,91750.0,38,95
total,Primogyn 2mg (caja c/28),Jaime Antonio Hidalgo Carrera,34200.0,15,36
total,Primogyn 2mg (caja c/28),Jairo Hernando Pedraza Pinto,26850.0,14,31
total,Primogyn 2mg (caja c/28),José Alfonso Gutiérrez Frusch,2000.0,1,2
total,Primogyn 2mg (caja c/28),Ruben Gonzalez Ruiz,38950.0,16,40
total,Progesterona,Alejandro Sanchez Aranda,2327.58,6,6
total,Progesterona,Alma Victoria Villarreal Barranca,775.86,2,2
total,Progesterona,Armando Miguel Roque Sanchez,0.0,2,2
total,Progesterona,Blanca Cardenas,387.93,1,1
total,Progesterona,Carlos Parra,775.86,3,4
total,Progesterona,Claudia Melina Robellada Zarate,387.93,1,1
total,Progesterona,Edna Amaro,387.93,1,1
total,Progesterona,Ericka Gabriela Yac Longoria,387.93,1,1
total,Progesterona,Eugenia Morán Orozco,5818.95,19,21
total,Progesterona,Gerardo Armando Paladino Barquera,387.93,1,1
total,Progesterona,Giovanni López Salamanca,3879.3,14,15
total,Progesterona,Jaime Antonio Hidalgo Carrera,1551.72,10,10
total,Progesterona,Jairo Hernando Pedraza Pinto,1551.72,8,8
total,Progesterona,Jorge Michel,387.93,2,2
total,Progesterona,Leslie Sharon Gamiño Sanchez,387.93,1,1
total,Progesterona,Mayela Fernandez del Campo (MEFI),387.93,2,2
total,Progesterona,Monica Olavarria,775.86,3,3
total,Progesterona,Ruben Gonzalez Ruiz,1551.72,6,6
total,Prolactina,(Sin asignar),1551.72,4,4
total,Prolactina,Alejandro Sanchez Aranda,1163.79,3,3
total,Prolactina,Alma Victoria Villarreal Barranca,2327.58,6,6
total,Prolactina,Armando Miguel Roque Sanchez,775.86,2,2
total,Prolactina,Blanca Cardenas,775.86,2,2
total,Prolactina,Carlos Andres Lejtik Alva,387.93,1,1
total,Prolactina,Carlos Parra,387.93,3,3
total,Prolactina,Diana Duran,1163.79,3,3
total,Prolactina,Enfermeria,775.86,2,2
total,Prolactina,Eugenia Morán Orozco,18620.64,52,52
total,Prolactina,Giovanni López Salamanca,4608.62,12,12
total,Prolactina,Guadalupe Nolazco Beltrán,2327.58,6,6
total,Prolactina,Jaime Antonio Hidalgo Carrera,775.86,2,2
total,Prolactina,Jairo Hernando Pedraza Pinto,4267.23,12,12
total,Prolactina,Jorge Michel,1939.65,5,5
total,Prolactina,Maritza Ivett Rojas Valencia,364.66,1,1
total,Prolactina,Mayela Fernandez del Campo (MEFI),387.93,1,1
total,Prolactina,Miranda Lucía Morán Morales,1551.72,4,4
total,Prolactina,Monica Olavarria,4267.23,12,12
total,Prolactina,Norma Sharey Vazquez Jimenez,1939.65,5,5
total,Prolactina,Ruben Gonzalez Ruiz,1551.72,4,4
total,Proteína C de la Coagulación (Actividad),Blanca Cardenas,1845.79,1,1
total,Proteína S de la Coagulación (Actividad),Blanca Cardenas,2223.94,1,1
total,Provera 5mg,Carlos Parra,450.0,1,1
total,Provera 5mg,Maritza Ivett Rojas Valencia,450.0,1,1
total,Prueba de Transferencia,Guadalupe Nolazco Beltrán,2586.21,1,1
total,Quimica Sanguinea 3,Norma Sharey Vazquez Jimenez,129.31,1,1
total,Quimica sanguinea 4 elementos,Carlos Parra,0.0,1,1
total,Química Sanguínea 28 elementos,(Sin asignar),1465.52,1,1
total,Química Sanguínea 28 elementos,Alejandro Sanchez Aranda,1465.52,1,1
total,Química Sanguínea 28 elementos,Alma Victoria Villarreal Barranca,3663.8,3,3
total,Química Sanguínea 28 elementos,Armando Miguel Roque Sanchez,11548.3,8,8
total,Química Sanguínea 28 elementos,Carlos Parra,1172.41,2,2
total,Química Sanguínea 28 elementos,Enfermeria,2931.04,3,3
total,Química Sanguínea 28 elementos,Eugenia Morán Orozco,19051.76,14,14
total,Química Sanguínea 28 elementos,Giovanni López Salamanca,15944.86,12,12
total,Química Sanguínea 28 elementos,Guadalupe Nolazco Beltrán,1465.52,1,1
total,Química Sanguínea 28 elementos,Jaime Antonio Hidalgo Carrera,2931.04,2,2
total,Química Sanguínea 28 elementos,Jairo Hernando Pedraza Pinto,10258.64,8,8
total,Química Sanguínea 28 elementos,Jorge Michel,1465.52,1,1
total,Química Sanguínea 28 elementos,José Alfonso Gutiérrez Frusch,1465.52,1,1
total,Química Sanguínea 28 elementos,Maritza Ivett Rojas Valencia,2931.04,2,2
total,Química Sanguínea 28 elementos,Monica Olavarria,5862.08,4,4
total,Química Sanguínea 28 elementos,Norma Sharey Vazquez Jimenez,2931.04,2,2
total,Química Sanguínea 28 elementos,Ruben Gonzalez Ruiz,0.0,1,1
total,Química Sanguínea 29 elementos,Armando Miguel Roque Sanchez,2931.04,2,2
total,Química Sanguínea 6 elementos,Armando Miguel Roque Sanchez,560.34,1,1
total,Química Sanguínea 6 elementos,Diana Duran,597.41,2,2
total,Química Sanguínea 6 elementos,Eugenia Morán Orozco,560.34,1,1
total,Química Sanguínea 6 elementos,Norma Sharey Vazquez Jimenez,1120.68,2,2
total,REGENESIX MAX CAPSULAS,Guadalupe Nolazco Beltrán,3200.0,4,4
total,REKOVELLE SOL FOR INJ 12MCG/0.36ML CON 3 AGUJA,Armando Miguel Roque Sanchez,3452.0,1,1
total,REKOVELLE SOL FOR INJ 12MCG/0.36ML CON 3 AGUJA,Monica Olavarria,3750.0,1,1
total,REKOVELLE SOL FOR INJ 36MCG/1.08ML CON 6 AGUJA,Alejandro Sanchez Aranda,19696.0,2,2
total,REKOVELLE SOL FOR INJ 36MCG/1.08ML CON 6 AGUJA,Armando Miguel Roque Sanchez,49240.0,5,5
total,REKOVELLE SOL FOR INJ 36MCG/1.08ML CON 6 AGUJA,Jairo Hernando Pedraza Pinto,9848.0,1,1
total,REKOVELLE SOL FOR INJ 36MCG/1.08ML CON 6 AGUJA,Miranda Lucía Morán Morales,9848.0,1,1
total,REKOVELLE SOL FOR INJ 36MCG/1.08ML CON 6 AGUJA,Monica Olavarria,19696.0,2,2
total,REKOVELLE SOL FOR INJ 72MCG/2.16ML CON 9 AGUJA,Alejandro Sanchez Aranda,57516.0,3,3
total,REKOVELLE SOL FOR INJ 72MCG/2.16ML CON 9 AGUJA,Armando Miguel Roque Sanchez,74508.0,4,4
total,REKOVELLE SOL FOR INJ 72MCG/2.16ML CON 9 AGUJA,Jairo Hernando Pedraza Pinto,75816.0,4,4
total,REKOVELLE SOL FOR INJ 72MCG/2.16ML CON 9 AGUJA,Miranda Lucía Morán Morales,36600.0,2,2
total,REKOVELLE SOL FOR INJ 72MCG/2.16ML CON 9 AGUJA,Monica Olavarria,37908.0,2,2
total,Re-biopsia embrionaria,Carlos Parra,3017.24,1,1
total,Rekovelle 36 mcg,Alejandro Sanchez Aranda,9848.0,1,1
total,Rekovelle 72 mcg,Alejandro Sanchez Aranda,19608.0,1,1
total,Rekovelle 72 mcg,Monica Olavarria,19608.0,1,1
total,Retiro de DIU,Alma Victoria Villarreal Barranca,1293.1,1,1
total,Retiro de DIU,Diana Duran,1724.13,2,2
total,Retiro de DIU,Eugenia Morán Orozco,1293.1,1,1
total,Retiro de DIU,Norma Sharey Vazquez Jimenez,1293.1,1,1
total,Retiro de DIU,Ruben Gonzalez Ruiz,1293.1,1,1
total,SERVICIO DUPLICADO,Eugenia Morán Orozco,0.0,1,1
total,SERVICIO DUPLICADO,Jaime Antonio Hidalgo Carrera,0.0,1,1
total,SERVICIO MAL CARGADO,Eugenia Morán Orozco,0.0,1,9
total,SERVICIO NO DADO,Ruben Gonzalez Ruiz,0.0,1,1
total,SUPLEMENTO - FORCELL DUO,(Sin asignar),1131.0,1,1
total,SUPLEMENTO - FORCELL DUO,Alejandro Sanchez Aranda,3393.0,2,3
total,SUPLEMENTO - FORCELL DUO,Armando Miguel Roque Sanchez,12305.28,11,11
total,SUPLEMENTO - FORCELL DUO,José Alfonso Gutiérrez Frusch,2262.0,2,2
total,SUPLEMENTO - FORCELL DUO,Miranda Lucía Morán Morales,1131.0,1,1
total,SUPLEMENTO - FORCELL DUO,Monica Olavarria,2262.0,2,2
total,SUPLEMENTO - FORCELL FEM,(Sin asignar),895.0,1,1
total,SUPLEMENTO - FORCELL FEM,Alejandro Sanchez Aranda,1790.0,1,2
total,SUPLEMENTO - FORCELL FEM,Alma Victoria Villarreal Barranca,1790.0,1,2
total,SUPLEMENTO - FORCELL FEM,Armando Miguel Roque Sanchez,8001.3,9,9
total,SUPLEMENTO - FORCELL FEM,Enfermeria,2685.0,2,3
total,SUPLEMENTO - FORCELL FEM,Guadalupe Nolazco Beltrán,3580.0,4,4
total,SUPLEMENTO - FORCELL FEM,José Alfonso Gutiérrez Frusch,895.0,1,1
total,SUPLEMENTO - FORCELL FEM,Miranda Lucía Morán Morales,895.0,1,1
total,SUPLEMENTO - FORCELL FEM,Monica Olavarria,1790.0,2,2
total,SUPLEMENTO - FORCELL FEM,Norma Sharey Vazquez Jimenez,895.0,1,1
total,SUPLEMENTO - FORCELL MEN,(Sin asignar),2362.0,1,1
total,SUPLEMENTO - FORCELL MEN,Armando Miguel Roque Sanchez,21258.0,9,9
total,SUPLEMENTO - FORCELL MEN,Guadalupe Nolazco Beltrán,21258.0,9,9
total,SUPLEMENTO - FORCELL MEN,José Alfonso Gutiérrez Frusch,4724.0,2,2
total,SUPLEMENTO - FORCELL MEN,Laboratorio FIV/Andrología,2362.0,1,1
total,SUPLEMENTO ONE,Carlos Parra,1034.48,1,1
total,SUPLEMENTO ONE,Diana Duran,2068.96,2,2
total,Sedación (Anestesia),Alma Victoria Villarreal Barranca,10000.0,1,1
total,Sedación (Anestesia),Edna Amaro,5172.41,1,1
total,Servicios Administrativos,Alejandro Sanchez Aranda,2586.21,1,1
total,Servicios Administrativos,Carlos Parra,0.0,2,0
total,Servicios Administrativos,Claudia Melina Robellada Zarate,3275.87,2,2
total,Servicios Administrativos,Fatima Giron Ávila,431.03,1,1
total,Servicios Administrativos,Gerardo Armando Paladino Barquera,0.0,1,1
total,Servicios Administrativos,Griselda Reyes Torres,2586.21,1,1
total,Servicios Administrativos,Jorge Michel,38793.1,3,3
total,Servicios Administrativos,Leslie Sharon Gamiño Sanchez,2155.17,1,1
total,Servicios Administrativos,Miranda Lucía Morán Morales,1596.52,1,1
total,Servicios Administrativos,Monica Olavarria,10874.14,1,1
total,Servicios Administrativos,Norma Sharey Vazquez Jimenez,8620.69,1,1
total,Sesión de Acupuntura - CDMX,(Sin asignar),1551.72,1,1
total,Sesión de Acupuntura - CDMX,Alma Victoria Villarreal Barranca,2917.24,3,3
total,Sesión de Acupuntura - CDMX,Andres Soot,1551.72,1,1
total,Sesión de Acupuntura - CDMX,Armando Miguel Roque Sanchez,4655.16,11,11
total,Sesión de Acupuntura - CDMX,Eugenia Morán Orozco,2198.27,33,33
total,Sesión de Acupuntura - CDMX,Giovanni López Salamanca,1551.72,32,32
total,Sesión de Acupuntura - CDMX,Guadalupe Nolazco Beltrán,0.0,1,1
total,Sesión de Acupuntura - CDMX,Jaime Antonio Hidalgo Carrera,6206.88,15,15
total,Sesión de Acupuntura - CDMX,Jairo Hernando Pedraza Pinto,1551.72,14,15
total,Sesión de Acupuntura - CDMX,José Alfonso Gutiérrez Frusch,0.0,4,4
total,Sesión de Acupuntura - CDMX,Mayela Fernandez del Campo (MEFI),1551.72,2,2
total,Sesión de Acupuntura - CDMX,Monica Olavarria,1379.31,2,2
total,Sesión de Acupuntura - CDMX,Norma Sharey Vazquez Jimenez,0.0,2,2
total,Sesión de Acupuntura - CDMX,Ruben Gonzalez Ruiz,1551.72,9,9
total,Sesión de Acupuntura - MET,Guadalupe Nolazco Beltrán,0.0,1,1
total,Sesión de Acupuntura Incluída,Jaime Antonio Hidalgo Carrera,0.0,1,1
total,Sesión de Masaje - CDMX,Eugenia Morán Orozco,1551.72,2,2
total,Sesión de Masaje - CDMX,Giovanni López Salamanca,0.0,1,1
total,Sesión de Masaje - CDMX,Jaime Antonio Hidalgo Carrera,0.0,1,1
total,Sesión de Masaje - CDMX,José Alfonso Gutiérrez Frusch,0.0,1,1
total,Sesión de Masaje - GDL,Blanca Cardenas,0.0,1,1
total,Sesión de Masaje - GDL,Carlos Parra,1103.45,5,5
total,Sesión de Masaje - GDL,Jorge Michel,0.0,1,1
total,Sesión de Masaje - GDL,Norma Sharey Vazquez Jimenez,0.0,1,1
total,Sesión de Masaje - MET,Guadalupe Nolazco Beltrán,0.0,5,5
total,Sesión de Masaje Incluída,Blanca Cardenas,0.0,2,2
total,Sesión de Masaje Incluída,Carlos Parra,0.0,6,6
total,Sesión de Masaje Incluída,Guadalupe Nolazco Beltrán,0.0,9,9
total,Subunidad beta cuantitativa,Armando Miguel Roque Sanchez,1422.42,16,16
total,Subunidad beta cuantitativa,Carlos Andres Lejtik Alva,948.28,2,2
total,Subunidad beta cuantitativa,Carlos Parra,948.28,12,12
total,Subunidad beta cuantitativa,Claudia Melina Robellada Zarate,948.28,2,2
total,Subunidad beta cuantitativa,Diana Duran,1422.42,3,3
total,Subunidad beta cuantitativa,Eugenia Morán Orozco,13750.06,199,199
total,Subunidad beta cuantitativa,Giovanni López Salamanca,1422.42,72,72
total,Subunidad beta cuantitativa,Guadalupe Nolazco Beltrán,3290.53,25,25
total,Subunidad beta cuantitativa,Jaime Antonio Hidalgo Carrera,0.0,20,20
total,Subunidad beta cuantitativa,Jairo Hernando Pedraza Pinto,2370.7,40,40
total,Subunidad beta cuantitativa,Jorge Manuel Rodriguez Purata,474.14,1,1
total,Subunidad beta cuantitativa,Jorge Michel,474.14,3,3
total,Subunidad beta cuantitativa,José Alfonso Gutiérrez Frusch,0.0,1,1
total,Subunidad beta cuantitativa,Monica Olavarria,0.0,4,4
total,Subunidad beta cuantitativa,Norma Sharey Vazquez Jimenez,0.0,1,1
total,Subunidad beta cuantitativa,Ruben Gonzalez Ruiz,948.28,18,18
total,Subunidad beta cuantitativa,Yazmin Ramos,948.28,3,3
total,Suplemento Forcel Duo,Armando Miguel Roque Sanchez,6786.0,6,6
total,Suplemento Forcel Fem,Armando Miguel Roque Sanchez,6265.0,6,7
total,Suplemento Forcel Fem,Guadalupe Nolazco Beltrán,1790.0,1,2
total,Suplemento Forcel Men,Armando Miguel Roque Sanchez,11810.0,5,5
total,T3 - Libre,Ariadne Coutiño Bravo,0.0,2,0
total,T3 - Libre,Carlos Parra,275.86,1,1
total,T3 - Total,Diana Duran,87.14,1,1
total,T4 - Libre,(Sin asignar),551.72,2,2
total,T4 - Libre,Ariadne Coutiño Bravo,275.86,3,1
total,T4 - Libre,Armando Miguel Roque Sanchez,551.72,2,2
total,T4 - Libre,Blanca Cardenas,275.86,1,1
total,T4 - Libre,Carlos Parra,1655.16,6,6
total,T4 - Libre,Diana Duran,670.69,3,3
total,T4 - Libre,Eugenia Morán Orozco,551.72,3,3
total,T4 - Libre,Jairo Hernando Pedraza Pinto,1103.44,6,6
total,T4 - Libre,Jorge Michel,827.58,5,5
total,T4 - Libre,Miranda Lucía Morán Morales,551.72,2,2
total,T4 - Libre,Norma Sharey Vazquez Jimenez,2482.74,9,9
total,T4 - Total,Armando Miguel Roque Sanchez,275.86,1,1
total,T4 - Total,Diana Duran,87.12,1,1
total,TSH,(Sin asignar),1163.79,3,3
total,TSH,Alejandro Sanchez Aranda,387.93,1,1
total,TSH,Alma Victoria Villarreal Barranca,1939.65,5,5
total,TSH,Ariadne Coutiño Bravo,387.93,5,1
total,TSH,Armando Miguel Roque Sanchez,1939.65,6,6
total,TSH,Blanca Cardenas,387.93,1,1
total,TSH,Carlos Parra,1163.79,5,5
total,TSH,Diana Duran,1512.93,6,4
total,TSH,Enfermeria,387.93,1,1
total,TSH,Eugenia Morán Orozco,6594.81,23,23
total,TSH,Giovanni López Salamanca,5772.41,18,18
total,TSH,Guadalupe Nolazco Beltrán,2327.58,6,6
total,TSH,Jairo Hernando Pedraza Pinto,3491.37,10,10
total,TSH,Jorge Michel,1551.72,4,4
total,TSH,Maritza Ivett Rojas Valencia,364.66,1,1
total,TSH,Miranda Lucía Morán Morales,1163.79,3,3
total,TSH,Monica Yazmin Olavarria Guadarrama,0.0,1,1
total,TSH,Norma Sharey Vazquez Jimenez,2327.58,6,6
total,TSH,Ruben Gonzalez Ruiz,1163.79,3,3
total,Tarjeta RI Witness,Edith Cervantes Guerrero,405.17,1,1
total,Tarjeta RI Witness,Eugenia Morán Orozco,431.03,1,1
total,Tarjeta RI Witness,Giovanni López Salamanca,431.03,1,1
total,Tarjeta RI Witness,Maritza Ivett Rojas Valencia,405.17,1,1
total,Tarjeta RI Witness,Ruth Hernández Sánchez,405.17,1,1
total,Tarjeta RI Witness,Tanya Barajas Serrano (Externa),405.17,1,1
total,Tarjeta Ri Witness,José Manuel Lozano Sánchez,431.03,1,1
total,Terapia individual - GDL,Norma Sharey Vazquez Jimenez,2068.96,4,2
total,Terapia individual incluida,Carlos Parra,0.0,1,1
total,Terapia individual incluida,Eugenia Morán Orozco,0.0,2,2
total,Terapia individual incluida,Fatima Giron Ávila,0.0,1,1
total,Terapia psicológica online - GDL,Diana Duran,0.0,1,1
total,Terapia psicológica online - GDL,Norma Sharey Vazquez Jimenez,2344.82,2,2
total,Test genetico de restos fetales (poc),Giovanni López Salamanca,22464.66,1,1
total,Testosterona Libre,(Sin asignar),1077.59,1,1
total,Testosterona Libre,Jaime Antonio Hidalgo Carrera,1077.59,1,1
total,Testosterona Libre,Jairo Hernando Pedraza Pinto,1077.59,1,1
total,Testosterona Libre,Norma Sharey Vazquez Jimenez,1077.59,1,1
total,Testosterona Total,(Sin asignar),551.72,2,2
total,Testosterona Total,Eugenia Morán Orozco,275.86,1,1
total,Testosterona Total,Gerardo Armando Paladino Barquera,1077.59,1,1
total,Testosterona Total,Giovanni López Salamanca,551.72,2,2
total,Testosterona Total,Griselda Reyes Torres,275.86,1,1
total,Testosterona Total,Guadalupe Nolazco Beltrán,551.72,2,2
total,Testosterona Total,Jaime Antonio Hidalgo Carrera,551.72,2,2
total,Testosterona Total,Miranda Lucía Morán Morales,275.86,1,1
total,Testosterona Total,Monica Olavarria,2206.88,8,8
total,Testosterona Total,Norma Sharey Vazquez Jimenez,275.86,1,1
total,Testosterona Total y Testosterona Libre,(Sin asignar),1637.94,2,2
total,Testosterona Total y Testosterona Libre,Armando Miguel Roque Sanchez,818.97,1,1
total,Testosterona Total y Testosterona Libre,Diana Duran,2456.91,5,3
total,Testosterona Total y Testosterona Libre,Jaime Antonio Hidalgo Carrera,1637.94,2,2
total,Testosterona Total y Testosterona Libre,Laboratorio FIV/Andrología,818.97,1,1
total,Testosterona Total y Testosterona Libre,Miranda Lucía Morán Morales,1637.94,2,2
total,Testosterona Total y Testosterona Libre,Norma Sharey Vazquez Jimenez,1637.94,2,2
total,Testosterona biodisponible,Diana Duran,2763.79,4,2
total,Tiempos de Coagulación,(Sin asignar),905.17,1,1
total,Tiempos de Coagulación,Alejandro Sanchez Aranda,1810.34,2,2
total,Tiempos de Coagulación,Alma Victoria Villarreal Barranca,905.17,4,4
total,Tiempos de Coagulación,Armando Miguel Roque Sanchez,2715.51,25,25
total,Tiempos de Coagulación,Blanca Cardenas,0.0,2,2
total,Tiempos de Coagulación,Carlos Andres Lejtik Alva,905.17,1,1
total,Tiempos de Coagulación,Carlos Macias,905.17,1,1
total,Tiempos de Coagulación,Carlos Parra,1810.34,13,13
total,Tiempos de Coagulación,Enfermeria,905.17,1,1
total,Tiempos de Coagulación,Eugenia Morán Orozco,3008.61,53,53
total,Tiempos de Coagulación,Gerardo Armando Paladino Barquera,1810.34,2,2
total,Tiempos de Coagulación,Giovanni López Salamanca,2961.2,32,32
total,Tiempos de Coagulación,Guadalupe Nolazco Beltrán,1810.34,31,31
total,Tiempos de Coagulación,Jaime Antonio Hidalgo Carrera,905.17,20,20
total,Tiempos de Coagulación,Jairo Hernando Pedraza Pinto,1810.34,31,31
total,Tiempos de Coagulación,Jorge Michel,0.0,4,4
total,Tiempos de Coagulación,Maritza Ivett Rojas Valencia,1810.34,2,2
total,Tiempos de Coagulación,María Elena González Panzzi,1810.34,2,2
total,Tiempos de Coagulación,María de los Ángeles Flores Manzur,1810.34,3,3
total,Tiempos de Coagulación,Miranda Lucía Morán Morales,0.0,1,1
total,Tiempos de Coagulación,Monica Olavarria,0.0,5,5
total,Tiempos de Coagulación,Monica Yazmin Olavarria Guadarrama,905.17,2,2
total,Tiempos de Coagulación,Norma Sharey Vazquez Jimenez,0.0,1,1
total,Tiempos de Coagulación,Ruben Gonzalez Ruiz,3015.07,25,25
total,Transferencia CDMX,Giovanni López Salamanca,6896.55,1,1
total,Transferencia embrionaria - CDMX,Eugenia Morán Orozco,12500.0,1,1
total,Transferencia embrionaria - CDMX,Melissa Itzel Villagomez Aleman,11206.9,1,1
total,Transferencia embrionaria - GDL,Carlos Parra,0.0,2,0
total,Transferencia en fresco CDMX - GDL - MET,Armando Miguel Roque Sanchez,9913.79,1,1
total,Transferencia en fresco CDMX - GDL - MET,Eugenia Morán Orozco,12931.03,1,1
total,Traslado de gametos locales,Alejandro Sanchez Aranda,2000.0,1,1
total,Traslado de gametos locales,Amaranta Paulina Martinez Alvarado,9172.42,4,4
total,Traslado de gametos locales,Armando Miguel Roque Sanchez,5172.42,2,2
total,Traslado de gametos locales,Candice Ann Barba Gomez,1781.02,1,1
total,Traslado de gametos locales,Carlos Parra,4386.21,2,2
total,Traslado de gametos locales,Edith Cervantes Guerrero,2000.0,1,1
total,Traslado de gametos locales,Edna Amaro,2000.0,1,1
total,Traslado de gametos locales,Eugenia Morán Orozco,2586.21,1,1
total,Traslado de gametos locales,Gerardo Armando Paladino Barquera,1724.14,1,1
total,Traslado de gametos locales,Giovanni López Salamanca,7172.42,4,4
total,Traslado de gametos locales,José Manuel Lozano Sánchez,2000.0,1,1
total,Traslado de gametos locales,Leslie Sharon Gamiño Sanchez,1999.14,1,1
total,Traslado de gametos locales,Ruben Gonzalez Ruiz,3965.55,2,2
total,Traslado de gametos locales,Yazmin Ramos,4310.34,2,2
total,Traslado de gametos nacional,Blanca Cardenas,12931.03,1,1
total,Traslado de gametos nacional,Carlos Parra,22413.8,2,2
total,Traslado de gametos nacional,Emma Gabriela Portillo Osorio,12931.03,1,1
total,Traslado de gametos nacional,Giovanni López Salamanca,30172.4,3,3
total,Traslado de gametos nacional,Jose Juan Guerrero Vargas,12931.03,1,1
total,Traslado de gametos nacional,Maritza Ivett Rojas Valencia,12931.03,1,1
total,Traslado de gametos nacional,Melissa Itzel Villagomez Aleman,12931.03,1,1
total,Traslado de gametos nacional,Monica Olavarria,12931.03,1,1
total,Triglicéridos,Norma Sharey Vazquez Jimenez,241.38,1,1
total,UTROGESTAN 100MG CAP CAJ C/30,Guadalupe Nolazco Beltrán,55900.0,32,86
total,UTROGESTAN 200 MG 14 CÁPSULAS,Alejandro Sanchez Aranda,4900.0,4,7
total,UTROGESTAN 200 MG 14 CÁPSULAS,Alma Victoria Villarreal Barranca,3500.0,3,5
total,UTROGESTAN 200 MG 14 CÁPSULAS,Armando Miguel Roque Sanchez,70574.0,27,101
total,UTROGESTAN 200 MG 14 CÁPSULAS,Carlos Parra,5600.0,4,8
total,UTROGESTAN 200 MG 14 CÁPSULAS,Eugenia Morán Orozco,675500.0,286,972
total,UTROGESTAN 200 MG 14 CÁPSULAS,Giovanni López Salamanca,250180.0,119,362
total,UTROGESTAN 200 MG 14 CÁPSULAS,Guadalupe Nolazco Beltrán,700.0,1,1
total,UTROGESTAN 200 MG 14 CÁPSULAS,Jaime Antonio Hidalgo Carrera,67200.0,27,99
total,UTROGESTAN 200 MG 14 CÁPSULAS,Jairo Hernando Pedraza Pinto,109200.0,47,160
total,UTROGESTAN 200 MG 14 CÁPSULAS,Jorge Michel,9100.0,5,13
total,UTROGESTAN 200 MG 14 CÁPSULAS,Mayella Fernández del Campo,0.0,1,2
total,UTROGESTAN 200 MG 14 CÁPSULAS,Miranda Lucía Morán Morales,1400.0,1,2
total,UTROGESTAN 200 MG 14 CÁPSULAS,Monica Olavarria,1400.0,1,2
total,UTROGESTAN 200 MG 14 CÁPSULAS,Norma Sharey Vazquez Jimenez,2800.0,2,4
total,UTROGESTAN 200 MG 14 CÁPSULAS,Ruben Gonzalez Ruiz,35574.0,15,51
total,UTrogestan 100 mg,Guadalupe Nolazco Beltrán,18650.0,14,34
total,UTrogestan 200 mg,Aline Yunuen García Cortes,2800.0,1,4
total,UTrogestan 200 mg,Armando Miguel Roque Sanchez,4750.0,4,7
total,UTrogestan 200 mg,Blanca Cardenas,1950.0,1,3
total,UTrogestan 200 mg,Eugenia Morán Orozco,168950.0,75,253
total,UTrogestan 200 mg,Giovanni López Salamanca,68816.0,33,104
total,UTrogestan 200 mg,Jaime Antonio Hidalgo Carrera,20100.0,9,30
total,UTrogestan 200 mg,Jairo Hernando Pedraza Pinto,18250.0,10,27
total,UTrogestan 200 mg,José Alfonso Gutiérrez Frusch,1300.0,1,2
total,UTrogestan 200 mg,Ruben Gonzalez Ruiz,28950.0,13,43
total,Ultrasonido,(Sin asignar),2844.82,2,2
total,Ultrasonido,Alejandro Sanchez Aranda,60775.7,47,47
total,Ultrasonido,Alma Victoria Villarreal Barranca,11637.9,9,9
total,Ultrasonido,Areli Sánchez,1293.1,1,1
total,Ultrasonido,Armando Miguel Roque Sanchez,64655.0,51,51
total,Ultrasonido,Blanca Cardenas,5172.4,4,4
total,Ultrasonido,Carlos Andres Lejtik Alva,1293.1,1,1
total,Ultrasonido,Carlos Parra,35604.23,28,29
total,Ultrasonido,Claudia Melina Robellada Zarate,10344.8,8,8
total,Ultrasonido,Diana Duran,7758.6,6,6
total,Ultrasonido,Eugenia Morán Orozco,59482.61,45,47
total,Ultrasonido,Giovanni López Salamanca,38793.02,26,30
total,Ultrasonido,Gisela Cuevas Velasco,1293.1,1,1
total,Ultrasonido,Guadalupe Nolazco Beltrán,46551.63,30,36
total,Ultrasonido,Jaime Antonio Hidalgo Carrera,5172.41,3,4
total,Ultrasonido,Jairo Hernando Pedraza Pinto,6465.5,5,5
total,Ultrasonido,Jorge Michel,1293.1,1,1
total,Ultrasonido,José Alfonso Gutiérrez Frusch,1293.1,1,1
total,Ultrasonido,María de los Ángeles Flores Manzur,1293.1,1,1
total,Ultrasonido,Mayela Fernandez del Campo (MEFI),560.34,1,1
total,Ultrasonido,Miranda Lucía Morán Morales,7758.61,4,6
total,Ultrasonido,Monica Olavarria,21982.7,18,18
total,Ultrasonido,Monica Yazmin Olavarria Guadarrama,1293.1,1,1
total,Ultrasonido,Norma Sharey Vazquez Jimenez,10344.8,8,8
total,Ultrasonido,Ruben Gonzalez Ruiz,14224.1,11,11
total,Ultrasonido,Yazmin Ramos,7758.6,6,6
total,Ultrasonido incluído,Blanca Cardenas,0.0,4,4
total,Ultrasonido incluído,Carlos Parra,0.0,31,31
total,Ultrasonido incluído,Diana Duran,0.0,6,6
total,Ultrasonido incluído,Eugenia Morán Orozco,0.0,4,8
total,Ultrasonido incluído,Giovanni López Salamanca,0.0,5,6
total,Ultrasonido incluído,Guadalupe Nolazco Beltrán,0.0,115,115
total,Ultrasonido incluído,Jairo Hernando Pedraza Pinto,0.0,2,2
total,Ultrasonido incluído,Jorge Michel,0.0,2,2
total,Ultrasonido incluído,Leslie Sharon Gamiño Sanchez,0.0,1,1
total,Ultrasonido incluído,Monica Olavarria,0.0,1,1
total,Ultrasonido incluído,Norma Sharey Vazquez Jimenez,0.0,2,2
total,Ultrasonido incluído,Yazmin Ramos,0.0,1,1
total,Urocultivo,Armando Miguel Roque Sanchez,818.97,1,1
total,Urocultivo,Eugenia Morán Orozco,16379.4,21,21
total,Urocultivo,Giovanni López Salamanca,6551.76,8,8
total,Urocultivo,Jaime Antonio Hidalgo Carrera,818.97,1,1
total,Urocultivo,Jairo Hernando Pedraza Pinto,4913.82,7,7
total,Urocultivo,Monica Olavarria,818.97,1,1
total,Urocultivo,Ruben Gonzalez Ruiz,818.97,1,1
total,Uso de Quirófano,Alma Victoria Villarreal Barranca,8620.69,1,1
total,Uso de consultorio1hr con US,Alejandro Sanchez Aranda,2241.37,3,4
total,Uso de consultorio1hr con US,Blanca Cardenas,2844.81,8,6
total,Uso de consultorio1hr con US,Carlos Andres Lejtik Alva,560.34,1,1
total,Uso de consultorio1hr con US,Carlos Macias,1724.52,4,4
total,Uso de consultorio1hr con US,Claudia Melina Robellada Zarate,560.34,1,1
total,Uso de consultorio1hr con US,Edna Amaro,560.34,1,1
total,Uso de consultorio1hr con US,Jose Juan Guerrero Vargas,1120.68,2,2
total,Uso de consultorio1hr con US,Mayela Fernandez del Campo (MEFI),560.34,1,1
total,Uso de consultorio1hr con US,Perla Guadalupe Guzman Diaz,1120.68,2,2
total,VDRL,Amaranta Paulina Martinez Alvarado,387.93,1,1
total,VDRL,Armando Miguel Roque Sanchez,387.93,1,1
total,VDRL,Carlos Parra,0.0,1,1
total,VDRL,Eugenia Morán Orozco,775.86,4,4
total,VDRL,Giovanni López Salamanca,752.59,2,2
total,VDRL,Griselda Reyes Torres,387.93,1,1
total,VDRL,Jaime Antonio Hidalgo Carrera,387.93,1,1
total,VDRL,Jairo Hernando Pedraza Pinto,0.0,2,2
total,VDRL,Tanya Barajas Serrano (Externa),387.93,1,1
total,VIH 1 y 2,Armando Miguel Roque Sanchez,689.66,1,1
total,VIH 1 y 2,Giovanni López Salamanca,689.66,2,2
total,Valoración donadora,(Sin asignar),1422.41,1,1
total,Valoración donadora online,Eugenia Morán Orozco,1120.69,1,1
total,Valoración subrogada,Alma Victoria Villarreal Barranca,1422.41,1,1
total,Valoración subrogada,Armando Miguel Roque Sanchez,1422.41,1,1
total,Valoración subrogada,Eugenia Morán Orozco,28448.2,21,21
total,Valoración subrogada,Giovanni López Salamanca,15646.51,12,12
total,Valoración subrogada,Jaime Antonio Hidalgo Carrera,4267.23,3,3
total,Valoración subrogada,Jairo Hernando Pedraza Pinto,4267.23,3,3
total,Valoración subrogada,Miranda Lucía Morán Morales,1422.41,1,1
total,Valoración subrogada,Ruben Gonzalez Ruiz,4267.23,3,3
total,Vitamina B-12,Alejandro Sanchez Aranda,517.24,1,1
total,Vitamina B-12,Alma Victoria Villarreal Barranca,486.21,1,1
total,Vitamina B-12,Carlos Parra,810.34,1,1
total,Vitamina B-12,Giovanni López Salamanca,1034.48,2,2
total,Vitamina B-12,Jairo Hernando Pedraza Pinto,517.24,1,1
total,Vitamina C,Giovanni López Salamanca,2025.86,1,1
total,Vitamina D,Alma Victoria Villarreal Barranca,1296.55,1,1
total,Vitamina D,Armando Miguel Roque Sanchez,1379.31,1,1
total,Vitamina D,Enfermeria,1379.31,1,1
total,Vitamina D,Eugenia Morán Orozco,6896.55,7,7
total,Vitamina D,Giovanni López Salamanca,1379.31,1,1
total,Vitamina D,Jairo Hernando Pedraza Pinto,1379.31,2,2
total,Vitamina D,Maritza Ivett Rojas Valencia,1379.31,1,1
total,Vitamina D,Miranda Lucía Morán Morales,4137.93,3,3
total,Vitamina D,Monica Olavarria,1379.31,1,1
total,Vitamina D,Ruben Gonzalez Ruiz,1379.31,2,2
total,"Vitamina D 1,25-di-hidroxi colecalciferol (Con D3)",(Sin asignar),2025.86,1,1
total,"Vitamina D 1,25-di-hidroxi colecalciferol (Con D3)",Alejandro Sanchez Aranda,2758.62,1,1
total,"Vitamina D 1,25-di-hidroxi colecalciferol (Con D3)",Alma Victoria Villarreal Barranca,0.0,1,1
total,"Vitamina D 1,25-di-hidroxi colecalciferol (Con D3)",Armando Miguel Roque Sanchez,2025.86,1,1
total,"Vitamina D 1,25-di-hidroxi colecalciferol (Con D3)",Blanca Cardenas,4784.48,2,2
total,"Vitamina D 1,25-di-hidroxi colecalciferol (Con D3)",Carlos Parra,7853.45,5,5
total,"Vitamina D 1,25-di-hidroxi colecalciferol (Con D3)",Diana Duran,7349.14,4,4
total,"Vitamina D 1,25-di-hidroxi colecalciferol (Con D3)",Enfermeria,4784.48,2,2
total,"Vitamina D 1,25-di-hidroxi colecalciferol (Con D3)",Eugenia Morán Orozco,21163.78,10,10
total,"Vitamina D 1,25-di-hidroxi colecalciferol (Con D3)",Giovanni López Salamanca,5431.03,3,3
total,"Vitamina D 1,25-di-hidroxi colecalciferol (Con D3)",Jaime Antonio Hidalgo Carrera,2025.86,1,1
total,"Vitamina D 1,25-di-hidroxi colecalciferol (Con D3)",Jairo Hernando Pedraza Pinto,3405.17,2,2
total,"Vitamina D 1,25-di-hidroxi colecalciferol (Con D3)",Jorge Michel,10129.3,5,5
total,"Vitamina D 1,25-di-hidroxi colecalciferol (Con D3)",Maritza Ivett Rojas Valencia,2025.86,1,1
total,"Vitamina D 1,25-di-hidroxi colecalciferol (Con D3)",Monica Olavarria,7543.1,3,3
total,"Vitamina D 1,25-di-hidroxi colecalciferol (Con D3)",Norma Sharey Vazquez Jimenez,15646.53,7,7
total,"Vitamina D 1,25-di-hidroxi colecalciferol (Con D3)",Ruben Gonzalez Ruiz,4784.48,2,2
total,Vitrificación,Gerardo Armando Paladino Barquera,6551.72,1,1
total,Vitrificación de óvulos/embriones - CDMX,Eugenia Morán Orozco,50948.28,3,3
total,Vitrificación de óvulos/embriones - CDMX,Giovanni López Salamanca,31418.1,2,2
total,Vitrificación de óvulos/embriones - CDMX,Jairo Hernando Pedraza Pinto,0.0,1,1
total,Vitrificación de óvulos/embriones - CDMX,Ruben Gonzalez Ruiz,16982.76,1,1
total,Vitrificación de óvulos/embriones - GDL,Carlos Parra,12737.07,1,1
total,[EX-FET] Transferencia de Embrión Congelado CDMX,Gisela Cuevas Velasco,31034.48,2,2
total,[EX-FET] Transferencia de Embrión Congelado CDMX,José Manuel Lozano Sánchez,13189.66,1,1
total,[EX-FET] Transferencia de Embrión Congelado CDMX,Monica Yazmin Olavarria Guadarrama,13189.66,1,1
total,[EX-FET] Transferencia de Embrión Congelado GDL,Amaranta Paulina Martinez Alvarado,11506.03,1,1
total,[EX-FET] Transferencia de Embrión Congelado GDL,Yazmin Ramos,12500.0,1,1
total,[EX] Anualidad Crio de Óvulos y Embriones,Fabiola del Carmen Brito Sandoval,4310.34,1,1
total,[EX] Anualidad Criopreservación Semen,Alejandro Kava Braveman,3018.0,1,1
total,[EX] Anualidad Criopreservación Semen,Armando Miguel Roque Sanchez,4310.34,1,1
total,[EX] Anualidad Criopreservación de  Embriones,Melissa Itzel Villagomez Aleman,4310.34,1,1
total,[EX] Aspiración de quiste,Jorge Michel (EX),11379.31,1,1
total,[EX] Banco de donador de semen internacional - Disponibilidad 48 - 72 hrs CDMX,Gisela Cuevas Velasco,21551.72,1,1
total,[EX] Banco de óvulo donadora nacional x óvulo - Disponibilidad 48 - 72 hrs CDMX,Monica Olavarria,75000.0,1,6
total,[EX] Biopsia testicular para FIV/ ICSI,Carlos Eduardo Sandoval Castro,27586.2,2,2
total,[EX] Biopsia testicular para FIV/ ICSI,Emanuel Sanchez,27586.2,2,2
total,[EX] Biopsia testicular para FIV/ ICSI,Emma Gabriela Portillo Osorio,13793.1,1,1
total,[EX] Biopsia testicular para FIV/ ICSI,Griselda Reyes Torres,13793.1,1,1
total,[EX] Biopsia testicular para FIV/ ICSI,Laura Esmeralda Gonzalez Lopez,13793.1,1,1
total,[EX] Biopsia testicular para FIV/ ICSI,Leslie Sharon Gamiño Sanchez,13793.1,1,1
total,[EX] Biopsia testicular para FIV/ ICSI,Monica Olavarria,13793.1,1,1
total,[EX] Captura + Fertilización + VItrificación (Embryo Freezing) CDMX,Alejandro Sanchez Aranda,30301.72,1,1
total,[EX] Captura + Fertilización + VItrificación (Embryo Freezing) CDMX,Aline Yunuen García Cortes,27112.07,1,1
total,[EX] Captura + Fertilización + VItrificación (Embryo Freezing) CDMX,Fabiola del Carmen Brito Sandoval,0.0,1,1
total,[EX] Captura + Fertilización + VItrificación (Embryo Freezing) CDMX,Gerardo Armando Paladino Barquera,27152.58,1,1
total,[EX] Captura + Fertilización + VItrificación (Embryo Freezing) CDMX,Gisela Cuevas Velasco,59008.62,2,2
total,[EX] Captura + Fertilización + VItrificación (Embryo Freezing) CDMX,Juan Andreas Mejicanos Quiñones,27112.07,1,1
total,[EX] Captura + Fertilización + VItrificación (Embryo Freezing) CDMX,Maritza Ivett Rojas Valencia,27112.07,1,1
total,[EX] Captura + Fertilización + VItrificación (Embryo Freezing) CDMX,Monica Olavarria,27112.07,1,1
total,[EX] Captura + Fertilización + VItrificación (Embryo Freezing) GDL,Amaranta Paulina Martinez Alvarado,85991.37,3,3
total,[EX] Captura + Fertilización + VItrificación (Embryo Freezing) GDL,Edna Amaro,181034.46,6,6
total,[EX] Captura + Fertilización + VItrificación (Embryo Freezing) GDL,Emanuel Sanchez,25646.55,1,1
total,[EX] Captura + Fertilización + VItrificación (Embryo Freezing) GDL,Ericka Gabriela Yac Longoria,30172.41,1,1
total,[EX] Captura + Fertilización + VItrificación (Embryo Freezing) GDL,Mariela Elizaith Caballero Cedillo,30172.41,1,1
total,[EX] Captura + Fertilización + VItrificación (Embryo Freezing) GDL,Ruth Hernández Sánchez,0.0,2,0
total,[EX] Captura + Fertilización + VItrificación (Embryo Freezing) GDL,Tanya Barajas Serrano (Externa),30172.41,1,1
total,[EX] Captura + Fertilización + VItrificación (Embryo Freezing) GDL,Yazmin Ramos,60344.82,2,2
total,[EX] Captura + Fertilización GDL,Amaranta Paulina Martinez Alvarado,46551.72,2,2
total,[EX] Captura + Fertilización GDL,Edna Amaro,69827.58,3,3
total,[EX] Captura + Fertilización GDL,Emma Gabriela Portillo Osorio,23275.86,1,1
total,[EX] Captura + Fertilización GDL,Ericka Gabriela Yac Longoria,23275.86,1,1
total,[EX] Captura + Fertilización GDL,Jorge Michel (EX),0.0,2,0
total,[EX] Captura + Fertilización GDL,Leslie Sharon Gamiño Sanchez,46551.72,2,2
total,[EX] Captura + Fertilización GDL,Mariela Elizaith Caballero Cedillo,23275.86,1,1
total,[EX] Captura + Fertilización GDL,Ruth Hernández Sánchez,91378.7,6,4
total,[EX] Captura + Fertilización GDL,Tanya Barajas Serrano (Externa),23275.86,1,1
total,[EX] Captura + Fertilización GDL,Yazmin Ramos,69827.58,3,3
total,[EX] Captura + Fertilización GDL,Zaida Maria Villa Deluna,23275.86,1,1
total,[EX] Captura + fertilización CDMX,Adriana Galvan Luna,25000.0,1,1
total,[EX] Captura + fertilización CDMX,Alejandro Kava Braveman,72500.0,3,3
total,[EX] Captura + fertilización CDMX,Alejandro Sanchez Aranda,196250.0,8,8
total,[EX] Captura + fertilización CDMX,Aline Yunuen García Cortes,100000.0,4,4
total,[EX] Captura + fertilización CDMX,Arely Peña Garcia,12500.0,1,1
total,[EX] Captura + fertilización CDMX,Brenda Sanchez Ramirez,12500.0,1,1
total,[EX] Captura + fertilización CDMX,Cintia Mejia Garcia,22500.0,1,1
total,[EX] Captura + fertilización CDMX,Cintia Mejía García,35000.0,2,2
total,[EX] Captura + fertilización CDMX,Claudia Melina Robellada Zarate,25000.0,1,1
total,[EX] Captura + fertilización CDMX,Edith Cervantes Guerrero,121250.0,5,5
total,[EX] Captura + fertilización CDMX,Enrique Reyes Muñoz,75000.0,3,3
total,[EX] Captura + fertilización CDMX,Fabian Ricardo Castañeda Bochm,50000.0,2,2
total,[EX] Captura + fertilización CDMX,Fabiola del Carmen Brito Sandoval,21135.25,1,1
total,[EX] Captura + fertilización CDMX,Fatima Giron Ávila,92500.0,4,4
total,[EX] Captura + fertilización CDMX,Gerardo Armando Paladino Barquera,247306.38,11,11
total,[EX] Captura + fertilización CDMX,Gisela Cuevas Velasco,25000.0,1,1
total,[EX] Captura + fertilización CDMX,Griselda Reyes Torres,216497.32,9,9
total,[EX] Captura + fertilización CDMX,Jefsi Argelia Leon Dominguez,121250.0,5,5
total,[EX] Captura + fertilización CDMX,Jose Juan Guerrero Vargas,47500.0,3,3
total,[EX] Captura + fertilización CDMX,José Manuel Lozano Sánchez,146250.0,6,6
total,[EX] Captura + fertilización CDMX,Juan Andreas Mejicanos Quiñones,22500.0,1,1
total,[EX] Captura + fertilización CDMX,Laura Esmeralda Gonzalez Lopez,46281.75,3,3
total,[EX] Captura + fertilización CDMX,Lilia Berenice Leyva Macias,110000.0,5,5
total,[EX] Captura + fertilización CDMX,Maritza Ivett Rojas Valencia,47500.0,2,2
total,[EX] Captura + fertilización CDMX,Marlene Lizbeth Zamora Ramirez,65172.43,3,3
total,[EX] Captura + fertilización CDMX,María Elena González Panzzi,50000.0,2,2
total,[EX] Captura + fertilización CDMX,María de los Ángeles Flores Manzur,96250.0,4,4
total,[EX] Captura + fertilización CDMX,Mayela Fernandez del Campo (MEFI),25000.0,1,1
total,[EX] Captura + fertilización CDMX,Melissa Itzel Villagomez Aleman,46250.0,2,2
total,[EX] Captura + fertilización CDMX,Miguel Ángel Martínez Enríquez,21250.0,1,1
total,[EX] Captura + fertilización CDMX,Monica Olavarria,220000.0,9,9
total,[EX] Captura + fertilización CDMX,Monica Yazmin Olavarria Guadarrama,50000.0,2,2
total,[EX] Captura + fertilización CDMX,Perla del Rocio Baca Olivoo,25000.0,1,1
total,[EX] Captura CDMX,Cintia Mejia Garcia,17068.97,1,1
total,[EX] Captura CDMX,Gerardo Armando Paladino Barquera,9482.76,1,1
total,[EX] Captura CDMX,Jose Juan Guerrero Vargas,13275.86,1,1
total,[EX] Captura CDMX,José Manuel Lozano Sánchez,18965.52,1,1
total,[EX] Captura CDMX,Oliver Paul Cruz Orozco,13275.86,1,1
total,[EX] Captura GDL,Aldo Loza Mapome,15302.93,1,1
total,[EX] Captura GDL,Amaranta Paulina Martinez Alvarado,108620.68,7,7
total,[EX] Captura GDL,Edna Amaro,17241.38,1,1
total,[EX] Captura GDL,Emanuel Sanchez,48275.86,3,3
total,[EX] Captura GDL,Jorge Michel (EX),63793.1,4,4
total,[EX] Captura GDL,Leslie Sharon Gamiño Sanchez,34482.76,2,2
total,[EX] Captura GDL,Mariela Elizaith Caballero Cedillo,15517.24,1,1
total,[EX] Captura GDL,Ruth Hernández Sánchez,46551.72,3,3
total,[EX] Captura GDL,Sofia Rodriguez Mendoza (MEFI),15517.24,1,1
total,[EX] Captura GDL,Virginia Isabel Salas Valencia,8620.69,1,1
total,[EX] Captura GDL,Yazmin Ramos,148275.86,11,9
total,[EX] Captura sin recuperación CDMX,Alejandro Sanchez Aranda,16810.34,1,1
total,[EX] Captura sin recuperación CDMX,Fatima Giron Ávila,16810.34,1,1
total,[EX] Captura sin recuperación CDMX,Gerardo Armando Paladino Barquera,16810.34,1,1
total,[EX] Captura sin recuperación CDMX,Griselda Reyes Torres,16810.34,1,1
total,[EX] Captura sin recuperación GDL,Edna Amaro,18103.45,1,1
total,[EX] Captura sin recuperación GDL,Ruth Hernández Sánchez,31034.49,2,2
total,[EX] Captura+ Vitrificacion de ovocitos CDMX,Adriana Galvan Luna,51724.14,2,2
total,[EX] Captura+ Vitrificacion de ovocitos CDMX,Alejandro Sanchez Aranda,152586.22,6,6
total,[EX] Captura+ Vitrificacion de ovocitos CDMX,Areli Sánchez,25862.07,1,1
total,[EX] Captura+ Vitrificacion de ovocitos CDMX,Carlos Andres Lejtik Alva,21982.76,1,1
total,[EX] Captura+ Vitrificacion de ovocitos CDMX,Claudia Melina Robellada Zarate,51724.14,2,2
total,[EX] Captura+ Vitrificacion de ovocitos CDMX,Edith Cervantes Guerrero,95755.34,4,4
total,[EX] Captura+ Vitrificacion de ovocitos CDMX,Fabian Ricardo Castañeda Bochm,49137.93,2,2
total,[EX] Captura+ Vitrificacion de ovocitos CDMX,Fabiola del Carmen Brito Sandoval,112143.88,5,5
total,[EX] Captura+ Vitrificacion de ovocitos CDMX,Gerardo Armando Paladino Barquera,276769.65,12,12
total,[EX] Captura+ Vitrificacion de ovocitos CDMX,Gisela Cuevas Velasco,25862.07,1,1
total,[EX] Captura+ Vitrificacion de ovocitos CDMX,Griselda Reyes Torres,331734.04,14,14
total,[EX] Captura+ Vitrificacion de ovocitos CDMX,Jefsi Argelia Leon Dominguez,25862.07,1,1
total,[EX] Captura+ Vitrificacion de ovocitos CDMX,Jorge Manuel Rodriguez Purata,25862.07,1,1
total,[EX] Captura+ Vitrificacion de ovocitos CDMX,Laura Esmeralda Gonzalez Lopez,22015.6,1,1
total,[EX] Captura+ Vitrificacion de ovocitos CDMX,Lilia Berenice Leyva Macias,12931.03,1,1
total,[EX] Captura+ Vitrificacion de ovocitos CDMX,Marlene Lizbeth Zamora Ramirez,49612.09,2,2
total,[EX] Captura+ Vitrificacion de ovocitos CDMX,María de los Ángeles Flores Manzur,51724.14,2,2
total,[EX] Captura+ Vitrificacion de ovocitos CDMX,Melissa Itzel Villagomez Aleman,51724.14,2,2
total,[EX] Captura+ Vitrificacion de ovocitos CDMX,Monica Olavarria,97413.8,4,4
total,[EX] Captura+ Vitrificacion de ovocitos CDMX,Monica Yazmin Olavarria Guadarrama,51724.14,2,2
total,[EX] Captura+ Vitrificacion de ovocitos GDL,Aldo Loza Mapome,21424.1,1,1
total,[EX] Captura+ Vitrificacion de ovocitos GDL,Amaranta Paulina Martinez Alvarado,168965.51,7,7
total,[EX] Captura+ Vitrificacion de ovocitos GDL,Candice Ann Barba Gomez,48275.86,2,2
total,[EX] Captura+ Vitrificacion de ovocitos GDL,Edna Amaro,24137.93,1,1
total,[EX] Captura+ Vitrificacion de ovocitos GDL,Emanuel Sanchez,109741.36,5,5
total,[EX] Captura+ Vitrificacion de ovocitos GDL,Emma Gabriela Portillo Osorio,36206.9,2,2
total,[EX] Captura+ Vitrificacion de ovocitos GDL,Ericka Gabriela Yac Longoria,61551.72,3,3
total,[EX] Captura+ Vitrificacion de ovocitos GDL,Jorge Michel (EX),72413.79,3,3
total,[EX] Captura+ Vitrificacion de ovocitos GDL,Leslie Sharon Gamiño Sanchez,45862.07,2,2
total,[EX] Captura+ Vitrificacion de ovocitos GDL,Ruth Hernández Sánchez,44655.17,2,2
total,[EX] Captura+ Vitrificacion de ovocitos GDL,Sofia Rodriguez Mendoza (MEFI),24137.93,1,1
total,[EX] Captura+ Vitrificacion de ovocitos GDL,Yazmin Ramos,48275.86,2,2
total,[EX] Captura+ Vitrificacion de ovocitos GDL,Zaida Maria Villa Deluna,12068.97,1,1
total,[EX] Congelamiento de semen (1 depósito),Emanuel Sanchez,4310.34,1,1
total,[EX] Congelamiento de semen (1 depósito),Fatima Giron Ávila,4310.34,1,1
total,[EX] Desvitrificación CDMX,Amaranta Paulina Martinez Alvarado,7931.03,1,1
total,[EX] Desvitrificación CDMX,Carlos Andres Lejtik Alva,7931.03,1,1
total,[EX] Desvitrificación CDMX,Edith Cervantes Guerrero,7931.03,1,1
total,[EX] Desvitrificación CDMX,Fabiola del Carmen Brito Sandoval,10153.26,2,2
total,[EX] Desvitrificación CDMX,Gerardo Armando Paladino Barquera,27439.19,5,5
total,[EX] Desvitrificación CDMX,Gisela Cuevas Velasco,7931.03,1,1
total,[EX] Desvitrificación CDMX,Griselda Reyes Torres,15862.06,2,2
total,[EX] Desvitrificación CDMX,José Manuel Lozano Sánchez,7931.03,1,1
total,[EX] Desvitrificación CDMX,Laura Esmeralda Gonzalez Lopez,6751.45,2,2
total,[EX] Desvitrificación CDMX,Liat Levy Mitrani,6594.83,1,1
total,[EX] Desvitrificación CDMX,María Elena González Panzzi,7931.03,1,1
total,[EX] Desvitrificación CDMX,Monica Olavarria,15862.06,2,2
total,[EX] Desvitrificación GDL,Aldo Loza Mapome,5356.03,1,1
total,[EX] Desvitrificación GDL,Amaranta Paulina Martinez Alvarado,12068.96,2,2
total,[EX] Desvitrificación GDL,Candice Ann Barba Gomez,6034.48,1,1
total,[EX] Desvitrificación GDL,Carlos Macias,6034.48,1,1
total,[EX] Desvitrificación GDL,Edna Amaro,18103.44,3,3
total,[EX] Desvitrificación GDL,Emanuel Sanchez,17421.55,3,3
total,[EX] Desvitrificación GDL,Emma Gabriela Portillo Osorio,6034.48,1,1
total,[EX] Desvitrificación GDL,Ericka Gabriela Yac Longoria,6034.48,1,1
total,[EX] Desvitrificación GDL,Jorge Michel (EX),18103.44,3,3
total,[EX] Desvitrificación GDL,Leslie Sharon Gamiño Sanchez,18103.44,3,3
total,[EX] Desvitrificación GDL,Norma Sharey Vazquez Jimenez,6034.48,1,1
total,[EX] Desvitrificación GDL,Ruth Hernández Sánchez,6034.48,3,1
total,[EX] Desvitrificación GDL,Tanya Barajas Serrano (Externa),12068.96,2,2
total,[EX] Desvitrificación GDL,Yazmin Ramos,54310.32,9,9
total,[EX] Desvitrificación GDL,Zaida Maria Villa Deluna,6034.48,1,1
total,"[EX] Desvitrificación de óvulos congelados, Fertilización + Transferencia diferida GDL",Blanca Cardenas,22629.31,1,1
total,"[EX] Desvitrificación de óvulos congelados, Fertilización + Transferencia diferida GDL",Candice Ann Barba Gomez,30172.41,1,1
total,"[EX] Desvitrificación de óvulos congelados, Fertilización + Transferencia en fresco CDMX",Aline Yunuen García Cortes,21120.69,1,1
total,"[EX] Desvitrificación de óvulos congelados, Fertilización + Transferencia en fresco CDMX",Melissa Itzel Villagomez Aleman,19008.62,1,1
total,"[EX] Desvitrificación de óvulos congelados, Fertilización + Transferencia en fresco GDL",Edna Amaro,18103.45,1,1
total,"[EX] Desvitrificación de óvulos congelados, Fertilización + Transferencia en fresco GDL",Ericka Gabriela Yac Longoria,36206.9,2,2
total,[EX] Espermatobioscopía,(Sin asignar),1293.1,2,2
total,[EX] Espermatobioscopía,Alejandro Sanchez Aranda,1293.1,1,1
total,[EX] Espermatobioscopía,Ana Giannina Garcia,2586.2,2,2
total,[EX] Espermatobioscopía,Blanca Cardenas,1163.79,1,1
total,[EX] Espermatobioscopía,Deborah Marin Robles,1293.1,1,1
total,[EX] Espermatobioscopía,Gerardo Armando Paladino Barquera,2586.2,2,2
total,[EX] Espermatobioscopía,José Manuel Lozano Sánchez,1293.1,1,1
total,[EX] Espermatobioscopía,Laboratorio FIV/Andrología,1293.1,1,1
total,[EX] Espermatobioscopía,Laura Esmeralda Gonzalez Lopez,1293.1,1,1
total,[EX] Espermatobioscopía,Maritza Ivett Rojas Valencia,1293.1,1,1
total,"[EX] FIV/ICSI Diferido (captura, fertilización, vitrificación, desvitrificación y transferencia dife",Aldo Loza Mapome,15086.21,1,1
total,"[EX] FIV/ICSI Diferido (captura, fertilización, vitrificación, desvitrificación y transferencia dife",Amaranta Paulina Martinez Alvarado,84482.76,2,2
total,"[EX] FIV/ICSI Diferido (captura, fertilización, vitrificación, desvitrificación y transferencia dife",Candice Ann Barba Gomez,78512.91,2,2
total,"[EX] FIV/ICSI Diferido (captura, fertilización, vitrificación, desvitrificación y transferencia dife",Carlos Macias,15086.21,1,1
total,"[EX] FIV/ICSI Diferido (captura, fertilización, vitrificación, desvitrificación y transferencia dife",Edna Amaro,42241.38,1,1
total,"[EX] FIV/ICSI Diferido (captura, fertilización, vitrificación, desvitrificación y transferencia dife",Emanuel Sanchez,70290.92,2,2
total,"[EX] FIV/ICSI Diferido (captura, fertilización, vitrificación, desvitrificación y transferencia dife",Ericka Gabriela Yac Longoria,84482.76,2,2
total,"[EX] FIV/ICSI Diferido (captura, fertilización, vitrificación, desvitrificación y transferencia dife",Leslie Sharon Gamiño Sanchez,57327.47,2,2
total,"[EX] FIV/ICSI Diferido (captura, fertilización, vitrificación, desvitrificación y transferencia dife",Mariela Elizaith Caballero Cedillo,15086.09,1,1
total,"[EX] FIV/ICSI Fresco + vitri (captura, fertilización y transferencia al día 5 ó 6 + vitri de embrion",Emanuel Sanchez,32880.17,1,1
total,[EX] Fertilización,Aldo Loza Mapome,5356.03,1,1
total,[EX] Fertilización,Amaranta Paulina Martinez Alvarado,36206.88,6,6
total,[EX] Fertilización,Armando Miguel Roque Sanchez,6034.48,1,1
total,[EX] Fertilización,Carlos Andres Lejtik Alva,5370.69,1,1
total,[EX] Fertilización,Cintia Mejia Garcia,5431.03,1,1
total,[EX] Fertilización,Edna Amaro,6034.48,1,1
total,[EX] Fertilización,Emanuel Sanchez,12068.96,2,2
total,[EX] Fertilización,Gerardo Armando Paladino Barquera,10862.07,2,2
total,[EX] Fertilización,Griselda Reyes Torres,11171.45,2,2
total,[EX] Fertilización,Jorge Michel (EX),30172.4,5,5
total,[EX] Fertilización,Leslie Sharon Gamiño Sanchez,6034.48,1,1
total,[EX] Fertilización,Liat Levy Mitrani,4655.18,1,1
total,[EX] Fertilización,María Elena González Panzzi,6034.48,1,1
total,[EX] Fertilización,Norma Sharey Vazquez Jimenez,6034.48,1,1
total,[EX] Fertilización,Oliver Paul Cruz Orozco,6034.48,1,1
total,[EX] Fertilización,Ruth Hernández Sánchez,18103.44,3,3
total,[EX] Fertilización,Tanya Barajas Serrano (Externa),6034.48,1,1
total,[EX] Fertilización,Yazmin Ramos,60344.8,12,10
total,[EX] Fragmentación del ADN espermático,Fabiola del Carmen Brito Sandoval,3189.66,1,1
total,[EX] Fragmentación del ADN espermático,Gerardo Armando Paladino Barquera,3189.66,1,1
total,[EX] Histeroscopia diagnostica,Alejandro Sanchez Aranda,75431.05,5,5
total,[EX] Histeroscopia diagnostica,Carlos Andres Lejtik Alva,15086.21,1,1
total,[EX] Histeroscopia diagnostica,Emma Gabriela Portillo Osorio,12241.39,3,1
total,[EX] Histeroscopia diagnostica,Gerardo Armando Paladino Barquera,15086.21,1,1
total,[EX] Histeroscopia diagnostica,Lilia Berenice Leyva Macias,15086.21,1,1
total,[EX] Histeroscopia diagnostica,Mayela Fernandez del Campo (MEFI),15086.21,1,1
total,[EX] Histeroscopia diagnostica,Monica Olavarria,60344.84,4,4
total,[EX] Histeroscopia diagnostica,Norma Sharey Vazquez Jimenez,15086.21,1,1
total,[EX] Histeroscopia diagnostica,Oliver Paul Cruz Orozco,15086.21,1,1
total,[EX] Histeroscopia diagnostica,Ruth Hernández Sánchez,45258.63,3,3
total,[EX] Histeroscopia diagnostica,Tanya Barajas Serrano,15086.21,1,1
total,[EX] Histeroscopia diagnostica,Tanya Barajas Serrano (Externa),60344.84,4,4
total,[EX] Histeroscopia diagnostica,Yazmin Ramos,27327.6,2,2
total,[EX] Histeroscopia diagnostica GDL,Gisela Cuevas Velasco,15086.21,1,1
total,[EX] Histeroscopia diagnostica GDL,Ruth Hernández Sánchez,15086.21,1,1
total,[EX] Histeroscopia diagnóstica con anestesia,Eugenia Morán Orozco,15086.21,1,1
total,[EX] Histeroscopia diagnóstica con anestesia,Fatima Giron Ávila,15086.21,1,1
total,[EX] Histeroscopia diagnóstica con anestesia,Giovanni López Salamanca,15517.24,1,1
total,[EX] Histeroscopia diagnóstica con anestesia,Jairo Hernando Pedraza Pinto,34482.76,2,2
total,"[EX] Inseminación Intrauterina (Incluye: Uso de consultorio, enfermera, capacitación y consumibles)",Alejandro Sanchez Aranda,12931.04,2,2
total,"[EX] Inseminación Intrauterina (Incluye: Uso de consultorio, enfermera, capacitación y consumibles)",Amaranta Paulina Martinez Alvarado,12931.04,2,2
total,"[EX] Inseminación Intrauterina (Incluye: Uso de consultorio, enfermera, capacitación y consumibles)",Candice Ann Barba Gomez,12931.04,2,2
total,"[EX] Inseminación Intrauterina (Incluye: Uso de consultorio, enfermera, capacitación y consumibles)",Ericka Gabriela Yac Longoria,6465.52,1,1
total,"[EX] Inseminación Intrauterina (Incluye: Uso de consultorio, enfermera, capacitación y consumibles)",Fatima Giron Ávila,3232.76,1,1
total,"[EX] Inseminación Intrauterina (Incluye: Uso de consultorio, enfermera, capacitación y consumibles)",Leslie Sharon Gamiño Sanchez,58189.68,9,9
total,"[EX] Inseminación Intrauterina (Incluye: Uso de consultorio, enfermera, capacitación y consumibles)",Maritza Ivett Rojas Valencia,6465.52,1,1
total,"[EX] Inseminación Intrauterina (Incluye: Uso de consultorio, enfermera, capacitación y consumibles)",Mayella Fernández del Campo,6465.52,1,1
total,"[EX] Inseminación Intrauterina (Incluye: Uso de consultorio, enfermera, capacitación y consumibles)",Monica Olavarria,6465.52,1,1
total,"[EX] Inseminación Intrauterina (Incluye: Uso de consultorio, enfermera, capacitación y consumibles)",Yazmin Ramos,32327.6,5,5
total,[EX] PGT por embrion (1 a 3),Alejandro Sanchez Aranda,20689.66,1,2
total,[EX] PGT por embrion (1 a 3),Blanca Cardenas,31034.48,1,3
total,[EX] PGT por embrion (1 a 3),Edith Cervantes Guerrero,20689.66,1,2
total,[EX] PGT por embrion (1 a 3),Enrique Reyes Muñoz,31034.48,1,3
total,[EX] PGT por embrion (1 a 3),Fabiola del Carmen Brito Sandoval,29482.76,1,3
total,[EX] PGT por embrion (1 a 3),Gerardo Armando Paladino Barquera,62068.97,4,6
total,[EX] PGT por embrion (1 a 3),Gisela Cuevas Velasco,31034.48,1,3
total,[EX] PGT por embrion (1 a 3),Griselda Reyes Torres,10344.83,1,1
total,[EX] PGT por embrion (1 a 3),Jefsi Argelia Leon Dominguez,10344.83,1,1
total,[EX] PGT por embrion (1 a 3),Leslie Sharon Gamiño Sanchez,31034.48,1,3
total,[EX] PGT por embrion (1 a 3),Maritza Ivett Rojas Valencia,9724.14,1,1
total,[EX] PGT por embrion (1 a 3),María de los Ángeles Flores Manzur,10344.83,1,1
total,[EX] PGT por embrion (1 a 3),Miguel Ángel Martínez Enríquez,31034.48,1,3
total,[EX] PGT por embrion (1 a 3),Monica Olavarria,10344.83,1,1
total,[EX] PGT-A por embrion,Fatima Giron Ávila,36206.9,1,4
total,[EX] PGT-A por embrion,Jorge Michel (EX),31034.48,1,3
total,[EX] PGT-A por embrion,María de los Ángeles Flores Manzur,46551.72,1,5
total,[EX] PGT-A por embrión (4 en adelante),Alejandro Kava Braveman,36206.9,1,4
total,[EX] PGT-A por embrión (4 en adelante),Aline Yunuen García Cortes,36206.9,1,4
total,[EX] PGT-A por embrión (4 en adelante),Amaranta Paulina Martinez Alvarado,36206.9,1,4
total,[EX] PGT-A por embrión (4 en adelante),Gisela Cuevas Velasco,72413.8,2,8
total,[EX] PGT-A por embrión (4 en adelante),Griselda Reyes Torres,57025.86,1,7
total,[EX] PGT-A por embrión (4 en adelante),María Elena González Panzzi,36206.9,1,4
total,[EX] PGT-A por embrión (4 en adelante),Melissa Itzel Villagomez Aleman,36206.9,1,4
total,[EX] PGT-A por embrión (4 en adelante),Miguel Ángel Martínez Enríquez,36206.9,1,4
total,[EX] PGT-A por embrión (4 en adelante),Monica Olavarria,45258.62,1,5
total,[EX] Punción de quiste,María Elena González Panzzi,11379.31,1,1
total,[EX] Punción de quiste GDL,María Elena González Panzzi,11379.31,1,1
total,[EX] Transferencia CDMX,Fatima Giron Ávila,15172.42,2,2
total,[EX] Transferencia CDMX,Gerardo Armando Paladino Barquera,13931.06,2,2
total,[EX] Transferencia CDMX,María Elena González Panzzi,6896.55,1,1
total,[EX] Transferencia CDMX,Melissa Itzel Villagomez Aleman,6896.55,1,1
total,[EX] Transferencia GDL,Edna Amaro,12068.96,2,2
total,[EX] Transferencia GDL,Emanuel Sanchez,6034.48,1,1
total,[EX] Transferencia GDL,Ericka Gabriela Yac Longoria,6034.48,2,2
total,[EX] Transferencia GDL,Jorge Michel (EX),6034.48,1,1
total,[EX] Transferencia GDL,Leslie Sharon Gamiño Sanchez,6034.48,1,1
total,[EX] Transferencia GDL,Ruth Hernández Sánchez,6034.48,1,1
total,[EX] Transferencia GDL,Tanya Barajas Serrano (Externa),6034.48,1,1
total,[EX] Transferencia GDL,Yazmin Ramos,36206.88,6,6
total,[EX] Transferencia de congelados (caso de subrogación) GDL,Emanuel Sanchez,16810.34,1,1
total,[EX] Transferencia de congelados (caso de subrogación) GDL,Mayela Fernandez del Campo (MEFI),16810.34,1,1
total,[EX] Transferencia de congelados CDMX,(Sin asignar),13189.66,1,1
total,[EX] Transferencia de congelados CDMX,Alejandro Kava Braveman,145862.08,10,10
total,[EX] Transferencia de congelados CDMX,Alejandro Sanchez Aranda,132672.42,9,9
total,[EX] Transferencia de congelados CDMX,Aline Yunuen García Cortes,52500.0,4,4
total,[EX] Transferencia de congelados CDMX,Arely Peña Garcia,7758.62,1,1
total,[EX] Transferencia de congelados CDMX,Armando Miguel Roque Sanchez,15517.24,1,1
total,[EX] Transferencia de congelados CDMX,Carlos Andres Lejtik Alva,13793.1,1,1
total,[EX] Transferencia de congelados CDMX,Claudia Melina Robellada Zarate,12090.52,1,1
total,[EX] Transferencia de congelados CDMX,Deborah Marin Robles,13189.66,1,1
total,[EX] Transferencia de congelados CDMX,Edith Cervantes Guerrero,120258.62,8,8
total,[EX] Transferencia de congelados CDMX,Enrique Reyes Muñoz,46551.72,3,3
total,[EX] Transferencia de congelados CDMX,Fabian Ricardo Castañeda Bochm,15517.24,1,1
total,[EX] Transferencia de congelados CDMX,Fabiola del Carmen Brito Sandoval,71068.96,5,5
total,[EX] Transferencia de congelados CDMX,Fatima Giron Ávila,62068.96,4,4
total,[EX] Transferencia de congelados CDMX,Gerardo Armando Paladino Barquera,126961.05,9,9
total,[EX] Transferencia de congelados CDMX,Gisela Cuevas Velasco,93103.44,6,6
total,[EX] Transferencia de congelados CDMX,Griselda Reyes Torres,44224.14,3,3
total,[EX] Transferencia de congelados CDMX,Ivan Madrazo,15517.24,1,1
total,[EX] Transferencia de congelados CDMX,Jefsi Argelia Leon Dominguez,62068.96,4,4
total,[EX] Transferencia de congelados CDMX,Jorge Alberto Campos Cañas,15517.24,1,1
total,[EX] Transferencia de congelados CDMX,Jorge Manuel Rodriguez Purata,15517.24,1,1
total,[EX] Transferencia de congelados CDMX,José Manuel Lozano Sánchez,77586.2,5,5
total,[EX] Transferencia de congelados CDMX,Lilia Berenice Leyva Macias,31034.48,2,2
total,[EX] Transferencia de congelados CDMX,Maritza Ivett Rojas Valencia,29569.65,2,2
total,[EX] Transferencia de congelados CDMX,Marlene Lizbeth Zamora Ramirez,44224.14,3,3
total,[EX] Transferencia de congelados CDMX,María Elena González Panzzi,13189.66,1,1
total,[EX] Transferencia de congelados CDMX,María de los Ángeles Flores Manzur,62068.96,4,4
total,[EX] Transferencia de congelados CDMX,Mayela Fernandez del Campo (MEFI),31034.48,2,2
total,[EX] Transferencia de congelados CDMX,Mayella Fernández del Campo,15517.24,1,1
total,[EX] Transferencia de congelados CDMX,Melissa Itzel Villagomez Aleman,85689.67,6,6
total,[EX] Transferencia de congelados CDMX,Miguel Ángel Martínez Enríquez,42219.83,3,3
total,[EX] Transferencia de congelados CDMX,Monica Olavarria,45000.0,3,3
total,[EX] Transferencia de congelados CDMX,Monica Yazmin Olavarria Guadarrama,28706.9,2,2
total,[EX] Transferencia de congelados CDMX,Nayeli Pichardo Domínguez,14051.72,1,1
total,[EX] Transferencia de congelados CDMX,Perla del Rocio Baca Olivoo,15517.24,1,1
total,[EX] Transferencia de congelados GDL,Amaranta Paulina Martinez Alvarado,84631.03,8,8
total,[EX] Transferencia de congelados GDL,Blanca Cardenas,0.0,1,1
total,[EX] Transferencia de congelados GDL,Candice Ann Barba Gomez,0.0,1,1
total,[EX] Transferencia de congelados GDL,Carlos Macias,0.0,1,1
total,[EX] Transferencia de congelados GDL,Edna Amaro,62500.0,6,6
total,[EX] Transferencia de congelados GDL,Emanuel Sanchez,10625.0,1,1
total,[EX] Transferencia de congelados GDL,Ericka Gabriela Yac Longoria,0.0,3,1
total,[EX] Transferencia de congelados GDL,Jorge Michel,12500.0,1,1
total,[EX] Transferencia de congelados GDL,Jorge Michel (EX),12500.0,1,1
total,[EX] Transferencia de congelados GDL,Mariela Elizaith Caballero Cedillo,0.0,1,1
total,[EX] Transferencia de congelados GDL,Ruth Hernández Sánchez,60655.18,6,6
total,[EX] Transferencia de congelados GDL,Sofia Rodriguez Mendoza (MEFI),10625.0,1,1
total,[EX] Transferencia de congelados GDL,Tanya Barajas Serrano (Externa),12500.0,2,2
total,[EX] Transferencia de congelados GDL,Yazmin Ramos,12500.0,1,1
total,[EX] Vitrificación,Adriana Galvan Luna,6896.55,1,1
total,[EX] Vitrificación,Alejandro Kava Braveman,13793.1,2,2
total,[EX] Vitrificación,Alejandro Sanchez Aranda,46896.54,7,7
total,[EX] Vitrificación,Aline Yunuen García Cortes,34482.75,5,5
total,[EX] Vitrificación,Amaranta Paulina Martinez Alvarado,55172.4,8,8
total,[EX] Vitrificación,Arely Peña Garcia,3448.28,1,1
total,[EX] Vitrificación,Brenda Sanchez Ramirez,3448.28,1,1
total,[EX] Vitrificación,Carlos Andres Lejtik Alva,6896.55,1,1
total,[EX] Vitrificación,Cintia Mejia Garcia,6896.55,1,1
total,[EX] Vitrificación,Cintia Mejía García,10344.83,2,2
total,[EX] Vitrificación,Claudia Melina Robellada Zarate,6896.55,1,1
total,[EX] Vitrificación,Edith Cervantes Guerrero,31336.2,5,5
total,[EX] Vitrificación,Edna Amaro,34482.75,5,5
total,[EX] Vitrificación,Emanuel Sanchez,20689.65,3,3
total,[EX] Vitrificación,Emma Gabriela Portillo Osorio,6896.55,1,1
total,[EX] Vitrificación,Enrique Reyes Muñoz,20689.65,4,4
total,[EX] Vitrificación,Ericka Gabriela Yac Longoria,13793.1,2,2
total,[EX] Vitrificación,Fabian Ricardo Castañeda Bochm,13793.1,2,2
total,[EX] Vitrificación,Fabiola del Carmen Brito Sandoval,5830.41,1,1
total,[EX] Vitrificación,Fatima Giron Ávila,25517.24,4,4
total,[EX] Vitrificación,Gerardo Armando Paladino Barquera,88228.42,14,14
total,[EX] Vitrificación,Gisela Cuevas Velasco,12758.62,2,2
total,[EX] Vitrificación,Griselda Reyes Torres,51953.69,8,8
total,[EX] Vitrificación,Jefsi Argelia Leon Dominguez,33448.27,5,5
total,[EX] Vitrificación,Jorge Michel (EX),41379.3,9,7
total,[EX] Vitrificación,Jose Juan Guerrero Vargas,20689.66,4,4
total,[EX] Vitrificación,José Manuel Lozano Sánchez,34482.75,5,5
total,[EX] Vitrificación,Laura Esmeralda Gonzalez Lopez,6896.55,1,1
total,[EX] Vitrificación,Leslie Sharon Gamiño Sanchez,27586.2,4,4
total,[EX] Vitrificación,Lilia Berenice Leyva Macias,31034.48,5,5
total,[EX] Vitrificación,Mariela Elizaith Caballero Cedillo,6896.55,1,1
total,[EX] Vitrificación,Maritza Ivett Rojas Valencia,13793.1,2,2
total,[EX] Vitrificación,Marlene Lizbeth Zamora Ramirez,12413.8,2,2
total,[EX] Vitrificación,María Elena González Panzzi,18793.1,3,3
total,[EX] Vitrificación,María de los Ángeles Flores Manzur,26551.72,4,4
total,[EX] Vitrificación,Melissa Itzel Villagomez Aleman,12758.62,2,2
total,[EX] Vitrificación,Miguel Ángel Martínez Enríquez,11724.14,2,2
total,[EX] Vitrificación,Monica Olavarria,54482.75,8,8
total,[EX] Vitrificación,Monica Yazmin Olavarria Guadarrama,6896.55,1,1
total,[EX] Vitrificación,Norma Sharey Vazquez Jimenez,6896.55,1,1
total,[EX] Vitrificación,Oliver Paul Cruz Orozco,6896.55,1,1
total,[EX] Vitrificación,Perla del Rocio Baca Olivoo,6896.55,1,1
total,[EX] Vitrificación,Ruth Hernández Sánchez,34482.75,5,5
total,[EX] Vitrificación,Sofia Rodriguez Mendoza (MEFI),6896.55,1,1
total,[EX] Vitrificación,Tanya Barajas Serrano (Externa),6896.55,1,1
total,[EX] Vitrificación,Virginia Isabel Salas Valencia,6896.55,1,1
total,[EX] Vitrificación,Yazmin Ramos,89525.84,15,13
total,[EX] Vitrificación,Zaida Maria Villa Deluna,6896.55,1,1
total,[FET] Transferencia de Embrión Congelado CDMX,Armando Miguel Roque Sanchez,209051.7,5,5
total,[FET] Transferencia de Embrión Congelado CDMX,Eugenia Morán Orozco,3658275.48,98,100
total,[FET] Transferencia de Embrión Congelado CDMX,Giovanni López Salamanca,1363060.22,40,40
total,[FET] Transferencia de Embrión Congelado CDMX,Jaime Antonio Hidalgo Carrera,194396.54,5,5
total,[FET] Transferencia de Embrión Congelado CDMX,Jairo Hernando Pedraza Pinto,606271.56,16,16
total,[FET] Transferencia de Embrión Congelado CDMX,Mayella Fernández del Campo,0.0,1,1
total,[FET] Transferencia de Embrión Congelado CDMX,Ruben Gonzalez Ruiz,209051.7,5,5
total,[FET] Transferencia de Embrión Congelado GDL - MET,Carlos Parra,150905.2,6,6
total,[FET] Transferencia de Embrión Congelado GDL - MET,Guadalupe Nolazco Beltrán,0.0,12,12
total,[FET] Transferencia de Embrión Congelado GDL - MET,Jorge Michel,31465.52,1,1
total,check up integral,Alma Victoria Villarreal Barranca,3017.24,1,1
total,check up integral,Miranda Lucía Morán Morales,3017.24,1,1
total,desvitrificación CDMX,Gerardo Armando Paladino Barquera,7534.48,1,1
total,lubricante ky,Eugenia Morán Orozco,277.0,1,1
total,lubricante ky,Jairo Hernando Pedraza Pinto,1385.0,4,5
total,patología,Alma Victoria Villarreal Barranca,1551.72,1,1
total,patología,Carlos Parra,1551.72,1,1
total,patología,Giovanni López Salamanca,1551.72,1,1
total,preparación endometrial y desvitrificación,Ruben Gonzalez Ruiz,26379.31,1,1
total,Óvulos FI,Armando Miguel Roque Sanchez,0.0,2,26
total,Óvulos FI,Emma Gabriela Portillo Osorio,99000.0,1,6
total,Óvulos FI,Ericka Gabriela Yac Longoria,99000.0,1,6
total,Óvulos FI,Eugenia Morán Orozco,211200.0,3,14
total,Óvulos FI,Giovanni López Salamanca,231000.0,3,24
total,Óvulos FI,Jorge Michel,77586.21,1,6
total,Óvulos FI,Monica Olavarria,250000.0,1,10
total,Óvulos FI,Ruben Gonzalez Ruiz,155172.41,1,12
