Sede,Concepto,MesNum,Ingresos,Atenciones,Uds
CDMX,(Ex) Mensualidad criopreservación óvulos y/o embriones,1,517.24,1,1
CDMX,(Ex) Mensualidad criopreservación óvulos y/o embriones,2,0.0,0,0
CDMX,(Ex) Mensualidad criopreservación óvulos y/o embriones,3,3620.69,2,7
CDMX,(Ex) Mensualidad criopreservación óvulos y/o embriones,4,6724.14,4,13
CDMX,(Ex) Mensualidad criopreservación óvulos y/o embriones,5,1034.48,2,2
CDMX,(Ex) Mensualidad criopreservación óvulos y/o embriones,6,2068.96,2,4
CDMX,(Ex) Mensualidad criopreservación óvulos y/o embriones,7,1758.62,2,4
CDMX,(Ex) Mensualidad criopreservación óvulos y/o embriones,8,4862.07,2,10
CDMX,Almacenamiento de gametos 1 año,1,0.0,0,0
CDMX,Almacenamiento de gametos 1 año,2,0.0,0,0
CDMX,Almacenamiento de gametos 1 año,3,0.0,0,0
CDMX,Almacenamiento de gametos 1 año,4,54310.31,10,11
CDMX,Almacenamiento de gametos 1 año,5,231896.37,52,53
CDMX,Almacenamiento de gametos 1 año,6,249223.95,50,50
CDMX,Almacenamiento de gametos 1 año,7,413792.89,75,78
CDMX,Almacenamiento de gametos 1 año,8,472629.02,91,93
CDMX,Almacenamiento de gametos 5 años,1,0.0,0,0
CDMX,Almacenamiento de gametos 5 años,2,0.0,0,0
CDMX,Almacenamiento de gametos 5 años,3,0.0,0,0
CDMX,Almacenamiento de gametos 5 años,4,141465.49,10,10
CDMX,Almacenamiento de gametos 5 años,5,374999.88,29,34
CDMX,Almacenamiento de gametos 5 años,6,374999.89,27,27
CDMX,Almacenamiento de gametos 5 años,7,310344.78,21,21
CDMX,Almacenamiento de gametos 5 años,8,392672.33,34,35
CDMX,[EX] Anualidad Criopreservación de  Embriones,1,0.0,0,0
CDMX,[EX] Anualidad Criopreservación de  Embriones,2,0.0,0,0
CDMX,[EX] Anualidad Criopreservación de  Embriones,3,0.0,0,0
CDMX,[EX] Anualidad Criopreservación de  Embriones,4,0.0,0,0
CDMX,[EX] Anualidad Criopreservación de  Embriones,5,0.0,0,0
CDMX,[EX] Anualidad Criopreservación de  Embriones,6,0.0,0,0
CDMX,[EX] Anualidad Criopreservación de  Embriones,7,4310.34,1,1
CDMX,[EX] Anualidad Criopreservación de  Embriones,8,0.0,0,0
CDMX,(EX) EmbryoScope Kit,1,0.0,0,0
CDMX,(EX) EmbryoScope Kit,2,0.0,0,0
CDMX,(EX) EmbryoScope Kit,3,0.0,0,0
CDMX,(EX) EmbryoScope Kit,4,0.0,0,0
CDMX,(EX) EmbryoScope Kit,5,10344.83,2,2
CDMX,(EX) EmbryoScope Kit,6,10344.84,3,3
CDMX,(EX) EmbryoScope Kit,7,6896.56,2,2
CDMX,(EX) EmbryoScope Kit,8,6896.55,2,2
CDMX,Congelamiento de embriones CDMX,1,881031.1,10,10
CDMX,Congelamiento de embriones CDMX,2,750172.36,9,9
CDMX,Congelamiento de embriones CDMX,3,405603.46,4,4
CDMX,Congelamiento de embriones CDMX,4,462500.74,6,6
CDMX,Congelamiento de embriones CDMX,5,223275.87,2,2
CDMX,Congelamiento de embriones CDMX,6,98275.86,1,1
CDMX,Congelamiento de embriones CDMX,7,0.0,0,0
CDMX,Congelamiento de embriones CDMX,8,165517.24,2,2
CDMX,Congelamiento de semen (por depósito) CDMX,1,0.0,0,0
CDMX,Congelamiento de semen (por depósito) CDMX,2,0.0,0,0
CDMX,Congelamiento de semen (por depósito) CDMX,3,4310.34,1,1
CDMX,Congelamiento de semen (por depósito) CDMX,4,0.0,0,0
CDMX,Congelamiento de semen (por depósito) CDMX,5,0.0,0,0
CDMX,Congelamiento de semen (por depósito) CDMX,6,0.0,0,0
CDMX,Congelamiento de semen (por depósito) CDMX,7,4310.34,1,1
CDMX,Congelamiento de semen (por depósito) CDMX,8,4525.86,1,1
CDMX,Congelamiento de semen (por depósito) CDMX - GDL - MET,1,20689.65,2,5
CDMX,Congelamiento de semen (por depósito) CDMX - GDL - MET,2,30172.39,6,7
CDMX,Congelamiento de semen (por depósito) CDMX - GDL - MET,3,91810.26,20,22
CDMX,Congelamiento de semen (por depósito) CDMX - GDL - MET,4,8620.68,2,2
CDMX,Congelamiento de semen (por depósito) CDMX - GDL - MET,5,0.0,0,0
CDMX,Congelamiento de semen (por depósito) CDMX - GDL - MET,6,16810.33,4,4
CDMX,Congelamiento de semen (por depósito) CDMX - GDL - MET,7,21551.94,4,5
CDMX,Congelamiento de semen (por depósito) CDMX - GDL - MET,8,25862.07,7,7
CDMX,Congelamiento de óvulos CDMX,1,256035.07,4,4
CDMX,Congelamiento de óvulos CDMX,2,279741.39,4,4
CDMX,Congelamiento de óvulos CDMX,3,271336.21,4,4
CDMX,Congelamiento de óvulos CDMX,4,609913.81,9,9
CDMX,Congelamiento de óvulos CDMX,5,1348922.38,20,20
CDMX,Congelamiento de óvulos CDMX,6,993318.95,15,15
CDMX,Congelamiento de óvulos CDMX,7,765301.73,12,12
CDMX,Congelamiento de óvulos CDMX,8,555818.97,8,8
CDMX,Desvitrificación,1,0.0,0,0
CDMX,Desvitrificación,2,0.0,0,0
CDMX,Desvitrificación,3,8620.69,1,1
CDMX,Desvitrificación,4,8620.69,1,1
CDMX,Desvitrificación,5,0.0,0,0
CDMX,Desvitrificación,6,6896.55,1,1
CDMX,Desvitrificación,7,8620.69,1,1
CDMX,Desvitrificación,8,0.0,0,0
CDMX,Desvitrificación (4 cryotops),1,78924.57,6,6
CDMX,Desvitrificación (4 cryotops),2,26982.76,2,2
CDMX,Desvitrificación (4 cryotops),3,25633.62,2,2
CDMX,Desvitrificación (4 cryotops),4,13491.38,1,1
CDMX,Desvitrificación (4 cryotops),5,13491.38,1,1
CDMX,Desvitrificación (4 cryotops),6,13491.38,1,1
CDMX,Desvitrificación (4 cryotops),7,0.0,0,0
CDMX,Desvitrificación (4 cryotops),8,40474.14,3,3
CDMX,EmbryoScope Kit Interno,1,0.0,0,0
CDMX,EmbryoScope Kit Interno,2,0.0,0,0
CDMX,EmbryoScope Kit Interno,3,0.0,0,0
CDMX,EmbryoScope Kit Interno,4,0.0,0,0
CDMX,EmbryoScope Kit Interno,5,17241.38,2,2
CDMX,EmbryoScope Kit Interno,6,25862.07,3,3
CDMX,EmbryoScope Kit Interno,7,36637.93,5,5
CDMX,EmbryoScope Kit Interno,8,17241.38,4,4
CDMX,Vitrificación de óvulos/embriones - CDMX,1,48400.86,3,3
CDMX,Vitrificación de óvulos/embriones - CDMX,2,16982.76,2,2
CDMX,Vitrificación de óvulos/embriones - CDMX,3,0.0,0,0
CDMX,Vitrificación de óvulos/embriones - CDMX,4,16982.76,1,1
CDMX,Vitrificación de óvulos/embriones - CDMX,5,0.0,0,0
CDMX,Vitrificación de óvulos/embriones - CDMX,6,0.0,0,0
CDMX,Vitrificación de óvulos/embriones - CDMX,7,0.0,0,0
CDMX,Vitrificación de óvulos/embriones - CDMX,8,16982.76,1,1
CDMX,[EX] Captura+ Vitrificacion de ovocitos CDMX,1,74181.06,3,3
CDMX,[EX] Captura+ Vitrificacion de ovocitos CDMX,2,340279.85,14,14
CDMX,[EX] Captura+ Vitrificacion de ovocitos CDMX,3,135788.52,6,6
CDMX,[EX] Captura+ Vitrificacion de ovocitos CDMX,4,195054.05,8,8
CDMX,[EX] Captura+ Vitrificacion de ovocitos CDMX,5,166454.22,7,7
CDMX,[EX] Captura+ Vitrificacion de ovocitos CDMX,6,325894.93,13,13
CDMX,[EX] Captura+ Vitrificacion de ovocitos CDMX,7,162963.88,7,7
CDMX,[EX] Captura+ Vitrificacion de ovocitos CDMX,8,160258.95,8,8
CDMX,[EX] Desvitrificación CDMX,1,18913.79,3,3
CDMX,[EX] Desvitrificación CDMX,2,36836.2,5,5
CDMX,[EX] Desvitrificación CDMX,3,23793.09,3,3
CDMX,[EX] Desvitrificación CDMX,4,7931.03,1,1
CDMX,[EX] Desvitrificación CDMX,5,0.0,1,1
CDMX,[EX] Desvitrificación CDMX,6,6751.45,1,1
CDMX,[EX] Desvitrificación CDMX,7,7931.03,1,1
CDMX,[EX] Desvitrificación CDMX,8,21340.99,5,5
CDMX,"[EX] Desvitrificación de óvulos congelados, Fertilización + Transferencia en fresco CDMX",1,0.0,0,0
CDMX,"[EX] Desvitrificación de óvulos congelados, Fertilización + Transferencia en fresco CDMX",2,0.0,0,0
CDMX,"[EX] Desvitrificación de óvulos congelados, Fertilización + Transferencia en fresco CDMX",3,0.0,0,0
CDMX,"[EX] Desvitrificación de óvulos congelados, Fertilización + Transferencia en fresco CDMX",4,0.0,0,0
CDMX,"[EX] Desvitrificación de óvulos congelados, Fertilización + Transferencia en fresco CDMX",5,0.0,0,0
CDMX,"[EX] Desvitrificación de óvulos congelados, Fertilización + Transferencia en fresco CDMX",6,19008.62,1,1
CDMX,"[EX] Desvitrificación de óvulos congelados, Fertilización + Transferencia en fresco CDMX",7,0.0,0,0
CDMX,"[EX] Desvitrificación de óvulos congelados, Fertilización + Transferencia en fresco CDMX",8,21120.69,1,1
CDMX,[EX] Vitrificación,1,34310.35,6,6
CDMX,[EX] Vitrificación,2,88941.0,15,15
CDMX,[EX] Vitrificación,3,108965.49,16,16
CDMX,[EX] Vitrificación,4,107847.41,16,16
CDMX,[EX] Vitrificación,5,108589.0,16,16
CDMX,[EX] Vitrificación,6,64146.68,10,10
CDMX,[EX] Vitrificación,7,77198.27,14,14
CDMX,[EX] Vitrificación,8,84074.6,15,15
CDMX,Check up ginecologico,1,0.0,0,0
CDMX,Check up ginecologico,2,0.0,0,0
CDMX,Check up ginecologico,3,0.0,0,0
CDMX,Check up ginecologico,4,1724.14,1,1
CDMX,Check up ginecologico,5,17413.79,12,12
CDMX,Check up ginecologico,6,16810.34,12,12
CDMX,Check up ginecologico,7,19396.54,13,13
CDMX,Check up ginecologico,8,16211.2,12,12
CDMX,check up integral,1,0.0,0,0
CDMX,check up integral,2,0.0,0,0
CDMX,check up integral,3,0.0,0,0
CDMX,check up integral,4,0.0,0,0
CDMX,check up integral,5,0.0,0,0
CDMX,check up integral,6,0.0,0,0
CDMX,check up integral,7,0.0,0,0
CDMX,check up integral,8,6034.48,2,2
CDMX,Consulta primera vez SOP,1,0.0,0,0
CDMX,Consulta primera vez SOP,2,0.0,0,0
CDMX,Consulta primera vez SOP,3,0.0,0,0
CDMX,Consulta primera vez SOP,4,1551.72,1,1
CDMX,Consulta primera vez SOP,5,13965.48,9,9
CDMX,Consulta primera vez SOP,6,1551.72,1,1
CDMX,Consulta primera vez SOP,7,3103.44,2,2
CDMX,Consulta primera vez SOP,8,1551.72,1,1
CDMX,Colocacion DIU Mirena [Consultorio],1,0.0,0,0
CDMX,Colocacion DIU Mirena [Consultorio],2,0.0,0,0
CDMX,Colocacion DIU Mirena [Consultorio],3,0.0,0,0
CDMX,Colocacion DIU Mirena [Consultorio],4,0.0,0,0
CDMX,Colocacion DIU Mirena [Consultorio],5,6465.52,1,1
CDMX,Colocacion DIU Mirena [Consultorio],6,6465.52,1,1
CDMX,Colocacion DIU Mirena [Consultorio],7,6465.52,1,1
CDMX,Colocacion DIU Mirena [Consultorio],8,0.0,0,0
CDMX,Colocacion DIU PLATA,1,0.0,0,0
CDMX,Colocacion DIU PLATA,2,0.0,0,0
CDMX,Colocacion DIU PLATA,3,0.0,0,0
CDMX,Colocacion DIU PLATA,4,0.0,0,0
CDMX,Colocacion DIU PLATA,5,0.0,0,0
CDMX,Colocacion DIU PLATA,6,0.0,0,0
CDMX,Colocacion DIU PLATA,7,3017.24,1,1
CDMX,Colocacion DIU PLATA,8,0.0,0,0
CDMX,Cita primera vez IPS,1,0.0,0,0
CDMX,Cita primera vez IPS,2,5172.42,6,6
CDMX,Cita primera vez IPS,3,1724.14,2,2
CDMX,Cita primera vez IPS,4,3448.28,3,4
CDMX,Cita primera vez IPS,5,1724.14,2,2
CDMX,Cita primera vez IPS,6,3448.28,4,4
CDMX,Cita primera vez IPS,7,2586.21,3,3
CDMX,Cita primera vez IPS,8,8620.7,12,12
CDMX,Consulta de primera vez,1,0.0,0,0
CDMX,Consulta de primera vez,2,0.0,0,0
CDMX,Consulta de primera vez,3,0.0,0,0
CDMX,Consulta de primera vez,4,5172.42,5,5
CDMX,Consulta de primera vez,5,26293.06,22,22
CDMX,Consulta de primera vez,6,52199.06,53,51
CDMX,Consulta de primera vez,7,43319.32,38,38
CDMX,Consulta de primera vez,8,76896.46,91,91
CDMX,Check up Fertilidad Hombres,1,0.0,0,0
CDMX,Check up Fertilidad Hombres,2,0.0,0,0
CDMX,Check up Fertilidad Hombres,3,0.0,0,0
CDMX,Check up Fertilidad Hombres,4,0.0,0,0
CDMX,Check up Fertilidad Hombres,5,1896.55,1,1
CDMX,Check up Fertilidad Hombres,6,1896.55,1,1
CDMX,Check up Fertilidad Hombres,7,1616.38,1,1
CDMX,Check up Fertilidad Hombres,8,2155.17,1,1
CDMX,Check up Fertilidad Hombres GDL,1,0.0,0,0
CDMX,Check up Fertilidad Hombres GDL,2,0.0,0,0
CDMX,Check up Fertilidad Hombres GDL,3,0.0,0,0
CDMX,Check up Fertilidad Hombres GDL,4,0.0,0,0
CDMX,Check up Fertilidad Hombres GDL,5,0.0,0,0
CDMX,Check up Fertilidad Hombres GDL,6,0.0,0,0
CDMX,Check up Fertilidad Hombres GDL,7,2155.17,1,1
CDMX,Check up Fertilidad Hombres GDL,8,8362.06,4,4
CDMX,Check up Fertilidad Mujeres,1,0.0,0,0
CDMX,Check up Fertilidad Mujeres,2,0.0,0,0
CDMX,Check up Fertilidad Mujeres,3,0.0,0,0
CDMX,Check up Fertilidad Mujeres,4,1465.52,1,1
CDMX,Check up Fertilidad Mujeres,5,74051.71,43,43
CDMX,Check up Fertilidad Mujeres,6,104965.43,58,58
CDMX,Check up Fertilidad Mujeres,7,67991.32,37,37
CDMX,Check up Fertilidad Mujeres,8,60575.81,32,32
CDMX,Check up Fertilidad Parejas,1,0.0,0,0
CDMX,Check up Fertilidad Parejas,2,0.0,0,0
CDMX,Check up Fertilidad Parejas,3,0.0,0,0
CDMX,Check up Fertilidad Parejas,4,3017.24,1,1
CDMX,Check up Fertilidad Parejas,5,33879.3,11,11
CDMX,Check up Fertilidad Parejas,6,63137.91,23,23
CDMX,Check up Fertilidad Parejas,7,50172.39,17,17
CDMX,Check up Fertilidad Parejas,8,45258.6,16,16
CDMX,Consulta subsecuente,1,7241.36,5,5
CDMX,Consulta subsecuente,2,1422.41,1,1
CDMX,Consulta subsecuente,3,5689.64,4,4
CDMX,Consulta subsecuente,4,4267.23,3,3
CDMX,Consulta subsecuente,5,1422.41,1,1
CDMX,Consulta subsecuente,6,1422.41,1,1
CDMX,Consulta subsecuente,7,2844.82,2,2
CDMX,Consulta subsecuente,8,0.0,0,0
CDMX,Uso de consultorio1hr con US,1,0.0,0,0
CDMX,Uso de consultorio1hr con US,2,2241.37,3,4
CDMX,Uso de consultorio1hr con US,3,1120.68,2,2
CDMX,Uso de consultorio1hr con US,4,0.0,0,0
CDMX,Uso de consultorio1hr con US,5,560.34,1,1
CDMX,Uso de consultorio1hr con US,6,560.34,1,1
CDMX,Uso de consultorio1hr con US,7,1120.68,2,2
CDMX,Uso de consultorio1hr con US,8,560.34,1,1
CDMX,ASPIRINA PROTEC 100MG 28 TAB,1,0.0,0,0
CDMX,ASPIRINA PROTEC 100MG 28 TAB,2,6225.6,26,26
CDMX,ASPIRINA PROTEC 100MG 28 TAB,3,17011.2,72,72
CDMX,ASPIRINA PROTEC 100MG 28 TAB,4,16065.6,65,67
CDMX,ASPIRINA PROTEC 100MG 28 TAB,5,15345.6,65,65
CDMX,ASPIRINA PROTEC 100MG 28 TAB,6,14075.6,59,59
CDMX,ASPIRINA PROTEC 100MG 28 TAB,7,15091.2,62,63
CDMX,ASPIRINA PROTEC 100MG 28 TAB,8,10771.2,49,49
CDMX,CUERPO AMARILLO FTE 6X2 50ML/2MG AMP (PROGESTERONA),1,0.0,0,0
CDMX,CUERPO AMARILLO FTE 6X2 50ML/2MG AMP (PROGESTERONA),2,23329.98,14,23
CDMX,CUERPO AMARILLO FTE 6X2 50ML/2MG AMP (PROGESTERONA),3,65088.0,43,64
CDMX,CUERPO AMARILLO FTE 6X2 50ML/2MG AMP (PROGESTERONA),4,65088.0,46,64
CDMX,CUERPO AMARILLO FTE 6X2 50ML/2MG AMP (PROGESTERONA),5,45765.0,31,45
CDMX,CUERPO AMARILLO FTE 6X2 50ML/2MG AMP (PROGESTERONA),6,52884.0,37,52
CDMX,CUERPO AMARILLO FTE 6X2 50ML/2MG AMP (PROGESTERONA),7,64071.0,38,64
CDMX,CUERPO AMARILLO FTE 6X2 50ML/2MG AMP (PROGESTERONA),8,56952.0,46,70
CDMX,Ceftriaxona,1,0.0,0,0
CDMX,Ceftriaxona,2,0.0,0,0
CDMX,Ceftriaxona,3,0.0,0,0
CDMX,Ceftriaxona,4,0.0,0,0
CDMX,Ceftriaxona,5,0.0,0,0
CDMX,Ceftriaxona,6,0.0,0,0
CDMX,Ceftriaxona,7,0.0,0,0
CDMX,Ceftriaxona,8,300.0,1,1
CDMX,Cetrotide 0.25mg,1,336698.0,119,261
CDMX,Cetrotide 0.25mg,2,269818.56,93,200
CDMX,Cetrotide 0.25mg,3,241228.16,82,189
CDMX,Cetrotide 0.25mg,4,229631.68,86,176
CDMX,Cetrotide 0.25mg,5,302951.36,99,228
CDMX,Cetrotide 0.25mg,6,203339.2,71,156
CDMX,Cetrotide 0.25mg,7,244300.96,73,184
CDMX,Cetrotide 0.25mg,8,231368.48,89,188
CDMX,DUPHASTON 10 MG 20 TAB,1,0.0,0,0
CDMX,DUPHASTON 10 MG 20 TAB,2,0.0,0,0
CDMX,DUPHASTON 10 MG 20 TAB,3,0.0,0,0
CDMX,DUPHASTON 10 MG 20 TAB,4,0.0,0,0
CDMX,DUPHASTON 10 MG 20 TAB,5,0.0,0,0
CDMX,DUPHASTON 10 MG 20 TAB,6,3750.0,4,5
CDMX,DUPHASTON 10 MG 20 TAB,7,2250.0,2,3
CDMX,DUPHASTON 10 MG 20 TAB,8,2250.0,2,3
CDMX,GONAL-F PEN2.0 - 300IU,1,0.0,0,0
CDMX,GONAL-F PEN2.0 - 300IU,2,25486.0,5,10
CDMX,GONAL-F PEN2.0 - 300IU,3,82091.0,16,16
CDMX,GONAL-F PEN2.0 - 300IU,4,98241.0,18,19
CDMX,GONAL-F PEN2.0 - 300IU,5,132000.0,21,24
CDMX,GONAL-F PEN2.0 - 300IU,6,82170.0,14,15
CDMX,GONAL-F PEN2.0 - 300IU,7,92510.0,13,17
CDMX,GONAL-F PEN2.0 - 300IU,8,82500.0,12,15
CDMX,GONAL-F PEN2.0 - 900IU,1,0.0,0,0
CDMX,GONAL-F PEN2.0 - 900IU,2,216954.0,12,17
CDMX,GONAL-F PEN2.0 - 900IU,3,560762.28,35,45
CDMX,GONAL-F PEN2.0 - 900IU,4,641774.28,43,51
CDMX,GONAL-F PEN2.0 - 900IU,5,652743.0,43,48
CDMX,GONAL-F PEN2.0 - 900IU,6,489762.0,29,36
CDMX,GONAL-F PEN2.0 - 900IU,7,432705.0,25,32
CDMX,GONAL-F PEN2.0 - 900IU,8,516243.0,31,39
CDMX,Gonapeptyl Daily 0.1 (por ampolla),1,35581.0,39,82
CDMX,Gonapeptyl Daily 0.1 (por ampolla),2,28476.0,30,63
CDMX,Gonapeptyl Daily 0.1 (por ampolla),3,25764.0,30,59
CDMX,Gonapeptyl Daily 0.1 (por ampolla),4,31976.0,34,72
CDMX,Gonapeptyl Daily 0.1 (por ampolla),5,34502.4,36,74
CDMX,Gonapeptyl Daily 0.1 (por ampolla),6,38822.4,33,81
CDMX,Gonapeptyl Daily 0.1 (por ampolla),7,40147.2,35,85
CDMX,Gonapeptyl Daily 0.1 (por ampolla),8,33062.4,35,77
CDMX,LAB - RI WITNESS RFDI PATIENT ID CARDS 6-70-100/50 (PAQUETE 50 PZAS),1,0.0,0,0
CDMX,LAB - RI WITNESS RFDI PATIENT ID CARDS 6-70-100/50 (PAQUETE 50 PZAS),2,0.0,0,0
CDMX,LAB - RI WITNESS RFDI PATIENT ID CARDS 6-70-100/50 (PAQUETE 50 PZAS),3,0.0,0,0
CDMX,LAB - RI WITNESS RFDI PATIENT ID CARDS 6-70-100/50 (PAQUETE 50 PZAS),4,0.0,0,0
CDMX,LAB - RI WITNESS RFDI PATIENT ID CARDS 6-70-100/50 (PAQUETE 50 PZAS),5,0.0,0,0
CDMX,LAB - RI WITNESS RFDI PATIENT ID CARDS 6-70-100/50 (PAQUETE 50 PZAS),6,0.0,0,0
CDMX,LAB - RI WITNESS RFDI PATIENT ID CARDS 6-70-100/50 (PAQUETE 50 PZAS),7,0.0,0,0
CDMX,LAB - RI WITNESS RFDI PATIENT ID CARDS 6-70-100/50 (PAQUETE 50 PZAS),8,431.03,1,1
CDMX,LEVONORGESTREL/ ETINILESTRADIOL 0.15/0.03MG 21 TAB (MICROGYNON),1,0.0,0,0
CDMX,LEVONORGESTREL/ ETINILESTRADIOL 0.15/0.03MG 21 TAB (MICROGYNON),2,414.0,1,1
CDMX,LEVONORGESTREL/ ETINILESTRADIOL 0.15/0.03MG 21 TAB (MICROGYNON),3,1242.0,3,3
CDMX,LEVONORGESTREL/ ETINILESTRADIOL 0.15/0.03MG 21 TAB (MICROGYNON),4,3312.0,8,8
CDMX,LEVONORGESTREL/ ETINILESTRADIOL 0.15/0.03MG 21 TAB (MICROGYNON),5,2898.0,6,7
CDMX,LEVONORGESTREL/ ETINILESTRADIOL 0.15/0.03MG 21 TAB (MICROGYNON),6,828.0,2,2
CDMX,LEVONORGESTREL/ ETINILESTRADIOL 0.15/0.03MG 21 TAB (MICROGYNON),7,828.0,3,3
CDMX,LEVONORGESTREL/ ETINILESTRADIOL 0.15/0.03MG 21 TAB (MICROGYNON),8,828.0,2,2
CDMX,Letz 2.5mg,1,4060.0,9,9
CDMX,Letz 2.5mg,2,5600.0,8,8
CDMX,Letz 2.5mg,3,5600.0,7,7
CDMX,Letz 2.5mg,4,1600.0,2,2
CDMX,Letz 2.5mg,5,4800.0,6,6
CDMX,Letz 2.5mg,6,3200.0,4,4
CDMX,Letz 2.5mg,7,2400.0,3,3
CDMX,Letz 2.5mg,8,12704.0,16,17
CDMX,MOMENTS 50 MG 30 TABc,1,0.0,0,0
CDMX,MOMENTS 50 MG 30 TABc,2,0.0,0,0
CDMX,MOMENTS 50 MG 30 TABc,3,950.0,1,1
CDMX,MOMENTS 50 MG 30 TABc,4,950.0,1,1
CDMX,MOMENTS 50 MG 30 TABc,5,2850.0,3,3
CDMX,MOMENTS 50 MG 30 TABc,6,0.0,0,0
CDMX,MOMENTS 50 MG 30 TABc,7,950.0,1,1
CDMX,MOMENTS 50 MG 30 TABc,8,1900.0,2,2
CDMX,Merapur 75 UI (por ampolla),1,341367.0,112,443
CDMX,Merapur 75 UI (por ampolla),2,348641.16,105,441
CDMX,Merapur 75 UI (por ampolla),3,269493.7,96,351
CDMX,Merapur 75 UI (por ampolla),4,373945.92,110,479
CDMX,Merapur 75 UI (por ampolla),5,450963.0,118,512
CDMX,Merapur 75 UI (por ampolla),6,269029.2,73,308
CDMX,Merapur 75 UI (por ampolla),7,313351.2,82,354
CDMX,Merapur 75 UI (por ampolla),8,378089.8,89,441
CDMX,OESTROGEL .0.06 / 100 G (ESTRADIOL EN GEL),1,0.0,0,0
CDMX,OESTROGEL .0.06 / 100 G (ESTRADIOL EN GEL),2,4500.0,3,5
CDMX,OESTROGEL .0.06 / 100 G (ESTRADIOL EN GEL),3,14400.0,8,17
CDMX,OESTROGEL .0.06 / 100 G (ESTRADIOL EN GEL),4,9900.0,11,12
CDMX,OESTROGEL .0.06 / 100 G (ESTRADIOL EN GEL),5,4500.0,5,5
CDMX,OESTROGEL .0.06 / 100 G (ESTRADIOL EN GEL),6,8100.0,8,9
CDMX,OESTROGEL .0.06 / 100 G (ESTRADIOL EN GEL),7,13500.0,13,15
CDMX,OESTROGEL .0.06 / 100 G (ESTRADIOL EN GEL),8,4500.0,5,6
CDMX,OVIDREL F-PEN 250MCG - PLUMAS,1,0.0,0,0
CDMX,OVIDREL F-PEN 250MCG - PLUMAS,2,26745.0,12,13
CDMX,OVIDREL F-PEN 250MCG - PLUMAS,3,56781.0,28,28
CDMX,OVIDREL F-PEN 250MCG - PLUMAS,4,51707.0,25,25
CDMX,OVIDREL F-PEN 250MCG - PLUMAS,5,77409.0,33,33
CDMX,OVIDREL F-PEN 250MCG - PLUMAS,6,49350.0,21,21
CDMX,OVIDREL F-PEN 250MCG - PLUMAS,7,70077.0,29,30
CDMX,OVIDREL F-PEN 250MCG - PLUMAS,8,85634.0,39,40
CDMX,PERGOVERIS PEN 300/150IU,1,0.0,0,0
CDMX,PERGOVERIS PEN 300/150IU,2,0.0,0,0
CDMX,PERGOVERIS PEN 300/150IU,3,21532.0,4,4
CDMX,PERGOVERIS PEN 300/150IU,4,16616.0,3,3
CDMX,PERGOVERIS PEN 300/150IU,5,11700.0,1,2
CDMX,PERGOVERIS PEN 300/150IU,6,11700.0,2,2
CDMX,PERGOVERIS PEN 300/150IU,7,17550.0,2,3
CDMX,PERGOVERIS PEN 300/150IU,8,0.0,0,0
CDMX,PERGOVERIS PEN 450/225IU,1,0.0,0,0
CDMX,PERGOVERIS PEN 450/225IU,2,0.0,0,0
CDMX,PERGOVERIS PEN 450/225IU,3,7661.0,3,3
CDMX,PERGOVERIS PEN 450/225IU,4,0.0,0,0
CDMX,PERGOVERIS PEN 450/225IU,5,0.0,0,0
CDMX,PERGOVERIS PEN 450/225IU,6,16600.0,1,2
CDMX,PERGOVERIS PEN 450/225IU,7,24900.0,3,3
CDMX,PERGOVERIS PEN 450/225IU,8,57104.0,7,8
CDMX,PERGOVERIS PEN 900/450IU,1,0.0,0,0
CDMX,PERGOVERIS PEN 900/450IU,2,28358.0,3,3
CDMX,PERGOVERIS PEN 900/450IU,3,218265.0,10,16
CDMX,PERGOVERIS PEN 900/450IU,4,276469.0,12,21
CDMX,PERGOVERIS PEN 900/450IU,5,303000.0,15,20
CDMX,PERGOVERIS PEN 900/450IU,6,287850.0,13,19
CDMX,PERGOVERIS PEN 900/450IU,7,605091.0,28,40
CDMX,PERGOVERIS PEN 900/450IU,8,480861.0,24,40
CDMX,PREDNISONA 20 MG C/30 TAB (METICORTEN) ASPEN,1,0.0,0,0
CDMX,PREDNISONA 20 MG C/30 TAB (METICORTEN) ASPEN,2,0.0,0,0
CDMX,PREDNISONA 20 MG C/30 TAB (METICORTEN) ASPEN,3,0.0,0,0
CDMX,PREDNISONA 20 MG C/30 TAB (METICORTEN) ASPEN,4,0.0,0,0
CDMX,PREDNISONA 20 MG C/30 TAB (METICORTEN) ASPEN,5,0.0,0,0
CDMX,PREDNISONA 20 MG C/30 TAB (METICORTEN) ASPEN,6,750.0,1,1
CDMX,PREDNISONA 20 MG C/30 TAB (METICORTEN) ASPEN,7,1500.0,2,2
CDMX,PREDNISONA 20 MG C/30 TAB (METICORTEN) ASPEN,8,0.0,1,1
CDMX,PRIMOGYN 2 MG C/28 GRAG,1,0.0,0,0
CDMX,PRIMOGYN 2 MG C/28 GRAG,2,100760.0,39,105
CDMX,PRIMOGYN 2 MG C/28 GRAG,3,304560.0,115,308
CDMX,PRIMOGYN 2 MG C/28 GRAG,4,188940.0,74,192
CDMX,PRIMOGYN 2 MG C/28 GRAG,5,207760.0,86,210
CDMX,PRIMOGYN 2 MG C/28 GRAG,6,241940.0,96,242
CDMX,PRIMOGYN 2 MG C/28 GRAG,7,253000.0,104,253
CDMX,PRIMOGYN 2 MG C/28 GRAG,8,240700.0,106,263
CDMX,REGENESIX MAX CAPSULAS,1,0.0,0,0
CDMX,REGENESIX MAX CAPSULAS,2,0.0,0,0
CDMX,REGENESIX MAX CAPSULAS,3,0.0,0,0
CDMX,REGENESIX MAX CAPSULAS,4,0.0,0,0
CDMX,REGENESIX MAX CAPSULAS,5,0.0,0,0
CDMX,REGENESIX MAX CAPSULAS,6,0.0,0,0
CDMX,REGENESIX MAX CAPSULAS,7,0.0,0,0
CDMX,REGENESIX MAX CAPSULAS,8,800.0,1,1
CDMX,REKOVELLE SOL FOR INJ 36MCG/1.08ML CON 6 AGUJA,1,0.0,0,0
CDMX,REKOVELLE SOL FOR INJ 36MCG/1.08ML CON 6 AGUJA,2,19696.0,2,2
CDMX,REKOVELLE SOL FOR INJ 36MCG/1.08ML CON 6 AGUJA,3,19696.0,2,2
CDMX,REKOVELLE SOL FOR INJ 36MCG/1.08ML CON 6 AGUJA,4,0.0,0,0
CDMX,REKOVELLE SOL FOR INJ 36MCG/1.08ML CON 6 AGUJA,5,9848.0,1,1
CDMX,REKOVELLE SOL FOR INJ 36MCG/1.08ML CON 6 AGUJA,6,9848.0,1,1
CDMX,REKOVELLE SOL FOR INJ 36MCG/1.08ML CON 6 AGUJA,7,29544.0,3,3
CDMX,REKOVELLE SOL FOR INJ 36MCG/1.08ML CON 6 AGUJA,8,19696.0,2,2
CDMX,REKOVELLE SOL FOR INJ 72MCG/2.16ML CON 9 AGUJA,1,0.0,0,0
CDMX,REKOVELLE SOL FOR INJ 72MCG/2.16ML CON 9 AGUJA,2,39216.0,2,2
CDMX,REKOVELLE SOL FOR INJ 72MCG/2.16ML CON 9 AGUJA,3,39216.0,2,2
CDMX,REKOVELLE SOL FOR INJ 72MCG/2.16ML CON 9 AGUJA,4,39216.0,2,2
CDMX,REKOVELLE SOL FOR INJ 72MCG/2.16ML CON 9 AGUJA,5,18300.0,1,1
CDMX,REKOVELLE SOL FOR INJ 72MCG/2.16ML CON 9 AGUJA,6,54900.0,3,3
CDMX,REKOVELLE SOL FOR INJ 72MCG/2.16ML CON 9 AGUJA,7,73200.0,4,4
CDMX,REKOVELLE SOL FOR INJ 72MCG/2.16ML CON 9 AGUJA,8,18300.0,1,1
CDMX,SUPLEMENTO - FORCELL DUO,1,0.0,0,0
CDMX,SUPLEMENTO - FORCELL DUO,2,2194.14,2,2
CDMX,SUPLEMENTO - FORCELL DUO,3,0.0,0,0
CDMX,SUPLEMENTO - FORCELL DUO,4,4524.0,3,4
CDMX,SUPLEMENTO - FORCELL DUO,5,3393.0,3,3
CDMX,SUPLEMENTO - FORCELL DUO,6,1131.0,1,1
CDMX,SUPLEMENTO - FORCELL DUO,7,3393.0,3,3
CDMX,SUPLEMENTO - FORCELL DUO,8,7849.14,7,7
CDMX,SUPLEMENTO - FORCELL FEM,1,0.0,0,0
CDMX,SUPLEMENTO - FORCELL FEM,2,1736.3,2,2
CDMX,SUPLEMENTO - FORCELL FEM,3,0.0,0,0
CDMX,SUPLEMENTO - FORCELL FEM,4,2685.0,2,3
CDMX,SUPLEMENTO - FORCELL FEM,5,2685.0,3,3
CDMX,SUPLEMENTO - FORCELL FEM,6,895.0,1,1
CDMX,SUPLEMENTO - FORCELL FEM,7,3580.0,3,4
CDMX,SUPLEMENTO - FORCELL FEM,8,4475.0,5,5
CDMX,SUPLEMENTO - FORCELL MEN,1,0.0,0,0
CDMX,SUPLEMENTO - FORCELL MEN,2,2362.0,1,1
CDMX,SUPLEMENTO - FORCELL MEN,3,0.0,0,0
CDMX,SUPLEMENTO - FORCELL MEN,4,0.0,0,0
CDMX,SUPLEMENTO - FORCELL MEN,5,7086.0,3,3
CDMX,SUPLEMENTO - FORCELL MEN,6,2362.0,1,1
CDMX,SUPLEMENTO - FORCELL MEN,7,2362.0,1,1
CDMX,SUPLEMENTO - FORCELL MEN,8,14172.0,6,6
CDMX,UTROGESTAN 200 MG 14 CÁPSULAS,1,0.0,0,0
CDMX,UTROGESTAN 200 MG 14 CÁPSULAS,2,89964.0,41,133
CDMX,UTROGESTAN 200 MG 14 CÁPSULAS,3,258300.0,106,375
CDMX,UTROGESTAN 200 MG 14 CÁPSULAS,4,174958.0,80,256
CDMX,UTROGESTAN 200 MG 14 CÁPSULAS,5,169974.0,69,243
CDMX,UTROGESTAN 200 MG 14 CÁPSULAS,6,168616.0,71,241
CDMX,UTROGESTAN 200 MG 14 CÁPSULAS,7,172900.0,80,250
CDMX,UTROGESTAN 200 MG 14 CÁPSULAS,8,167216.0,85,266
CDMX,Histerosonografía,1,5775.86,2,2
CDMX,Histerosonografía,2,2887.93,1,1
CDMX,Histerosonografía,3,6034.48,2,2
CDMX,Histerosonografía,4,6034.48,2,2
CDMX,Histerosonografía,5,3017.24,1,1
CDMX,Histerosonografía,6,9051.72,3,3
CDMX,Histerosonografía,7,6034.48,2,2
CDMX,Histerosonografía,8,3017.24,3,3
CDMX,Ultrasonido,1,29741.31,21,24
CDMX,Ultrasonido,2,33879.25,23,27
CDMX,Ultrasonido,3,33620.6,26,26
CDMX,Ultrasonido,4,33620.6,26,26
CDMX,Ultrasonido,5,46551.6,36,36
CDMX,Ultrasonido,6,42672.3,33,33
CDMX,Ultrasonido,7,55603.31,42,44
CDMX,Ultrasonido,8,32887.84,29,29
CDMX,Espermocultivo,1,1448.28,6,6
CDMX,Espermocultivo,2,1448.28,3,3
CDMX,Espermocultivo,3,1931.04,5,5
CDMX,Espermocultivo,4,2413.8,5,5
CDMX,Espermocultivo,5,1301.73,2,2
CDMX,Espermocultivo,6,1637.94,2,2
CDMX,Espermocultivo,7,3275.88,6,6
CDMX,Espermocultivo,8,2456.91,3,3
CDMX,Cultivo de Exudado Vaginal,1,3922.38,7,7
CDMX,Cultivo de Exudado Vaginal,2,1681.02,3,3
CDMX,Cultivo de Exudado Vaginal,3,1120.68,2,2
CDMX,Cultivo de Exudado Vaginal,4,3362.04,6,6
CDMX,Cultivo de Exudado Vaginal,5,1120.68,3,3
CDMX,Cultivo de Exudado Vaginal,6,4482.72,8,8
CDMX,Cultivo de Exudado Vaginal,7,5603.4,10,10
CDMX,Cultivo de Exudado Vaginal,8,2801.7,5,5
CDMX,Cultivo de orina,1,0.0,0,0
CDMX,Cultivo de orina,2,0.0,0,0
CDMX,Cultivo de orina,3,474.14,1,1
CDMX,Cultivo de orina,4,0.0,0,0
CDMX,Cultivo de orina,5,474.14,1,1
CDMX,Cultivo de orina,6,0.0,0,0
CDMX,Cultivo de orina,7,0.0,0,0
CDMX,Cultivo de orina,8,474.14,1,1
CDMX,Panel de drogas en orina (III),1,1594.83,1,1
CDMX,Panel de drogas en orina (III),2,1594.83,1,1
CDMX,Panel de drogas en orina (III),3,1594.83,1,1
CDMX,Panel de drogas en orina (III),4,0.0,0,0
CDMX,Panel de drogas en orina (III),5,0.0,0,0
CDMX,Panel de drogas en orina (III),6,0.0,0,0
CDMX,Panel de drogas en orina (III),7,1594.83,1,1
CDMX,Panel de drogas en orina (III),8,1594.83,1,1
CDMX,Urocultivo,1,3275.88,4,4
CDMX,Urocultivo,2,4094.85,5,5
CDMX,Urocultivo,3,4094.85,5,5
CDMX,Urocultivo,4,8189.7,11,11
CDMX,Urocultivo,5,4913.82,7,7
CDMX,Urocultivo,6,1637.94,2,2
CDMX,Urocultivo,7,1637.94,2,2
CDMX,Urocultivo,8,3275.88,4,4
CDMX,Cariotipo en sangre periférica,1,0.0,0,0
CDMX,Cariotipo en sangre periférica,2,0.0,0,0
CDMX,Cariotipo en sangre periférica,3,0.0,0,0
CDMX,Cariotipo en sangre periférica,4,7887.93,1,1
CDMX,Cariotipo en sangre periférica,5,0.0,0,0
CDMX,Cariotipo en sangre periférica,6,0.0,0,0
CDMX,Cariotipo en sangre periférica,7,0.0,0,0
CDMX,Cariotipo en sangre periférica,8,7887.93,1,1
CDMX,Papanicolaou,1,4827.59,11,11
CDMX,Papanicolaou,2,8281.08,24,24
CDMX,Papanicolaou,3,11634.58,23,23
CDMX,Papanicolaou,4,7065.54,17,17
CDMX,Papanicolaou,5,6724.13,18,18
CDMX,Papanicolaou,6,13448.28,24,24
CDMX,Papanicolaou,7,12317.35,31,31
CDMX,Papanicolaou,8,10086.21,26,26
CDMX,Perfil ETS,1,0.0,0,0
CDMX,Perfil ETS,2,0.0,0,0
CDMX,Perfil ETS,3,0.0,0,0
CDMX,Perfil ETS,4,0.0,0,0
CDMX,Perfil ETS,5,97844.73,25,25
CDMX,Perfil ETS,6,100603.36,24,24
CDMX,Perfil ETS,7,151008.69,32,32
CDMX,Perfil ETS,8,164379.34,39,39
CDMX,Androstenediona,1,0.0,0,0
CDMX,Androstenediona,2,0.0,0,0
CDMX,Androstenediona,3,0.0,0,0
CDMX,Androstenediona,4,387.93,1,1
CDMX,Androstenediona,5,0.0,0,0
CDMX,Androstenediona,6,0.0,0,0
CDMX,Androstenediona,7,387.93,1,1
CDMX,Androstenediona,8,0.0,0,0
CDMX,Antimulleriana AMH (Nanogramos),1,0.0,0,0
CDMX,Antimulleriana AMH (Nanogramos),2,8413.8,33,33
CDMX,Antimulleriana AMH (Nanogramos),3,20482.78,74,74
CDMX,Antimulleriana AMH (Nanogramos),4,22206.92,67,67
CDMX,Antimulleriana AMH (Nanogramos),5,22500.02,80,80
CDMX,Antimulleriana AMH (Nanogramos),6,11965.53,83,83
CDMX,Antimulleriana AMH (Nanogramos),7,11965.53,68,68
CDMX,Antimulleriana AMH (Nanogramos),8,29310.38,72,72
CDMX,Biometria Hemática Pack,1,0.0,0,0
CDMX,Biometria Hemática Pack,2,0.0,0,0
CDMX,Biometria Hemática Pack,3,0.0,0,0
CDMX,Biometria Hemática Pack,4,0.0,4,4
CDMX,Biometria Hemática Pack,5,883.62,24,24
CDMX,Biometria Hemática Pack,6,387.93,9,9
CDMX,Biometria Hemática Pack,7,1140.59,13,13
CDMX,Biometria Hemática Pack,8,0.0,7,7
CDMX,Citomegalovirus IgG,1,0.0,0,0
CDMX,Citomegalovirus IgG,2,0.0,0,0
CDMX,Citomegalovirus IgG,3,0.0,0,0
CDMX,Citomegalovirus IgG,4,0.0,0,0
CDMX,Citomegalovirus IgG,5,0.0,0,0
CDMX,Citomegalovirus IgG,6,0.0,0,0
CDMX,Citomegalovirus IgG,7,0.0,0,0
CDMX,Citomegalovirus IgG,8,536.21,1,1
CDMX,Citomegalovirus IgM,1,0.0,0,0
CDMX,Citomegalovirus IgM,2,0.0,0,0
CDMX,Citomegalovirus IgM,3,0.0,0,0
CDMX,Citomegalovirus IgM,4,0.0,0,0
CDMX,Citomegalovirus IgM,5,0.0,0,0
CDMX,Citomegalovirus IgM,6,0.0,0,0
CDMX,Citomegalovirus IgM,7,0.0,0,0
CDMX,Citomegalovirus IgM,8,536.21,1,1
CDMX,Creatinina,1,0.0,0,0
CDMX,Creatinina,2,0.0,0,0
CDMX,Creatinina,3,0.0,0,0
CDMX,Creatinina,4,0.0,0,0
CDMX,Creatinina,5,0.0,0,0
CDMX,Creatinina,6,0.0,0,0
CDMX,Creatinina,7,0.0,0,0
CDMX,Creatinina,8,90.0,1,1
CDMX,Cultivos infecciosos masculinos,1,0.0,0,0
CDMX,Cultivos infecciosos masculinos,2,0.0,0,0
CDMX,Cultivos infecciosos masculinos,3,0.0,0,0
CDMX,Cultivos infecciosos masculinos,4,0.0,0,0
CDMX,Cultivos infecciosos masculinos,5,0.0,0,0
CDMX,Cultivos infecciosos masculinos,6,0.0,0,0
CDMX,Cultivos infecciosos masculinos,7,0.0,0,0
CDMX,Cultivos infecciosos masculinos,8,4310.34,1,1
CDMX,Estradiol,1,4109.83,7,9
CDMX,Estradiol,2,6227.32,13,16
CDMX,Estradiol,3,521.55,1,1
CDMX,Estradiol,4,521.55,2,2
CDMX,Estradiol,5,521.55,5,5
CDMX,Estradiol,6,1564.65,5,5
CDMX,Estradiol,7,4693.95,9,9
CDMX,Estradiol,8,1564.65,3,3
CDMX,Estudio Homosisteina,1,0.0,0,0
CDMX,Estudio Homosisteina,2,0.0,0,0
CDMX,Estudio Homosisteina,3,0.0,0,0
CDMX,Estudio Homosisteina,4,0.0,0,0
CDMX,Estudio Homosisteina,5,0.0,0,0
CDMX,Estudio Homosisteina,6,0.0,0,0
CDMX,Estudio Homosisteina,7,2000.0,1,1
CDMX,Estudio Homosisteina,8,0.0,0,0
CDMX,Examen general de orina,1,931.04,5,5
CDMX,Examen general de orina,2,1163.8,5,5
CDMX,Examen general de orina,3,1163.8,5,5
CDMX,Examen general de orina,4,1862.08,8,8
CDMX,Examen general de orina,5,931.04,4,4
CDMX,Examen general de orina,6,232.76,1,1
CDMX,Examen general de orina,7,1163.8,5,5
CDMX,Examen general de orina,8,465.52,2,2
CDMX,FSH,1,1551.72,5,5
CDMX,FSH,2,1939.65,12,12
CDMX,FSH,3,387.93,3,3
CDMX,FSH,4,387.93,2,2
CDMX,FSH,5,387.93,2,2
CDMX,FSH,6,1163.79,3,3
CDMX,FSH,7,2327.58,7,7
CDMX,FSH,8,387.93,1,1
CDMX,"FSH, LH, Estradiol",1,1379.31,1,1
CDMX,"FSH, LH, Estradiol",2,0.0,0,0
CDMX,"FSH, LH, Estradiol",3,0.0,0,0
CDMX,"FSH, LH, Estradiol",4,0.0,0,0
CDMX,"FSH, LH, Estradiol",5,0.0,0,0
CDMX,"FSH, LH, Estradiol",6,0.0,0,0
CDMX,"FSH, LH, Estradiol",7,1379.31,1,1
CDMX,"FSH, LH, Estradiol",8,0.0,0,0
CDMX,Ferritina,1,0.0,0,0
CDMX,Ferritina,2,0.0,0,0
CDMX,Ferritina,3,0.0,0,0
CDMX,Ferritina,4,0.0,0,0
CDMX,Ferritina,5,0.0,0,0
CDMX,Ferritina,6,0.0,0,0
CDMX,Ferritina,7,722.42,2,2
CDMX,Ferritina,8,0.0,0,0
CDMX,Folatos,1,0.0,0,0
CDMX,Folatos,2,0.0,0,0
CDMX,Folatos,3,0.0,0,0
CDMX,Folatos,4,0.0,0,0
CDMX,Folatos,5,0.0,0,0
CDMX,Folatos,6,0.0,0,0
CDMX,Folatos,7,438.79,1,1
CDMX,Folatos,8,0.0,0,0
CDMX,Globulina Transportadora de Hormonas sexuales ( SHBG),1,0.0,0,0
CDMX,Globulina Transportadora de Hormonas sexuales ( SHBG),2,0.0,0,0
CDMX,Globulina Transportadora de Hormonas sexuales ( SHBG),3,0.0,0,0
CDMX,Globulina Transportadora de Hormonas sexuales ( SHBG),4,879.3,3,3
CDMX,Globulina Transportadora de Hormonas sexuales ( SHBG),5,2637.9,9,9
CDMX,Globulina Transportadora de Hormonas sexuales ( SHBG),6,586.2,2,2
CDMX,Globulina Transportadora de Hormonas sexuales ( SHBG),7,293.1,2,2
CDMX,Globulina Transportadora de Hormonas sexuales ( SHBG),8,293.1,1,1
CDMX,Glucosa,1,3413.88,19,19
CDMX,Glucosa,2,1327.62,7,7
CDMX,Glucosa,3,948.3,5,5
CDMX,Glucosa,4,1327.62,7,7
CDMX,Glucosa,5,568.98,3,3
CDMX,Glucosa,6,1327.62,7,7
CDMX,Glucosa,7,2655.24,14,14
CDMX,Glucosa,8,1422.45,8,8
CDMX,Grupo Sanguíneo RH,1,2759.09,54,54
CDMX,Grupo Sanguíneo RH,2,956.91,31,31
CDMX,Grupo Sanguíneo RH,3,2551.76,43,43
CDMX,Grupo Sanguíneo RH,4,3189.7,48,48
CDMX,Grupo Sanguíneo RH,5,637.94,18,18
CDMX,Grupo Sanguíneo RH,6,0.0,1,1
CDMX,Grupo Sanguíneo RH,7,318.97,6,6
CDMX,Grupo Sanguíneo RH,8,0.0,4,4
CDMX,Hemoglobina glicosilada,1,5215.54,11,11
CDMX,Hemoglobina glicosilada,2,1896.56,4,4
CDMX,Hemoglobina glicosilada,3,948.28,2,2
CDMX,Hemoglobina glicosilada,4,2844.84,7,7
CDMX,Hemoglobina glicosilada,5,1896.56,4,4
CDMX,Hemoglobina glicosilada,6,4712.95,10,10
CDMX,Hemoglobina glicosilada,7,7557.79,16,16
CDMX,Hemoglobina glicosilada,8,2370.7,6,6
CDMX,Hepatitis B HBeAg,1,0.0,0,0
CDMX,Hepatitis B HBeAg,2,646.55,2,2
CDMX,Hepatitis B HBeAg,3,0.0,0,0
CDMX,Hepatitis B HBeAg,4,0.0,0,0
CDMX,Hepatitis B HBeAg,5,646.55,1,1
CDMX,Hepatitis B HBeAg,6,0.0,0,0
CDMX,Hepatitis B HBeAg,7,0.0,0,0
CDMX,Hepatitis B HBeAg,8,646.55,2,2
CDMX,Hepatitis B superficie HBsAg,1,0.0,0,0
CDMX,Hepatitis B superficie HBsAg,2,862.07,1,1
CDMX,Hepatitis B superficie HBsAg,3,1293.1,2,2
CDMX,Hepatitis B superficie HBsAg,4,0.0,0,0
CDMX,Hepatitis B superficie HBsAg,5,818.97,1,1
CDMX,Hepatitis B superficie HBsAg,6,0.0,0,0
CDMX,Hepatitis B superficie HBsAg,7,0.0,0,0
CDMX,Hepatitis B superficie HBsAg,8,862.07,1,1
CDMX,Hepatitis C,1,0.0,0,0
CDMX,Hepatitis C,2,1637.94,2,2
CDMX,Hepatitis C,3,818.97,1,1
CDMX,Hepatitis C,4,0.0,0,0
CDMX,Hepatitis C,5,818.97,1,1
CDMX,Hepatitis C,6,0.0,0,0
CDMX,Hepatitis C,7,0.0,0,0
CDMX,Hepatitis C,8,1637.94,2,2
CDMX,Hormona Luteinizante (LH),1,0.0,0,0
CDMX,Hormona Luteinizante (LH),2,1043.1,5,5
CDMX,Hormona Luteinizante (LH),3,1564.65,8,8
CDMX,Hormona Luteinizante (LH),4,1564.65,4,4
CDMX,Hormona Luteinizante (LH),5,5215.5,17,17
CDMX,Hormona Luteinizante (LH),6,3129.3,9,9
CDMX,Hormona Luteinizante (LH),7,5737.05,13,13
CDMX,Hormona Luteinizante (LH),8,3650.85,13,13
CDMX,Idice HOMA,1,0.0,0,0
CDMX,Idice HOMA,2,0.0,0,0
CDMX,Idice HOMA,3,0.0,0,0
CDMX,Idice HOMA,4,0.0,0,0
CDMX,Idice HOMA,5,0.0,0,0
CDMX,Idice HOMA,6,0.0,0,0
CDMX,Idice HOMA,7,303.28,1,1
CDMX,Idice HOMA,8,0.0,0,0
CDMX,Insulina basal,1,11379.36,25,25
CDMX,Insulina basal,2,4741.4,10,10
CDMX,Insulina basal,3,3793.12,9,9
CDMX,Insulina basal,4,5215.54,12,12
CDMX,Insulina basal,5,3793.12,8,8
CDMX,Insulina basal,6,6637.96,14,14
CDMX,Insulina basal,7,10848.32,23,23
CDMX,Insulina basal,8,6135.37,14,14
CDMX,Marcadores tumorales ovario,1,0.0,0,0
CDMX,Marcadores tumorales ovario,2,0.0,0,0
CDMX,Marcadores tumorales ovario,3,0.0,0,0
CDMX,Marcadores tumorales ovario,4,0.0,0,0
CDMX,Marcadores tumorales ovario,5,0.0,0,0
CDMX,Marcadores tumorales ovario,6,0.0,0,0
CDMX,Marcadores tumorales ovario,7,0.0,0,0
CDMX,Marcadores tumorales ovario,8,4137.93,3,3
CDMX,Paquete Análisis Serología,1,80058.54,57,55
CDMX,Paquete Análisis Serología,2,57801.66,34,34
CDMX,Paquete Análisis Serología,3,81314.57,61,62
CDMX,Paquete Análisis Serología,4,104137.82,57,57
CDMX,Paquete Análisis Serología,5,85072.66,44,44
CDMX,Paquete Análisis Serología,6,86077.49,46,46
CDMX,Paquete Análisis Serología,7,93340.42,55,55
CDMX,Paquete Análisis Serología,8,110452.47,75,75
CDMX,Paquete Hormonas Basales,1,31853.46,28,28
CDMX,Paquete Hormonas Basales,2,23275.89,11,11
CDMX,Paquete Hormonas Basales,3,20534.5,12,12
CDMX,Paquete Hormonas Basales,4,28448.31,11,11
CDMX,Paquete Hormonas Basales,5,12413.81,5,5
CDMX,Paquete Hormonas Basales,6,17948.29,17,17
CDMX,Paquete Hormonas Basales,7,28448.31,23,23
CDMX,Paquete Hormonas Basales,8,7758.63,5,5
CDMX,Perfil TORCH IgG e IgM,1,3017.24,1,1
CDMX,Perfil TORCH IgG e IgM,2,6034.48,2,2
CDMX,Perfil TORCH IgG e IgM,3,6034.48,2,2
CDMX,Perfil TORCH IgG e IgM,4,12068.96,4,4
CDMX,Perfil TORCH IgG e IgM,5,3017.24,1,1
CDMX,Perfil TORCH IgG e IgM,6,0.0,0,0
CDMX,Perfil TORCH IgG e IgM,7,6034.48,2,2
CDMX,Perfil TORCH IgG e IgM,8,6034.48,2,2
CDMX,Perfil Tiroideo con Ac. Antitiroideos,1,14827.6,8,8
CDMX,Perfil Tiroideo con Ac. Antitiroideos,2,1853.45,1,1
CDMX,Perfil Tiroideo con Ac. Antitiroideos,3,7413.8,4,4
CDMX,Perfil Tiroideo con Ac. Antitiroideos,4,12017.77,7,7
CDMX,Perfil Tiroideo con Ac. Antitiroideos,5,9267.25,7,7
CDMX,Perfil Tiroideo con Ac. Antitiroideos,6,9156.04,5,5
CDMX,Perfil Tiroideo con Ac. Antitiroideos,7,9156.04,5,5
CDMX,Perfil Tiroideo con Ac. Antitiroideos,8,11120.7,6,6
CDMX,Perfil bioquímico de 35 elementos,1,0.0,0,0
CDMX,Perfil bioquímico de 35 elementos,2,0.0,0,0
CDMX,Perfil bioquímico de 35 elementos,3,0.0,0,0
CDMX,Perfil bioquímico de 35 elementos,4,4741.38,2,2
CDMX,Perfil bioquímico de 35 elementos,5,7112.07,3,3
CDMX,Perfil bioquímico de 35 elementos,6,0.0,0,0
CDMX,Perfil bioquímico de 35 elementos,7,2228.45,1,1
CDMX,Perfil bioquímico de 35 elementos,8,0.0,0,0
CDMX,Perfil de lípidos,1,853.45,1,1
CDMX,Perfil de lípidos,2,853.45,1,1
CDMX,Perfil de lípidos,3,853.45,1,1
CDMX,Perfil de lípidos,4,0.0,0,0
CDMX,Perfil de lípidos,5,0.0,0,0
CDMX,Perfil de lípidos,6,1706.9,2,2
CDMX,Perfil de lípidos,7,853.45,2,2
CDMX,Perfil de lípidos,8,2560.35,3,3
CDMX,Perfil disparo captura,1,0.0,36,36
CDMX,Perfil disparo captura,2,1434.0,24,24
CDMX,Perfil disparo captura,3,0.0,33,33
CDMX,Perfil disparo captura,4,1434.0,33,33
CDMX,Perfil disparo captura,5,1434.0,35,35
CDMX,Perfil disparo captura,6,717.0,29,29
CDMX,Perfil disparo captura,7,2585.98,38,38
CDMX,Perfil disparo captura,8,1434.0,35,35
CDMX,Perfil inicio,1,1195.0,75,75
CDMX,Perfil inicio,2,1195.0,55,55
CDMX,Perfil inicio,3,2390.0,71,71
CDMX,Perfil inicio,4,3585.0,69,69
CDMX,Perfil inicio,5,0.0,78,78
CDMX,Perfil inicio,6,478.0,51,51
CDMX,Perfil inicio,7,0.0,68,68
CDMX,Perfil inicio,8,1985.18,80,80
CDMX,Perfil pre captura,1,0.0,8,8
CDMX,Perfil pre captura,2,0.0,0,0
CDMX,Perfil pre captura,3,0.0,1,1
CDMX,Perfil pre captura,4,0.0,0,0
CDMX,Perfil pre captura,5,0.0,0,0
CDMX,Perfil pre captura,6,0.0,1,1
CDMX,Perfil pre captura,7,412.07,1,1
CDMX,Perfil pre captura,8,0.0,0,0
CDMX,Perfil pre operatorio CDMX,1,0.0,0,0
CDMX,Perfil pre operatorio CDMX,2,0.0,0,0
CDMX,Perfil pre operatorio CDMX,3,0.0,0,0
CDMX,Perfil pre operatorio CDMX,4,0.0,0,0
CDMX,Perfil pre operatorio CDMX,5,862.06,9,9
CDMX,Perfil pre operatorio CDMX,6,862.06,16,16
CDMX,Perfil pre operatorio CDMX,7,3017.21,26,26
CDMX,Perfil pre operatorio CDMX,8,3448.24,35,35
CDMX,Perfil pre operatorios,1,0.0,0,0
CDMX,Perfil pre operatorios,2,0.0,0,0
CDMX,Perfil pre operatorios,3,0.0,0,0
CDMX,Perfil pre operatorios,4,0.0,0,0
CDMX,Perfil pre operatorios,5,2413.78,9,9
CDMX,Perfil pre operatorios,6,0.0,10,10
CDMX,Perfil pre operatorios,7,646.55,12,12
CDMX,Perfil pre operatorios,8,0.0,6,6
CDMX,Perfil pre transferencia,1,0.0,26,26
CDMX,Perfil pre transferencia,2,0.0,24,24
CDMX,Perfil pre transferencia,3,478.0,27,27
CDMX,Perfil pre transferencia,4,478.0,25,25
CDMX,Perfil pre transferencia,5,478.0,24,24
CDMX,Perfil pre transferencia,6,0.0,31,31
CDMX,Perfil pre transferencia,7,478.0,33,33
CDMX,Perfil pre transferencia,8,478.0,29,29
CDMX,Perfil prenatal,1,55819.05,19,19
CDMX,Perfil prenatal,2,22327.62,9,9
CDMX,Perfil prenatal,3,57222.5,26,26
CDMX,Perfil prenatal,4,31705.22,18,18
CDMX,Perfil prenatal,5,41465.58,13,13
CDMX,Perfil prenatal,6,60603.54,19,19
CDMX,Perfil prenatal,7,41465.58,17,17
CDMX,Perfil prenatal,8,70172.52,30,30
CDMX,Perfil preoperatorio básico,1,0.0,0,0
CDMX,Perfil preoperatorio básico,2,1997.41,2,2
CDMX,Perfil preoperatorio básico,3,0.0,0,0
CDMX,Perfil preoperatorio básico,4,0.0,0,0
CDMX,Perfil preoperatorio básico,5,0.0,0,0
CDMX,Perfil preoperatorio básico,6,1120.69,1,1
CDMX,Perfil preoperatorio básico,7,0.0,0,0
CDMX,Perfil preoperatorio básico,8,1120.69,1,1
CDMX,Perfil preparación endometrial,1,0.0,54,54
CDMX,Perfil preparación endometrial,2,956.0,46,46
CDMX,Perfil preparación endometrial,3,478.0,61,61
CDMX,Perfil preparación endometrial,4,0.0,38,38
CDMX,Perfil preparación endometrial,5,1434.0,51,51
CDMX,Perfil preparación endometrial,6,956.0,52,52
CDMX,Perfil preparación endometrial,7,478.0,56,56
CDMX,Perfil preparación endometrial,8,2868.0,59,59
CDMX,Perfil seguimiento folicular,1,0.0,118,118
CDMX,Perfil seguimiento folicular,2,1434.0,89,89
CDMX,Perfil seguimiento folicular,3,1434.0,85,85
CDMX,Perfil seguimiento folicular,4,2868.0,96,96
CDMX,Perfil seguimiento folicular,5,5258.0,99,99
CDMX,Perfil seguimiento folicular,6,2390.0,79,79
CDMX,Perfil seguimiento folicular,7,3345.18,90,90
CDMX,Perfil seguimiento folicular,8,956.0,79,79
CDMX,Perfil tiroideo sin anticuerpos,1,0.0,0,0
CDMX,Perfil tiroideo sin anticuerpos,2,0.0,0,0
CDMX,Perfil tiroideo sin anticuerpos,3,0.0,0,0
CDMX,Perfil tiroideo sin anticuerpos,4,0.0,0,0
CDMX,Perfil tiroideo sin anticuerpos,5,896.55,1,1
CDMX,Perfil tiroideo sin anticuerpos,6,3586.2,4,4
CDMX,Perfil tiroideo sin anticuerpos,7,0.0,0,0
CDMX,Perfil tiroideo sin anticuerpos,8,1793.1,2,2
CDMX,Progesterona,1,1551.72,5,5
CDMX,Progesterona,2,3879.3,19,22
CDMX,Progesterona,3,1551.72,5,5
CDMX,Progesterona,4,387.93,5,5
CDMX,Progesterona,5,387.93,5,5
CDMX,Progesterona,6,3491.37,11,11
CDMX,Progesterona,7,4267.23,13,13
CDMX,Progesterona,8,4267.23,12,12
CDMX,Prolactina,1,8511.19,24,24
CDMX,Prolactina,2,2327.58,9,9
CDMX,Prolactina,3,3491.37,9,9
CDMX,Prolactina,4,4996.55,14,14
CDMX,Prolactina,5,3103.44,8,8
CDMX,Prolactina,6,4655.16,12,12
CDMX,Prolactina,7,8146.53,21,21
CDMX,Prolactina,8,6982.74,19,19
CDMX,Química Sanguínea 28 elementos,1,14655.2,10,10
CDMX,Química Sanguínea 28 elementos,2,7327.6,6,6
CDMX,Química Sanguínea 28 elementos,3,8793.12,9,9
CDMX,Química Sanguínea 28 elementos,4,11548.3,8,8
CDMX,Química Sanguínea 28 elementos,5,11724.16,9,9
CDMX,Química Sanguínea 28 elementos,6,8793.12,6,6
CDMX,Química Sanguínea 28 elementos,7,7972.43,6,6
CDMX,Química Sanguínea 28 elementos,8,4308.63,4,4
CDMX,Química Sanguínea 29 elementos,1,0.0,0,0
CDMX,Química Sanguínea 29 elementos,2,0.0,0,0
CDMX,Química Sanguínea 29 elementos,3,0.0,0,0
CDMX,Química Sanguínea 29 elementos,4,0.0,0,0
CDMX,Química Sanguínea 29 elementos,5,0.0,0,0
CDMX,Química Sanguínea 29 elementos,6,0.0,0,0
CDMX,Química Sanguínea 29 elementos,7,2931.04,2,2
CDMX,Química Sanguínea 29 elementos,8,0.0,0,0
CDMX,Química Sanguínea 6 elementos,1,0.0,0,0
CDMX,Química Sanguínea 6 elementos,2,0.0,0,0
CDMX,Química Sanguínea 6 elementos,3,560.34,1,1
CDMX,Química Sanguínea 6 elementos,4,0.0,0,0
CDMX,Química Sanguínea 6 elementos,5,0.0,0,0
CDMX,Química Sanguínea 6 elementos,6,0.0,0,0
CDMX,Química Sanguínea 6 elementos,7,560.34,1,1
CDMX,Química Sanguínea 6 elementos,8,0.0,0,0
CDMX,Subunidad beta cuantitativa,1,3793.12,33,33
CDMX,Subunidad beta cuantitativa,2,1422.42,60,60
CDMX,Subunidad beta cuantitativa,3,948.28,41,41
CDMX,Subunidad beta cuantitativa,4,2370.7,56,56
CDMX,Subunidad beta cuantitativa,5,4741.4,44,44
CDMX,Subunidad beta cuantitativa,6,4267.26,56,56
CDMX,Subunidad beta cuantitativa,7,1896.56,35,35
CDMX,Subunidad beta cuantitativa,8,2370.7,50,50
CDMX,T4 - Libre,1,0.0,0,0
CDMX,T4 - Libre,2,551.72,2,2
CDMX,T4 - Libre,3,0.0,2,2
CDMX,T4 - Libre,4,0.0,0,0
CDMX,T4 - Libre,5,827.58,3,3
CDMX,T4 - Libre,6,551.72,3,3
CDMX,T4 - Libre,7,827.58,3,3
CDMX,T4 - Libre,8,0.0,0,0
CDMX,TSH,1,1916.38,7,7
CDMX,TSH,2,1163.79,6,6
CDMX,TSH,3,1551.72,9,9
CDMX,TSH,4,4608.62,12,12
CDMX,TSH,5,3491.37,9,9
CDMX,TSH,6,2715.51,8,8
CDMX,TSH,7,5431.02,14,14
CDMX,TSH,8,1939.65,6,6
CDMX,Testosterona Total,1,827.58,3,3
CDMX,Testosterona Total,2,275.86,1,1
CDMX,Testosterona Total,3,0.0,0,0
CDMX,Testosterona Total,4,551.72,2,2
CDMX,Testosterona Total,5,1655.16,6,6
CDMX,Testosterona Total,6,1103.44,4,4
CDMX,Testosterona Total,7,0.0,0,0
CDMX,Testosterona Total,8,1077.59,1,1
CDMX,Testosterona Total y Testosterona Libre,1,0.0,0,0
CDMX,Testosterona Total y Testosterona Libre,2,1637.94,2,2
CDMX,Testosterona Total y Testosterona Libre,3,0.0,0,0
CDMX,Testosterona Total y Testosterona Libre,4,1637.94,2,2
CDMX,Testosterona Total y Testosterona Libre,5,818.97,1,1
CDMX,Testosterona Total y Testosterona Libre,6,0.0,0,0
CDMX,Testosterona Total y Testosterona Libre,7,1637.94,2,2
CDMX,Testosterona Total y Testosterona Libre,8,0.0,0,0
CDMX,Tiempos de Coagulación,1,7127.13,55,55
CDMX,Tiempos de Coagulación,2,3008.61,31,31
CDMX,Tiempos de Coagulación,3,4939.64,42,42
CDMX,Tiempos de Coagulación,4,5844.81,47,47
CDMX,Tiempos de Coagulación,5,2094.82,20,20
CDMX,Tiempos de Coagulación,6,2715.51,5,5
CDMX,Tiempos de Coagulación,7,905.17,6,6
CDMX,Tiempos de Coagulación,8,452.59,5,5
CDMX,VDRL,1,0.0,2,2
CDMX,VDRL,2,387.93,1,1
CDMX,VDRL,3,0.0,0,0
CDMX,VDRL,4,1528.45,5,5
CDMX,VDRL,5,387.93,2,2
CDMX,VDRL,6,0.0,0,0
CDMX,VDRL,7,0.0,0,0
CDMX,VDRL,8,387.93,1,1
CDMX,Vitamina B-12,1,0.0,0,0
CDMX,Vitamina B-12,2,0.0,0,0
CDMX,Vitamina B-12,3,0.0,0,0
CDMX,Vitamina B-12,4,517.24,1,1
CDMX,Vitamina B-12,5,1034.48,2,2
CDMX,Vitamina B-12,6,0.0,0,0
CDMX,Vitamina B-12,7,1003.45,2,2
CDMX,Vitamina B-12,8,0.0,0,0
CDMX,Vitamina D,1,2758.62,2,2
CDMX,Vitamina D,2,2758.62,2,2
CDMX,Vitamina D,3,1379.31,3,3
CDMX,Vitamina D,4,2758.62,2,2
CDMX,Vitamina D,5,8275.86,7,7
CDMX,Vitamina D,6,2758.62,3,3
CDMX,Vitamina D,7,1296.55,1,1
CDMX,Vitamina D,8,0.0,0,0
CDMX,"Vitamina D 1,25-di-hidroxi colecalciferol (Con D3)",1,6077.58,4,4
CDMX,"Vitamina D 1,25-di-hidroxi colecalciferol (Con D3)",2,6077.58,3,3
CDMX,"Vitamina D 1,25-di-hidroxi colecalciferol (Con D3)",3,4051.72,2,2
CDMX,"Vitamina D 1,25-di-hidroxi colecalciferol (Con D3)",4,13534.47,7,7
CDMX,"Vitamina D 1,25-di-hidroxi colecalciferol (Con D3)",5,17931.03,7,7
CDMX,"Vitamina D 1,25-di-hidroxi colecalciferol (Con D3)",6,0.0,0,0
CDMX,"Vitamina D 1,25-di-hidroxi colecalciferol (Con D3)",7,5517.24,3,3
CDMX,"Vitamina D 1,25-di-hidroxi colecalciferol (Con D3)",8,5517.24,2,2
CDMX,Biopsia de endometrio,1,0.0,0,0
CDMX,Biopsia de endometrio,2,0.0,0,0
CDMX,Biopsia de endometrio,3,0.0,0,0
CDMX,Biopsia de endometrio,4,0.0,0,0
CDMX,Biopsia de endometrio,5,0.0,0,0
CDMX,Biopsia de endometrio,6,0.0,0,0
CDMX,Biopsia de endometrio,7,0.0,0,0
CDMX,Biopsia de endometrio,8,4655.16,3,3
CDMX,Patología Biopsia de endometrio,1,0.0,0,0
CDMX,Patología Biopsia de endometrio,2,0.0,0,0
CDMX,Patología Biopsia de endometrio,3,1551.72,1,1
CDMX,Patología Biopsia de endometrio,4,3103.44,2,2
CDMX,Patología Biopsia de endometrio,5,1551.72,1,1
CDMX,Patología Biopsia de endometrio,6,1551.72,1,1
CDMX,Patología Biopsia de endometrio,7,6249.99,4,4
CDMX,Patología Biopsia de endometrio,8,0.0,0,0
CDMX,DHA-S (DHEA-SO4),1,0.0,0,0
CDMX,DHA-S (DHEA-SO4),2,0.0,0,0
CDMX,DHA-S (DHEA-SO4),3,0.0,0,0
CDMX,DHA-S (DHEA-SO4),4,474.14,1,1
CDMX,DHA-S (DHEA-SO4),5,474.14,1,1
CDMX,DHA-S (DHEA-SO4),6,1422.42,3,3
CDMX,DHA-S (DHEA-SO4),7,474.14,1,1
CDMX,DHA-S (DHEA-SO4),8,0.0,0,0
CDMX,patología,1,0.0,0,0
CDMX,patología,2,0.0,0,0
CDMX,patología,3,0.0,0,0
CDMX,patología,4,0.0,0,0
CDMX,patología,5,0.0,0,0
CDMX,patología,6,0.0,0,0
CDMX,patología,7,0.0,0,0
CDMX,patología,8,3103.44,2,2
CDMX,Espermatobioscopía (ED),1,11767.27,11,11
CDMX,Espermatobioscopía (ED),2,19827.6,18,18
CDMX,Espermatobioscopía (ED),3,21680.99,19,19
CDMX,Espermatobioscopía (ED),4,16577.56,17,17
CDMX,Espermatobioscopía (ED),5,18103.4,18,18
CDMX,Espermatobioscopía (ED),6,11508.59,20,20
CDMX,Espermatobioscopía (ED),7,15517.2,15,15
CDMX,Espermatobioscopía (ED),8,15362.04,30,30
CDMX,Fragmentación del ADN espermático,1,21422.44,7,7
CDMX,Fragmentación del ADN espermático,2,0.0,0,0
CDMX,Fragmentación del ADN espermático,3,0.0,0,0
CDMX,Fragmentación del ADN espermático,4,0.0,0,0
CDMX,Fragmentación del ADN espermático,5,80840.62,25,25
CDMX,Fragmentación del ADN espermático,6,59722.48,18,18
CDMX,Fragmentación del ADN espermático,7,78844.92,23,23
CDMX,Fragmentación del ADN espermático,8,54224.2,18,18
CDMX,[EX] Espermatobioscopía,1,0.0,0,0
CDMX,[EX] Espermatobioscopía,2,2586.2,2,2
CDMX,[EX] Espermatobioscopía,3,0.0,0,0
CDMX,[EX] Espermatobioscopía,4,0.0,0,0
CDMX,[EX] Espermatobioscopía,5,1293.1,1,1
CDMX,[EX] Espermatobioscopía,6,2586.2,2,2
CDMX,[EX] Espermatobioscopía,7,1293.1,1,1
CDMX,[EX] Espermatobioscopía,8,2586.2,3,3
CDMX,PGT-A por embrion,1,491564.68,11,50
CDMX,PGT-A por embrion,2,622220.69,18,89
CDMX,PGT-A por embrion,3,1102432.71,31,104
CDMX,PGT-A por embrion,4,842137.89,28,86
CDMX,PGT-A por embrion,5,813686.18,25,89
CDMX,PGT-A por embrion,6,836336.17,25,87
CDMX,PGT-A por embrion,7,825853.44,21,89
CDMX,PGT-A por embrion,8,1049913.74,39,126
CDMX,Devolución,1,0.0,0,0
CDMX,Devolución,2,0.0,0,0
CDMX,Devolución,3,0.0,0,0
CDMX,Devolución,4,0.0,0,0
CDMX,Devolución,5,0.0,0,0
CDMX,Devolución,6,0.0,0,0
CDMX,Devolución,7,-10150.0,1,-1
CDMX,Devolución,8,0.0,0,0
CDMX,Servicios Administrativos,1,0.0,0,0
CDMX,Servicios Administrativos,2,0.0,0,0
CDMX,Servicios Administrativos,3,0.0,0,0
CDMX,Servicios Administrativos,4,0.0,0,0
CDMX,Servicios Administrativos,5,0.0,2,0
CDMX,Servicios Administrativos,6,431.03,2,2
CDMX,Servicios Administrativos,7,18332.74,5,5
CDMX,Servicios Administrativos,8,2586.21,1,1
CDMX,Traslado de gametos locales,1,3379.34,2,2
CDMX,Traslado de gametos locales,2,6000.0,3,3
CDMX,Traslado de gametos locales,3,1724.14,2,2
CDMX,Traslado de gametos locales,4,5172.42,2,2
CDMX,Traslado de gametos locales,5,2586.21,1,1
CDMX,Traslado de gametos locales,6,2586.21,1,1
CDMX,Traslado de gametos locales,7,5172.42,2,2
CDMX,Traslado de gametos locales,8,2586.21,1,1
CDMX,Traslado de gametos nacional,1,12931.03,1,1
CDMX,Traslado de gametos nacional,2,0.0,0,0
CDMX,Traslado de gametos nacional,3,12931.03,1,1
CDMX,Traslado de gametos nacional,4,12931.03,1,1
CDMX,Traslado de gametos nacional,5,0.0,0,0
CDMX,Traslado de gametos nacional,6,17241.37,2,2
CDMX,Traslado de gametos nacional,7,0.0,0,0
CDMX,Traslado de gametos nacional,8,25862.06,2,2
CDMX,Aspiración de quiste - CDMX,1,20172.41,1,1
CDMX,Aspiración de quiste - CDMX,2,0.0,0,0
CDMX,Aspiración de quiste - CDMX,3,20172.41,1,1
CDMX,Aspiración de quiste - CDMX,4,20172.41,1,1
CDMX,Aspiración de quiste - CDMX,5,21551.72,1,1
CDMX,Aspiración de quiste - CDMX,6,20172.41,1,1
CDMX,Aspiración de quiste - CDMX,7,60517.23,3,3
CDMX,Aspiración de quiste - CDMX,8,0.0,0,0
CDMX,Biopsia testicular,1,0.0,0,0
CDMX,Biopsia testicular,2,0.0,0,0
CDMX,Biopsia testicular,3,0.0,0,0
CDMX,Biopsia testicular,4,0.0,0,0
CDMX,Biopsia testicular,5,29310.34,1,1
CDMX,Biopsia testicular,6,0.0,0,0
CDMX,Biopsia testicular,7,0.0,0,0
CDMX,Biopsia testicular,8,28000.17,1,1
CDMX,Histeroscopia con energia,1,0.0,0,0
CDMX,Histeroscopia con energia,2,0.0,0,0
CDMX,Histeroscopia con energia,3,0.0,0,0
CDMX,Histeroscopia con energia,4,0.0,0,0
CDMX,Histeroscopia con energia,5,0.0,0,0
CDMX,Histeroscopia con energia,6,0.0,0,0
CDMX,Histeroscopia con energia,7,6724.14,1,1
CDMX,Histeroscopia con energia,8,0.0,0,0
CDMX,Histeroscopia diagnostica,1,0.0,0,0
CDMX,Histeroscopia diagnostica,2,0.0,0,0
CDMX,Histeroscopia diagnostica,3,51724.14,3,3
CDMX,Histeroscopia diagnostica,4,120689.66,7,7
CDMX,Histeroscopia diagnostica,5,115344.82,6,6
CDMX,Histeroscopia diagnostica,6,90517.24,6,6
CDMX,Histeroscopia diagnostica,7,185344.81,10,10
CDMX,Histeroscopia diagnostica,8,215517.22,12,12
CDMX,Sedación (Anestesia),1,0.0,0,0
CDMX,Sedación (Anestesia),2,0.0,0,0
CDMX,Sedación (Anestesia),3,0.0,0,0
CDMX,Sedación (Anestesia),4,0.0,0,0
CDMX,Sedación (Anestesia),5,0.0,0,0
CDMX,Sedación (Anestesia),6,0.0,0,0
CDMX,Sedación (Anestesia),7,10000.0,1,1
CDMX,Sedación (Anestesia),8,0.0,0,0
CDMX,Uso de Quirófano,1,0.0,0,0
CDMX,Uso de Quirófano,2,0.0,0,0
CDMX,Uso de Quirófano,3,0.0,0,0
CDMX,Uso de Quirófano,4,0.0,0,0
CDMX,Uso de Quirófano,5,0.0,0,0
CDMX,Uso de Quirófano,6,0.0,0,0
CDMX,Uso de Quirófano,7,8620.69,1,1
CDMX,Uso de Quirófano,8,0.0,0,0
CDMX,[EX] Histeroscopia diagnostica,1,0.0,0,0
CDMX,[EX] Histeroscopia diagnostica,2,0.0,0,0
CDMX,[EX] Histeroscopia diagnostica,3,45258.63,3,3
CDMX,[EX] Histeroscopia diagnostica,4,45258.63,3,3
CDMX,[EX] Histeroscopia diagnostica,5,0.0,0,0
CDMX,[EX] Histeroscopia diagnostica,6,15086.21,1,1
CDMX,[EX] Histeroscopia diagnostica,7,30172.42,2,2
CDMX,[EX] Histeroscopia diagnostica,8,75431.05,5,5
CDMX,[EX] Punción de quiste GDL,1,0.0,0,0
CDMX,[EX] Punción de quiste GDL,2,0.0,0,0
CDMX,[EX] Punción de quiste GDL,3,0.0,0,0
CDMX,[EX] Punción de quiste GDL,4,0.0,0,0
CDMX,[EX] Punción de quiste GDL,5,0.0,0,0
CDMX,[EX] Punción de quiste GDL,6,0.0,0,0
CDMX,[EX] Punción de quiste GDL,7,11379.31,1,1
CDMX,[EX] Punción de quiste GDL,8,0.0,0,0
CDMX,All Inclusive Surrogacy Package CDMX,1,0.0,0,0
CDMX,All Inclusive Surrogacy Package CDMX,2,225862.07,1,1
CDMX,All Inclusive Surrogacy Package CDMX,3,0.0,0,0
CDMX,All Inclusive Surrogacy Package CDMX,4,225862.1,1,1
CDMX,All Inclusive Surrogacy Package CDMX,5,142241.38,1,1
CDMX,All Inclusive Surrogacy Package CDMX,6,0.0,0,0
CDMX,All Inclusive Surrogacy Package CDMX,7,543103.44,3,3
CDMX,All Inclusive Surrogacy Package CDMX,8,819396.91,5,5
CDMX,Essentials Surrogacy Package CDMX,1,0.0,0,0
CDMX,Essentials Surrogacy Package CDMX,2,0.0,0,0
CDMX,Essentials Surrogacy Package CDMX,3,0.0,0,0
CDMX,Essentials Surrogacy Package CDMX,4,0.0,0,0
CDMX,Essentials Surrogacy Package CDMX,5,0.0,0,0
CDMX,Essentials Surrogacy Package CDMX,6,0.0,0,0
CDMX,Essentials Surrogacy Package CDMX,7,0.0,0,0
CDMX,Essentials Surrogacy Package CDMX,8,94655.17,1,1
CDMX,Integrated Frozen Donor Surrogacy Package CDMX,1,0.0,0,0
CDMX,Integrated Frozen Donor Surrogacy Package CDMX,2,0.0,0,0
CDMX,Integrated Frozen Donor Surrogacy Package CDMX,3,0.0,0,0
CDMX,Integrated Frozen Donor Surrogacy Package CDMX,4,0.0,0,0
CDMX,Integrated Frozen Donor Surrogacy Package CDMX,5,0.0,0,0
CDMX,Integrated Frozen Donor Surrogacy Package CDMX,6,555172.42,2,2
CDMX,Integrated Frozen Donor Surrogacy Package CDMX,7,0.0,0,0
CDMX,Integrated Frozen Donor Surrogacy Package CDMX,8,546206.9,1,2
CDMX,Valoración subrogada,1,22758.56,16,16
CDMX,Valoración subrogada,2,5689.64,4,4
CDMX,Valoración subrogada,3,0.0,0,0
CDMX,Valoración subrogada,4,4267.23,4,4
CDMX,Valoración subrogada,5,15646.51,11,11
CDMX,Valoración subrogada,6,5689.64,4,4
CDMX,Valoración subrogada,7,4267.23,3,3
CDMX,Valoración subrogada,8,2844.82,3,3
CDMX,Coito programado - CDMX,1,4310.34,1,1
CDMX,Coito programado - CDMX,2,4181.03,1,1
CDMX,Coito programado - CDMX,3,0.0,0,0
CDMX,Coito programado - CDMX,4,0.0,0,0
CDMX,Coito programado - CDMX,5,0.0,0,0
CDMX,Coito programado - CDMX,6,4310.34,1,1
CDMX,Coito programado - CDMX,7,4310.34,1,1
CDMX,Coito programado - CDMX,8,8620.68,3,3
CDMX,Donación esperma - LAFER - Europeo,1,0.0,0,0
CDMX,Donación esperma - LAFER - Europeo,2,0.0,0,0
CDMX,Donación esperma - LAFER - Europeo,3,0.0,0,0
CDMX,Donación esperma - LAFER - Europeo,4,21551.72,1,1
CDMX,Donación esperma - LAFER - Europeo,5,21551.72,1,1
CDMX,Donación esperma - LAFER - Europeo,6,0.0,0,0
CDMX,Donación esperma - LAFER - Europeo,7,21551.72,1,1
CDMX,Donación esperma - LAFER - Europeo,8,43103.44,2,2
CDMX,Donadora de ovulos categoria 3,1,0.0,0,0
CDMX,Donadora de ovulos categoria 3,2,0.0,0,0
CDMX,Donadora de ovulos categoria 3,3,0.0,0,0
CDMX,Donadora de ovulos categoria 3,4,0.0,0,0
CDMX,Donadora de ovulos categoria 3,5,0.0,0,0
CDMX,Donadora de ovulos categoria 3,6,0.0,0,0
CDMX,Donadora de ovulos categoria 3,7,0.0,0,0
CDMX,Donadora de ovulos categoria 3,8,146551.72,1,1
CDMX,Donante Europeo E,1,0.0,0,0
CDMX,Donante Europeo E,2,0.0,0,0
CDMX,Donante Europeo E,3,0.0,0,0
CDMX,Donante Europeo E,4,0.0,0,0
CDMX,Donante Europeo E,5,0.0,0,0
CDMX,Donante Europeo E,6,0.0,0,0
CDMX,Donante Europeo E,7,0.0,0,0
CDMX,Donante Europeo E,8,47413.79,1,1
CDMX,Donante Europeo M,1,0.0,0,0
CDMX,Donante Europeo M,2,0.0,0,0
CDMX,Donante Europeo M,3,0.0,0,0
CDMX,Donante Europeo M,4,0.0,0,0
CDMX,Donante Europeo M,5,0.0,0,0
CDMX,Donante Europeo M,6,0.0,0,0
CDMX,Donante Europeo M,7,0.0,0,0
CDMX,Donante Europeo M,8,24137.93,1,1
CDMX,Óvulos FI,1,0.0,1,6
CDMX,Óvulos FI,2,0.0,0,0
CDMX,Óvulos FI,3,254172.41,2,18
CDMX,Óvulos FI,4,112200.0,3,18
CDMX,Óvulos FI,5,198000.0,1,12
CDMX,Óvulos FI,6,33000.0,1,2
CDMX,Óvulos FI,7,0.0,0,0
CDMX,Óvulos FI,8,250000.0,2,30
CDMX,20 Óvulos Garantizados / 20 Eggs Guaranteed CDMX,1,0.0,0,0
CDMX,20 Óvulos Garantizados / 20 Eggs Guaranteed CDMX,2,0.0,0,0
CDMX,20 Óvulos Garantizados / 20 Eggs Guaranteed CDMX,3,0.0,0,0
CDMX,20 Óvulos Garantizados / 20 Eggs Guaranteed CDMX,4,0.0,0,0
CDMX,20 Óvulos Garantizados / 20 Eggs Guaranteed CDMX,5,0.0,0,0
CDMX,20 Óvulos Garantizados / 20 Eggs Guaranteed CDMX,6,54956.9,1,1
CDMX,20 Óvulos Garantizados / 20 Eggs Guaranteed CDMX,7,116379.31,1,1
CDMX,20 Óvulos Garantizados / 20 Eggs Guaranteed CDMX,8,232758.62,2,2
CDMX,FIV con 3 Transferencias / IVF with 3 Transfers - CDMX,1,0.0,0,0
CDMX,FIV con 3 Transferencias / IVF with 3 Transfers - CDMX,2,0.0,0,0
CDMX,FIV con 3 Transferencias / IVF with 3 Transfers - CDMX,3,0.0,0,0
CDMX,FIV con 3 Transferencias / IVF with 3 Transfers - CDMX,4,241379.32,2,2
CDMX,FIV con 3 Transferencias / IVF with 3 Transfers - CDMX,5,1267413.82,12,12
CDMX,FIV con 3 Transferencias / IVF with 3 Transfers - CDMX,6,1231034.5,12,12
CDMX,FIV con 3 Transferencias / IVF with 3 Transfers - CDMX,7,1599137.97,15,15
CDMX,FIV con 3 Transferencias / IVF with 3 Transfers - CDMX,8,1496551.76,15,15
CDMX,"Fertilización, crecimiento y desarrollo embrionario a día 5",1,14435.34,1,1
CDMX,"Fertilización, crecimiento y desarrollo embrionario a día 5",2,0.0,0,0
CDMX,"Fertilización, crecimiento y desarrollo embrionario a día 5",3,15284.48,1,1
CDMX,"Fertilización, crecimiento y desarrollo embrionario a día 5",4,16982.76,1,1
CDMX,"Fertilización, crecimiento y desarrollo embrionario a día 5",5,0.0,0,0
CDMX,"Fertilización, crecimiento y desarrollo embrionario a día 5",6,0.0,0,0
CDMX,"Fertilización, crecimiento y desarrollo embrionario a día 5",7,0.0,0,0
CDMX,"Fertilización, crecimiento y desarrollo embrionario a día 5",8,33965.52,2,2
CDMX,[EX] Biopsia testicular para FIV/ ICSI,1,0.0,0,0
CDMX,[EX] Biopsia testicular para FIV/ ICSI,2,0.0,0,0
CDMX,[EX] Biopsia testicular para FIV/ ICSI,3,13793.1,1,1
CDMX,[EX] Biopsia testicular para FIV/ ICSI,4,0.0,0,0
CDMX,[EX] Biopsia testicular para FIV/ ICSI,5,0.0,0,0
CDMX,[EX] Biopsia testicular para FIV/ ICSI,6,0.0,0,0
CDMX,[EX] Biopsia testicular para FIV/ ICSI,7,13793.1,1,1
CDMX,[EX] Biopsia testicular para FIV/ ICSI,8,0.0,1,1
CDMX,[EX] Captura + fertilización CDMX,1,205750.0,10,10
CDMX,[EX] Captura + fertilización CDMX,2,227593.56,10,10
CDMX,[EX] Captura + fertilización CDMX,3,538750.0,22,22
CDMX,[EX] Captura + fertilización CDMX,4,398362.07,16,16
CDMX,[EX] Captura + fertilización CDMX,5,282385.25,12,12
CDMX,[EX] Captura + fertilización CDMX,6,198750.0,8,8
CDMX,[EX] Captura + fertilización CDMX,7,329770.5,15,15
CDMX,[EX] Captura + fertilización CDMX,8,287500.0,15,15
CDMX,[EX] Captura CDMX,1,9482.76,1,1
CDMX,[EX] Captura CDMX,2,0.0,0,0
CDMX,[EX] Captura CDMX,3,0.0,0,0
CDMX,[EX] Captura CDMX,4,0.0,0,0
CDMX,[EX] Captura CDMX,5,18965.52,1,1
CDMX,[EX] Captura CDMX,6,0.0,0,0
CDMX,[EX] Captura CDMX,7,0.0,0,0
CDMX,[EX] Captura CDMX,8,43620.69,3,3
CDMX,[EX] Captura sin recuperación CDMX,1,0.0,0,0
CDMX,[EX] Captura sin recuperación CDMX,2,50431.02,3,3
CDMX,[EX] Captura sin recuperación CDMX,3,0.0,0,0
CDMX,[EX] Captura sin recuperación CDMX,4,0.0,0,0
CDMX,[EX] Captura sin recuperación CDMX,5,0.0,0,0
CDMX,[EX] Captura sin recuperación CDMX,6,0.0,0,0
CDMX,[EX] Captura sin recuperación CDMX,7,0.0,0,0
CDMX,[EX] Captura sin recuperación CDMX,8,16810.34,1,1
CDMX,[EX] Fertilización,1,16300.76,3,3
CDMX,[EX] Fertilización,2,4655.18,1,1
CDMX,[EX] Fertilización,3,17439.65,3,3
CDMX,[EX] Fertilización,4,0.0,0,0
CDMX,[EX] Fertilización,5,5732.76,1,1
CDMX,[EX] Fertilización,6,0.0,0,0
CDMX,[EX] Fertilización,7,0.0,0,0
CDMX,[EX] Fertilización,8,17499.99,3,3
CDMX,Inseminacion CDMX,1,17586.21,1,1
CDMX,Inseminacion CDMX,2,20689.66,1,1
CDMX,Inseminacion CDMX,3,20689.66,1,1
CDMX,Inseminacion CDMX,4,76896.56,4,4
CDMX,Inseminacion CDMX,5,62068.98,3,3
CDMX,Inseminacion CDMX,6,38275.87,2,2
CDMX,Inseminacion CDMX,7,57931.04,3,3
CDMX,Inseminacion CDMX,8,30603.45,2,2
CDMX,"[EX] Inseminación Intrauterina (Incluye: Uso de consultorio, enfermera, capacitación y consumibles)",1,0.0,0,0
CDMX,"[EX] Inseminación Intrauterina (Incluye: Uso de consultorio, enfermera, capacitación y consumibles)",2,6465.52,1,1
CDMX,"[EX] Inseminación Intrauterina (Incluye: Uso de consultorio, enfermera, capacitación y consumibles)",3,6465.52,1,1
CDMX,"[EX] Inseminación Intrauterina (Incluye: Uso de consultorio, enfermera, capacitación y consumibles)",4,3232.76,1,1
CDMX,"[EX] Inseminación Intrauterina (Incluye: Uso de consultorio, enfermera, capacitación y consumibles)",5,0.0,0,0
CDMX,"[EX] Inseminación Intrauterina (Incluye: Uso de consultorio, enfermera, capacitación y consumibles)",6,6465.52,1,1
CDMX,"[EX] Inseminación Intrauterina (Incluye: Uso de consultorio, enfermera, capacitación y consumibles)",7,6465.52,1,1
CDMX,"[EX] Inseminación Intrauterina (Incluye: Uso de consultorio, enfermera, capacitación y consumibles)",8,6465.52,1,1
CDMX,Preparación endometrial,1,0.0,0,0
CDMX,Preparación endometrial,2,0.0,0,0
CDMX,Preparación endometrial,3,0.0,0,0
CDMX,Preparación endometrial,4,0.0,0,0
CDMX,Preparación endometrial,5,0.0,0,0
CDMX,Preparación endometrial,6,0.0,0,0
CDMX,Preparación endometrial,7,34482.76,1,1
CDMX,Preparación endometrial,8,0.0,0,0
CDMX,Transferencia embrionaria - CDMX,1,12500.0,1,1
CDMX,Transferencia embrionaria - CDMX,2,0.0,0,0
CDMX,Transferencia embrionaria - CDMX,3,0.0,0,0
CDMX,Transferencia embrionaria - CDMX,4,0.0,0,0
CDMX,Transferencia embrionaria - CDMX,5,0.0,0,0
CDMX,Transferencia embrionaria - CDMX,6,0.0,0,0
CDMX,Transferencia embrionaria - CDMX,7,11206.9,1,1
CDMX,Transferencia embrionaria - CDMX,8,0.0,0,0
CDMX,[EX] Transferencia de congelados CDMX,1,80862.78,6,6
CDMX,[EX] Transferencia de congelados CDMX,2,239883.68,18,18
CDMX,[EX] Transferencia de congelados CDMX,3,195323.27,13,13
CDMX,[EX] Transferencia de congelados CDMX,4,152844.82,10,10
CDMX,[EX] Transferencia de congelados CDMX,5,228706.88,16,16
CDMX,[EX] Transferencia de congelados CDMX,6,291034.46,19,19
CDMX,[EX] Transferencia de congelados CDMX,7,230431.02,15,15
CDMX,[EX] Transferencia de congelados CDMX,8,195754.13,14,14
CDMX,[FET] Transferencia de Embrión Congelado CDMX,1,805689.59,20,20
CDMX,[FET] Transferencia de Embrión Congelado CDMX,2,537262.87,15,15
CDMX,[FET] Transferencia de Embrión Congelado CDMX,3,1003448.16,31,31
CDMX,[FET] Transferencia de Embrión Congelado CDMX,4,734805.97,18,19
CDMX,[FET] Transferencia de Embrión Congelado CDMX,5,944827.49,27,27
CDMX,[FET] Transferencia de Embrión Congelado CDMX,6,570646.53,13,14
CDMX,[FET] Transferencia de Embrión Congelado CDMX,7,746465.47,21,21
CDMX,[FET] Transferencia de Embrión Congelado CDMX,8,896961.12,25,25
CDMX,Sesión de Acupuntura - CDMX,1,0.0,0,0
CDMX,Sesión de Acupuntura - CDMX,2,1551.72,1,1
CDMX,Sesión de Acupuntura - CDMX,3,0.0,0,0
CDMX,Sesión de Acupuntura - CDMX,4,1551.72,1,1
CDMX,Sesión de Acupuntura - CDMX,5,9137.91,109,110
CDMX,Sesión de Acupuntura - CDMX,6,3103.44,2,2
CDMX,Sesión de Acupuntura - CDMX,7,3010.34,5,5
CDMX,Sesión de Acupuntura - CDMX,8,8312.05,12,12
CDMX,Sesión de Masaje - CDMX,1,0.0,0,0
CDMX,Sesión de Masaje - CDMX,2,0.0,0,0
CDMX,Sesión de Masaje - CDMX,3,0.0,0,0
CDMX,Sesión de Masaje - CDMX,4,0.0,0,0
CDMX,Sesión de Masaje - CDMX,5,0.0,3,3
CDMX,Sesión de Masaje - CDMX,6,0.0,0,0
CDMX,Sesión de Masaje - CDMX,7,0.0,0,0
CDMX,Sesión de Masaje - CDMX,8,1551.72,2,2
CDMX,Consulta de nutrición CDMX,1,0.0,0,0
CDMX,Consulta de nutrición CDMX,2,0.0,0,0
CDMX,Consulta de nutrición CDMX,3,0.0,0,0
CDMX,Consulta de nutrición CDMX,4,0.0,0,0
CDMX,Consulta de nutrición CDMX,5,7241.37,10,10
CDMX,Consulta de nutrición CDMX,6,3103.44,2,2
CDMX,Consulta de nutrición CDMX,7,7665.5,5,5
CDMX,Consulta de nutrición CDMX,8,0.0,1,1
GDL,Almacenamiento de gametos 1 año,1,0.0,0,0
GDL,Almacenamiento de gametos 1 año,2,0.0,0,0
GDL,Almacenamiento de gametos 1 año,3,0.0,0,0
GDL,Almacenamiento de gametos 1 año,4,0.0,0,0
GDL,Almacenamiento de gametos 1 año,5,20689.66,4,4
GDL,Almacenamiento de gametos 1 año,6,4310.34,1,1
GDL,Almacenamiento de gametos 1 año,7,43103.51,9,9
GDL,Almacenamiento de gametos 1 año,8,73275.83,15,15
GDL,Almacenamiento de gametos 5 años,1,0.0,0,0
GDL,Almacenamiento de gametos 5 años,2,0.0,0,0
GDL,Almacenamiento de gametos 5 años,3,0.0,0,0
GDL,Almacenamiento de gametos 5 años,4,0.0,0,0
GDL,Almacenamiento de gametos 5 años,5,21982.75,2,2
GDL,Almacenamiento de gametos 5 años,6,12931.03,1,1
GDL,Almacenamiento de gametos 5 años,7,21982.75,2,4
GDL,Almacenamiento de gametos 5 años,8,47413.79,3,3
GDL,Congelamiento de semen (por depósito) CDMX - GDL - MET,1,0.0,0,0
GDL,Congelamiento de semen (por depósito) CDMX - GDL - MET,2,0.0,0,0
GDL,Congelamiento de semen (por depósito) CDMX - GDL - MET,3,17241.37,3,4
GDL,Congelamiento de semen (por depósito) CDMX - GDL - MET,4,12931.02,3,3
GDL,Congelamiento de semen (por depósito) CDMX - GDL - MET,5,4310.34,1,1
GDL,Congelamiento de semen (por depósito) CDMX - GDL - MET,6,8620.69,1,2
GDL,Congelamiento de semen (por depósito) CDMX - GDL - MET,7,6034.48,1,1
GDL,Congelamiento de semen (por depósito) CDMX - GDL - MET,8,17672.41,3,4
GDL,Congelamiento de óvulos GDL - MET,1,40732.76,1,1
GDL,Congelamiento de óvulos GDL - MET,2,0.0,0,0
GDL,Congelamiento de óvulos GDL - MET,3,0.0,0,0
GDL,Congelamiento de óvulos GDL - MET,4,40732.76,1,1
GDL,Congelamiento de óvulos GDL - MET,5,84375.0,2,2
GDL,Congelamiento de óvulos GDL - MET,6,43642.24,1,1
GDL,Congelamiento de óvulos GDL - MET,7,0.0,0,0
GDL,Congelamiento de óvulos GDL - MET,8,256034.49,5,5
GDL,[EX] Captura + Fertilización + VItrificación (Embryo Freezing) GDL,1,81465.51,3,3
GDL,[EX] Captura + Fertilización + VItrificación (Embryo Freezing) GDL,2,30172.41,1,1
GDL,[EX] Captura + Fertilización + VItrificación (Embryo Freezing) GDL,3,60344.82,2,2
GDL,[EX] Captura + Fertilización + VItrificación (Embryo Freezing) GDL,4,0.0,0,0
GDL,[EX] Captura + Fertilización + VItrificación (Embryo Freezing) GDL,5,0.0,0,0
GDL,[EX] Captura + Fertilización + VItrificación (Embryo Freezing) GDL,6,181034.46,6,6
GDL,[EX] Captura + Fertilización + VItrificación (Embryo Freezing) GDL,7,30172.41,1,1
GDL,[EX] Captura + Fertilización + VItrificación (Embryo Freezing) GDL,8,60344.82,4,2
GDL,[EX] Captura+ Vitrificacion de ovocitos GDL,1,139956.88,6,6
GDL,[EX] Captura+ Vitrificacion de ovocitos GDL,2,132758.62,6,6
GDL,[EX] Captura+ Vitrificacion de ovocitos GDL,3,125474.13,6,6
GDL,[EX] Captura+ Vitrificacion de ovocitos GDL,4,21724.14,1,1
GDL,[EX] Captura+ Vitrificacion de ovocitos GDL,5,114355.13,5,5
GDL,[EX] Captura+ Vitrificacion de ovocitos GDL,6,68793.1,3,3
GDL,[EX] Captura+ Vitrificacion de ovocitos GDL,7,72413.79,3,3
GDL,[EX] Captura+ Vitrificacion de ovocitos GDL,8,42241.38,2,2
GDL,[EX] Desvitrificación GDL,1,0.0,0,0
GDL,[EX] Desvitrificación GDL,2,5352.59,1,1
GDL,[EX] Desvitrificación GDL,3,24137.92,4,4
GDL,[EX] Desvitrificación GDL,4,24137.92,4,4
GDL,[EX] Desvitrificación GDL,5,12068.96,2,2
GDL,[EX] Desvitrificación GDL,6,54310.32,9,9
GDL,[EX] Desvitrificación GDL,7,18103.44,3,3
GDL,[EX] Desvitrificación GDL,8,59666.35,12,10
GDL,"[EX] Desvitrificación de óvulos congelados, Fertilización + Transferencia en fresco GDL",1,0.0,0,0
GDL,"[EX] Desvitrificación de óvulos congelados, Fertilización + Transferencia en fresco GDL",2,0.0,0,0
GDL,"[EX] Desvitrificación de óvulos congelados, Fertilización + Transferencia en fresco GDL",3,0.0,0,0
GDL,"[EX] Desvitrificación de óvulos congelados, Fertilización + Transferencia en fresco GDL",4,18103.45,1,1
GDL,"[EX] Desvitrificación de óvulos congelados, Fertilización + Transferencia en fresco GDL",5,18103.45,1,1
GDL,"[EX] Desvitrificación de óvulos congelados, Fertilización + Transferencia en fresco GDL",6,0.0,0,0
GDL,"[EX] Desvitrificación de óvulos congelados, Fertilización + Transferencia en fresco GDL",7,0.0,0,0
GDL,"[EX] Desvitrificación de óvulos congelados, Fertilización + Transferencia en fresco GDL",8,18103.45,1,1
GDL,[EX] Vitrificación,1,6896.55,1,1
GDL,[EX] Vitrificación,2,6896.55,1,1
GDL,[EX] Vitrificación,3,20689.65,3,3
GDL,[EX] Vitrificación,4,75862.05,12,12
GDL,[EX] Vitrificación,5,61939.64,9,9
GDL,[EX] Vitrificación,6,62068.95,9,9
GDL,[EX] Vitrificación,7,27586.2,4,4
GDL,[EX] Vitrificación,8,89655.15,19,15
GDL,Check up ginecologico,1,0.0,0,0
GDL,Check up ginecologico,2,0.0,0,0
GDL,Check up ginecologico,3,0.0,0,0
GDL,Check up ginecologico,4,1724.14,1,1
GDL,Check up ginecologico,5,40258.54,35,33
GDL,Check up ginecologico,6,37499.9,40,34
GDL,Check up ginecologico,7,24568.92,20,20
GDL,Check up ginecologico,8,36637.9,33,33
GDL,Check up Integral,1,0.0,0,0
GDL,Check up Integral,2,0.0,0,0
GDL,Check up Integral,3,0.0,0,0
GDL,Check up Integral,4,0.0,0,0
GDL,Check up Integral,5,0.0,0,0
GDL,Check up Integral,6,0.0,0,0
GDL,Check up Integral,7,0.0,0,0
GDL,Check up Integral,8,9051.72,5,3
GDL,Consulta primera vez SOP,1,0.0,0,0
GDL,Consulta primera vez SOP,2,0.0,0,0
GDL,Consulta primera vez SOP,3,0.0,0,0
GDL,Consulta primera vez SOP,4,0.0,0,0
GDL,Consulta primera vez SOP,5,1551.72,1,1
GDL,Consulta primera vez SOP,6,0.0,0,0
GDL,Consulta primera vez SOP,7,11379.28,14,8
GDL,Consulta primera vez SOP,8,40861.96,37,29
GDL,Colocacion DIU Mirena [Consultorio],1,0.0,0,0
GDL,Colocacion DIU Mirena [Consultorio],2,0.0,0,0
GDL,Colocacion DIU Mirena [Consultorio],3,0.0,0,0
GDL,Colocacion DIU Mirena [Consultorio],4,6465.52,1,1
GDL,Colocacion DIU Mirena [Consultorio],5,0.0,0,0
GDL,Colocacion DIU Mirena [Consultorio],6,0.0,0,0
GDL,Colocacion DIU Mirena [Consultorio],7,0.0,0,0
GDL,Colocacion DIU Mirena [Consultorio],8,12284.49,2,2
GDL,Consulta obstetricia,1,0.0,0,0
GDL,Consulta obstetricia,2,0.0,0,0
GDL,Consulta obstetricia,3,0.0,0,0
GDL,Consulta obstetricia,4,0.0,0,0
GDL,Consulta obstetricia,5,0.0,0,0
GDL,Consulta obstetricia,6,0.0,0,0
GDL,Consulta obstetricia,7,0.0,0,0
GDL,Consulta obstetricia,8,7758.6,7,7
GDL,Consulta de primera vez,1,0.0,0,0
GDL,Consulta de primera vez,2,0.0,0,0
GDL,Consulta de primera vez,3,0.0,0,0
GDL,Consulta de primera vez,4,689.66,1,1
GDL,Consulta de primera vez,5,26680.97,23,21
GDL,Consulta de primera vez,6,33586.17,36,34
GDL,Consulta de primera vez,7,23706.84,19,19
GDL,Consulta de primera vez,8,31810.3,52,40
GDL,Check up Fertilidad Hombres GDL,1,6465.51,3,3
GDL,Check up Fertilidad Hombres GDL,2,0.0,0,0
GDL,Check up Fertilidad Hombres GDL,3,4310.34,2,2
GDL,Check up Fertilidad Hombres GDL,4,2155.17,1,1
GDL,Check up Fertilidad Hombres GDL,5,5948.27,3,3
GDL,Check up Fertilidad Hombres GDL,6,4310.34,2,2
GDL,Check up Fertilidad Hombres GDL,7,8620.68,5,5
GDL,Check up Fertilidad Hombres GDL,8,0.0,0,0
GDL,Check up Fertilidad Mujeres,1,0.0,0,0
GDL,Check up Fertilidad Mujeres,2,0.0,0,0
GDL,Check up Fertilidad Mujeres,3,0.0,0,0
GDL,Check up Fertilidad Mujeres,4,1465.52,1,1
GDL,Check up Fertilidad Mujeres,5,23534.49,14,14
GDL,Check up Fertilidad Mujeres,6,21120.68,13,13
GDL,Check up Fertilidad Mujeres,7,21253.44,17,17
GDL,Check up Fertilidad Mujeres,8,33982.73,23,21
GDL,Check up Fertilidad Parejas,1,0.0,0,0
GDL,Check up Fertilidad Parejas,2,0.0,0,0
GDL,Check up Fertilidad Parejas,3,0.0,0,0
GDL,Check up Fertilidad Parejas,4,5603.45,2,2
GDL,Check up Fertilidad Parejas,5,18103.44,6,6
GDL,Check up Fertilidad Parejas,6,21120.68,7,7
GDL,Check up Fertilidad Parejas,7,9051.72,3,3
GDL,Check up Fertilidad Parejas,8,35086.19,15,13
GDL,Plática de resultados,1,517.24,1,1
GDL,Plática de resultados,2,517.24,1,1
GDL,Plática de resultados,3,517.24,1,1
GDL,Plática de resultados,4,1034.48,2,2
GDL,Plática de resultados,5,0.0,0,0
GDL,Plática de resultados,6,1034.48,2,2
GDL,Plática de resultados,7,1551.72,3,3
GDL,Plática de resultados,8,0.0,0,0
GDL,Uso de consultorio1hr con US,1,0.0,0,0
GDL,Uso de consultorio1hr con US,2,387.93,1,1
GDL,Uso de consultorio1hr con US,3,1336.2,3,3
GDL,Uso de consultorio1hr con US,4,0.0,0,0
GDL,Uso de consultorio1hr con US,5,0.0,0,0
GDL,Uso de consultorio1hr con US,6,1336.2,5,3
GDL,Uso de consultorio1hr con US,7,948.66,2,2
GDL,Uso de consultorio1hr con US,8,1120.68,2,2
GDL,ASPIRINA PROTEC 100MG 28 TAB,1,0.0,0,0
GDL,ASPIRINA PROTEC 100MG 28 TAB,2,240.0,1,1
GDL,ASPIRINA PROTEC 100MG 28 TAB,3,480.0,2,2
GDL,ASPIRINA PROTEC 100MG 28 TAB,4,0.0,0,0
GDL,ASPIRINA PROTEC 100MG 28 TAB,5,240.0,1,1
GDL,ASPIRINA PROTEC 100MG 28 TAB,6,480.0,2,2
GDL,ASPIRINA PROTEC 100MG 28 TAB,7,0.0,0,0
GDL,ASPIRINA PROTEC 100MG 28 TAB,8,240.0,1,1
GDL,Cetrotide 0.25mg,1,29392.0,12,22
GDL,Cetrotide 0.25mg,2,33400.0,13,25
GDL,Cetrotide 0.25mg,3,40080.0,12,30
GDL,Cetrotide 0.25mg,4,25384.0,12,19
GDL,Cetrotide 0.25mg,5,40080.0,15,30
GDL,Cetrotide 0.25mg,6,54853.2,21,42
GDL,Cetrotide 0.25mg,7,24048.0,11,18
GDL,Cetrotide 0.25mg,8,40614.4,19,36
GDL,GONAL-F PEN2.0 - 300IU,1,0.0,0,0
GDL,GONAL-F PEN2.0 - 300IU,2,10037.0,2,2
GDL,GONAL-F PEN2.0 - 300IU,3,5150.0,1,1
GDL,GONAL-F PEN2.0 - 300IU,4,15450.0,2,3
GDL,GONAL-F PEN2.0 - 300IU,5,0.0,0,0
GDL,GONAL-F PEN2.0 - 300IU,6,16500.0,3,3
GDL,GONAL-F PEN2.0 - 300IU,7,5500.0,1,1
GDL,GONAL-F PEN2.0 - 300IU,8,16500.0,6,4
GDL,GONAL-F PEN2.0 - 900IU,1,0.0,0,0
GDL,GONAL-F PEN2.0 - 900IU,2,0.0,0,0
GDL,GONAL-F PEN2.0 - 900IU,3,25524.0,2,2
GDL,GONAL-F PEN2.0 - 900IU,4,51048.0,3,4
GDL,GONAL-F PEN2.0 - 900IU,5,68250.0,4,5
GDL,GONAL-F PEN2.0 - 900IU,6,54600.0,4,4
GDL,GONAL-F PEN2.0 - 900IU,7,122850.0,11,9
GDL,GONAL-F PEN2.0 - 900IU,8,136500.0,8,10
GDL,Gonapeptyl Daily 0.1 (por ampolla),1,2712.0,3,6
GDL,Gonapeptyl Daily 0.1 (por ampolla),2,5424.0,6,12
GDL,Gonapeptyl Daily 0.1 (por ampolla),3,4068.0,6,9
GDL,Gonapeptyl Daily 0.1 (por ampolla),4,4216.0,5,9
GDL,Gonapeptyl Daily 0.1 (por ampolla),5,3360.0,3,7
GDL,Gonapeptyl Daily 0.1 (por ampolla),6,6672.0,7,14
GDL,Gonapeptyl Daily 0.1 (por ampolla),7,1920.0,2,4
GDL,Gonapeptyl Daily 0.1 (por ampolla),8,6528.0,9,18
GDL,Letz 2.5mg,1,2540.0,4,4
GDL,Letz 2.5mg,2,2400.0,3,3
GDL,Letz 2.5mg,3,1600.0,2,2
GDL,Letz 2.5mg,4,800.0,1,1
GDL,Letz 2.5mg,5,800.0,1,1
GDL,Letz 2.5mg,6,1600.0,2,2
GDL,Letz 2.5mg,7,1600.0,2,2
GDL,Letz 2.5mg,8,3040.0,4,4
GDL,MYO D-CHIRO 40:1 (HOLIHERB),1,0.0,0,0
GDL,MYO D-CHIRO 40:1 (HOLIHERB),2,0.0,0,0
GDL,MYO D-CHIRO 40:1 (HOLIHERB),3,0.0,0,0
GDL,MYO D-CHIRO 40:1 (HOLIHERB),4,0.0,0,0
GDL,MYO D-CHIRO 40:1 (HOLIHERB),5,1731.73,2,2
GDL,MYO D-CHIRO 40:1 (HOLIHERB),6,2955.0,3,3
GDL,MYO D-CHIRO 40:1 (HOLIHERB),7,1970.0,2,2
GDL,MYO D-CHIRO 40:1 (HOLIHERB),8,0.0,0,0
GDL,Merapur 75 UI (por ampolla),1,22935.0,8,29
GDL,Merapur 75 UI (por ampolla),2,41289.0,21,51
GDL,Merapur 75 UI (por ampolla),3,38759.0,12,49
GDL,Merapur 75 UI (por ampolla),4,30753.0,8,36
GDL,Merapur 75 UI (por ampolla),5,57850.0,18,65
GDL,Merapur 75 UI (por ampolla),6,49573.0,15,56
GDL,Merapur 75 UI (por ampolla),7,48950.0,19,55
GDL,Merapur 75 UI (por ampolla),8,55180.0,18,62
GDL,OVIDREL F-PEN 250MCG - PLUMAS,1,0.0,0,0
GDL,OVIDREL F-PEN 250MCG - PLUMAS,2,4098.0,2,2
GDL,OVIDREL F-PEN 250MCG - PLUMAS,3,8412.0,4,4
GDL,OVIDREL F-PEN 250MCG - PLUMAS,4,6309.0,3,3
GDL,OVIDREL F-PEN 250MCG - PLUMAS,5,9400.0,3,4
GDL,OVIDREL F-PEN 250MCG - PLUMAS,6,21032.5,9,9
GDL,OVIDREL F-PEN 250MCG - PLUMAS,7,11178.95,5,5
GDL,OVIDREL F-PEN 250MCG - PLUMAS,8,23030.0,10,10
GDL,PERGOVERIS PEN 900/450IU,1,0.0,0,0
GDL,PERGOVERIS PEN 900/450IU,2,28358.0,2,2
GDL,PERGOVERIS PEN 900/450IU,3,54921.8,3,4
GDL,PERGOVERIS PEN 900/450IU,4,0.0,0,0
GDL,PERGOVERIS PEN 900/450IU,5,45450.0,3,3
GDL,PERGOVERIS PEN 900/450IU,6,127423.5,8,9
GDL,PERGOVERIS PEN 900/450IU,7,45450.0,3,3
GDL,PERGOVERIS PEN 900/450IU,8,130170.01,8,10
GDL,PRIMOGYN 2 MG C/28 GRAG,1,0.0,0,0
GDL,PRIMOGYN 2 MG C/28 GRAG,2,0.0,0,0
GDL,PRIMOGYN 2 MG C/28 GRAG,3,9000.0,5,9
GDL,PRIMOGYN 2 MG C/28 GRAG,4,0.0,0,0
GDL,PRIMOGYN 2 MG C/28 GRAG,5,5000.0,3,5
GDL,PRIMOGYN 2 MG C/28 GRAG,6,6000.0,4,6
GDL,PRIMOGYN 2 MG C/28 GRAG,7,3000.0,3,5
GDL,PRIMOGYN 2 MG C/28 GRAG,8,17000.0,9,18
GDL,PROVERA 5 MG 24 TAB,1,0.0,0,0
GDL,PROVERA 5 MG 24 TAB,2,0.0,0,0
GDL,PROVERA 5 MG 24 TAB,3,0.0,0,0
GDL,PROVERA 5 MG 24 TAB,4,0.0,0,0
GDL,PROVERA 5 MG 24 TAB,5,0.0,0,0
GDL,PROVERA 5 MG 24 TAB,6,0.0,0,0
GDL,PROVERA 5 MG 24 TAB,7,0.0,0,0
GDL,PROVERA 5 MG 24 TAB,8,450.0,1,1
GDL,SUPLEMENTO ONE,1,0.0,0,0
GDL,SUPLEMENTO ONE,2,0.0,0,0
GDL,SUPLEMENTO ONE,3,0.0,0,0
GDL,SUPLEMENTO ONE,4,0.0,0,0
GDL,SUPLEMENTO ONE,5,0.0,0,0
GDL,SUPLEMENTO ONE,6,1034.48,1,1
GDL,SUPLEMENTO ONE,7,1034.48,1,1
GDL,SUPLEMENTO ONE,8,1034.48,1,1
GDL,UTROGESTAN 200 MG 14 CÁPSULAS,1,0.0,0,0
GDL,UTROGESTAN 200 MG 14 CÁPSULAS,2,0.0,0,0
GDL,UTROGESTAN 200 MG 14 CÁPSULAS,3,2800.0,2,4
GDL,UTROGESTAN 200 MG 14 CÁPSULAS,4,0.0,0,0
GDL,UTROGESTAN 200 MG 14 CÁPSULAS,5,0.0,0,0
GDL,UTROGESTAN 200 MG 14 CÁPSULAS,6,2100.0,2,3
GDL,UTROGESTAN 200 MG 14 CÁPSULAS,7,2800.0,1,4
GDL,UTROGESTAN 200 MG 14 CÁPSULAS,8,9800.0,6,14
GDL,Ultrasonido,1,3879.3,3,3
GDL,Ultrasonido,2,7758.6,6,6
GDL,Ultrasonido,3,9051.7,7,7
GDL,Ultrasonido,4,6465.5,5,5
GDL,Ultrasonido,5,5172.4,4,4
GDL,Ultrasonido,6,14224.11,10,11
GDL,Ultrasonido,7,16207.72,14,14
GDL,Ultrasonido,8,5172.4,4,4
GDL,Espermocultivo,1,0.0,0,0
GDL,Espermocultivo,2,0.0,0,0
GDL,Espermocultivo,3,0.0,0,0
GDL,Espermocultivo,4,0.0,0,0
GDL,Espermocultivo,5,818.97,1,1
GDL,Espermocultivo,6,1637.94,2,2
GDL,Espermocultivo,7,818.97,1,1
GDL,Espermocultivo,8,818.97,1,1
GDL,Cultivo de Exudado Vaginal,1,0.0,0,0
GDL,Cultivo de Exudado Vaginal,2,0.0,0,0
GDL,Cultivo de Exudado Vaginal,3,0.0,0,0
GDL,Cultivo de Exudado Vaginal,4,560.34,1,1
GDL,Cultivo de Exudado Vaginal,5,560.34,2,2
GDL,Cultivo de Exudado Vaginal,6,1681.02,3,3
GDL,Cultivo de Exudado Vaginal,7,1681.02,3,3
GDL,Cultivo de Exudado Vaginal,8,1120.68,2,2
GDL,Papanicolaou,1,0.0,9,9
GDL,Papanicolaou,2,2613.8,16,16
GDL,Papanicolaou,3,7065.54,28,28
GDL,Papanicolaou,4,7065.54,18,18
GDL,Papanicolaou,5,0.0,36,32
GDL,Papanicolaou,6,0.0,47,47
GDL,Papanicolaou,7,3362.07,29,29
GDL,Papanicolaou,8,3060.35,34,32
GDL,Perfil ETS,1,0.0,0,0
GDL,Perfil ETS,2,0.0,0,0
GDL,Perfil ETS,3,0.0,0,0
GDL,Perfil ETS,4,0.0,0,0
GDL,Perfil ETS,5,30172.38,7,7
GDL,Perfil ETS,6,17672.4,4,4
GDL,Perfil ETS,7,21810.34,5,5
GDL,Perfil ETS,8,28448.28,7,7
GDL,Acido úrico,1,0.0,0,0
GDL,Acido úrico,2,0.0,0,0
GDL,Acido úrico,3,0.0,0,0
GDL,Acido úrico,4,118.1,1,1
GDL,Acido úrico,5,0.0,0,0
GDL,Acido úrico,6,118.1,1,1
GDL,Acido úrico,7,118.1,1,1
GDL,Acido úrico,8,0.0,0,0
GDL,Antimulleriana AMH (Nanogramos),1,0.0,0,0
GDL,Antimulleriana AMH (Nanogramos),2,8879.3,24,24
GDL,Antimulleriana AMH (Nanogramos),3,12758.6,47,47
GDL,Antimulleriana AMH (Nanogramos),4,4224.14,26,26
GDL,Antimulleriana AMH (Nanogramos),5,1724.14,23,23
GDL,Antimulleriana AMH (Nanogramos),6,5689.66,28,28
GDL,Antimulleriana AMH (Nanogramos),7,5172.42,35,35
GDL,Antimulleriana AMH (Nanogramos),8,8620.7,42,42
GDL,BUN,1,0.0,0,0
GDL,BUN,2,0.0,0,0
GDL,BUN,3,0.0,0,0
GDL,BUN,4,86.21,1,1
GDL,BUN,5,0.0,0,0
GDL,BUN,6,86.21,1,1
GDL,BUN,7,86.21,1,1
GDL,BUN,8,0.0,0,0
GDL,Biometria Hemática Pack,1,0.0,0,0
GDL,Biometria Hemática Pack,2,0.0,0,0
GDL,Biometria Hemática Pack,3,0.0,0,0
GDL,Biometria Hemática Pack,4,0.0,0,0
GDL,Biometria Hemática Pack,5,0.0,4,4
GDL,Biometria Hemática Pack,6,0.0,2,2
GDL,Biometria Hemática Pack,7,0.0,1,1
GDL,Biometria Hemática Pack,8,775.86,2,2
GDL,CA 125,1,0.0,0,0
GDL,CA 125,2,0.0,0,0
GDL,CA 125,3,0.0,0,0
GDL,CA 125,4,0.0,0,0
GDL,CA 125,5,0.0,0,0
GDL,CA 125,6,560.34,1,1
GDL,CA 125,7,0.0,0,0
GDL,CA 125,8,560.34,1,1
GDL,Creatinina,1,0.0,0,0
GDL,Creatinina,2,180.0,1,1
GDL,Creatinina,3,0.0,0,0
GDL,Creatinina,4,540.0,3,3
GDL,Creatinina,5,0.0,0,0
GDL,Creatinina,6,180.0,1,1
GDL,Creatinina,7,180.0,1,1
GDL,Creatinina,8,0.0,0,0
GDL,Cultivo de anaerobios,1,0.0,0,0
GDL,Cultivo de anaerobios,2,0.0,0,0
GDL,Cultivo de anaerobios,3,0.0,0,0
GDL,Cultivo de anaerobios,4,0.0,0,0
GDL,Cultivo de anaerobios,5,0.0,0,0
GDL,Cultivo de anaerobios,6,0.0,0,0
GDL,Cultivo de anaerobios,7,0.0,0,0
GDL,Cultivo de anaerobios,8,560.34,1,1
GDL,Cultivo de secreción,1,0.0,0,0
GDL,Cultivo de secreción,2,0.0,0,0
GDL,Cultivo de secreción,3,0.0,0,0
GDL,Cultivo de secreción,4,0.0,0,0
GDL,Cultivo de secreción,5,0.0,0,0
GDL,Cultivo de secreción,6,0.0,0,0
GDL,Cultivo de secreción,7,0.0,0,0
GDL,Cultivo de secreción,8,560.34,1,1
GDL,Estradiol,1,0.0,1,1
GDL,Estradiol,2,1043.1,1,2
GDL,Estradiol,3,1038.79,3,3
GDL,Estradiol,4,1564.65,3,3
GDL,Estradiol,5,1043.1,2,2
GDL,Estradiol,6,0.0,0,0
GDL,Estradiol,7,521.55,1,1
GDL,Estradiol,8,1564.65,3,3
GDL,FSH,1,0.0,0,0
GDL,FSH,2,0.0,0,0
GDL,FSH,3,387.93,1,1
GDL,FSH,4,724.14,2,2
GDL,FSH,5,387.93,1,1
GDL,FSH,6,0.0,0,0
GDL,FSH,7,336.21,1,1
GDL,FSH,8,775.86,2,2
GDL,Globulina Transportadora de Hormonas sexuales ( SHBG),1,0.0,0,0
GDL,Globulina Transportadora de Hormonas sexuales ( SHBG),2,0.0,0,0
GDL,Globulina Transportadora de Hormonas sexuales ( SHBG),3,0.0,0,0
GDL,Globulina Transportadora de Hormonas sexuales ( SHBG),4,293.1,1,1
GDL,Globulina Transportadora de Hormonas sexuales ( SHBG),5,0.0,0,0
GDL,Globulina Transportadora de Hormonas sexuales ( SHBG),6,0.0,0,0
GDL,Globulina Transportadora de Hormonas sexuales ( SHBG),7,293.1,1,1
GDL,Globulina Transportadora de Hormonas sexuales ( SHBG),8,293.1,3,1
GDL,Glucosa,1,189.66,1,1
GDL,Glucosa,2,568.98,3,3
GDL,Glucosa,3,189.66,1,1
GDL,Glucosa,4,189.66,1,1
GDL,Glucosa,5,0.0,0,0
GDL,Glucosa,6,189.66,1,1
GDL,Glucosa,7,379.32,2,2
GDL,Glucosa,8,189.66,1,1
GDL,Grupo Sanguíneo RH,1,0.0,4,4
GDL,Grupo Sanguíneo RH,2,0.0,5,5
GDL,Grupo Sanguíneo RH,3,318.97,6,6
GDL,Grupo Sanguíneo RH,4,0.0,3,3
GDL,Grupo Sanguíneo RH,5,318.97,2,2
GDL,Grupo Sanguíneo RH,6,0.0,0,0
GDL,Grupo Sanguíneo RH,7,0.0,0,0
GDL,Grupo Sanguíneo RH,8,637.94,2,2
GDL,Hemoglobina glicosilada,1,0.0,0,0
GDL,Hemoglobina glicosilada,2,0.0,0,0
GDL,Hemoglobina glicosilada,3,0.0,0,0
GDL,Hemoglobina glicosilada,4,0.0,0,0
GDL,Hemoglobina glicosilada,5,0.0,0,0
GDL,Hemoglobina glicosilada,6,0.0,0,0
GDL,Hemoglobina glicosilada,7,688.8,2,2
GDL,Hemoglobina glicosilada,8,0.0,0,0
GDL,Hepatitis B superficie HBsAg,1,0.0,0,0
GDL,Hepatitis B superficie HBsAg,2,0.0,0,0
GDL,Hepatitis B superficie HBsAg,3,0.0,0,0
GDL,Hepatitis B superficie HBsAg,4,0.0,0,0
GDL,Hepatitis B superficie HBsAg,5,0.0,0,0
GDL,Hepatitis B superficie HBsAg,6,0.0,0,0
GDL,Hepatitis B superficie HBsAg,7,862.07,1,1
GDL,Hepatitis B superficie HBsAg,8,0.0,0,0
GDL,Hormona Luteinizante (LH),1,0.0,0,0
GDL,Hormona Luteinizante (LH),2,1043.1,1,2
GDL,Hormona Luteinizante (LH),3,521.55,1,1
GDL,Hormona Luteinizante (LH),4,1043.1,2,2
GDL,Hormona Luteinizante (LH),5,521.55,1,1
GDL,Hormona Luteinizante (LH),6,0.0,0,0
GDL,Hormona Luteinizante (LH),7,521.55,2,2
GDL,Hormona Luteinizante (LH),8,1564.65,5,3
GDL,Insulina basal,1,474.14,1,1
GDL,Insulina basal,2,1422.42,3,3
GDL,Insulina basal,3,474.14,1,1
GDL,Insulina basal,4,948.28,2,2
GDL,Insulina basal,5,948.28,2,2
GDL,Insulina basal,6,474.14,1,1
GDL,Insulina basal,7,2660.36,7,7
GDL,Insulina basal,8,1370.69,3,3
GDL,Panel de detección de 10 ETS,1,0.0,0,0
GDL,Panel de detección de 10 ETS,2,0.0,0,0
GDL,Panel de detección de 10 ETS,3,0.0,0,0
GDL,Panel de detección de 10 ETS,4,0.0,0,0
GDL,Panel de detección de 10 ETS,5,0.0,0,0
GDL,Panel de detección de 10 ETS,6,0.0,0,0
GDL,Panel de detección de 10 ETS,7,0.0,0,0
GDL,Panel de detección de 10 ETS,8,4741.38,1,1
GDL,Paquete Análisis Serología,1,1896.55,7,7
GDL,Paquete Análisis Serología,2,4310.34,6,6
GDL,Paquete Análisis Serología,3,3793.1,8,8
GDL,Paquete Análisis Serología,4,2155.17,5,5
GDL,Paquete Análisis Serología,5,4310.34,6,6
GDL,Paquete Análisis Serología,6,0.0,9,9
GDL,Paquete Análisis Serología,7,4310.34,6,6
GDL,Paquete Análisis Serología,8,8620.68,13,13
GDL,Paquete Hormonas Basales,1,0.0,0,0
GDL,Paquete Hormonas Basales,2,0.0,0,0
GDL,Paquete Hormonas Basales,3,0.0,0,0
GDL,Paquete Hormonas Basales,4,5172.42,2,2
GDL,Paquete Hormonas Basales,5,2586.21,1,1
GDL,Paquete Hormonas Basales,6,4741.38,2,2
GDL,Paquete Hormonas Basales,7,2586.21,1,1
GDL,Paquete Hormonas Basales,8,0.0,0,0
GDL,Perfil Hepatico,1,0.0,0,0
GDL,Perfil Hepatico,2,0.0,0,0
GDL,Perfil Hepatico,3,0.0,0,0
GDL,Perfil Hepatico,4,0.0,0,0
GDL,Perfil Hepatico,5,0.0,0,0
GDL,Perfil Hepatico,6,629.31,1,1
GDL,Perfil Hepatico,7,629.31,1,1
GDL,Perfil Hepatico,8,566.38,2,2
GDL,Perfil de lípidos,1,0.0,0,0
GDL,Perfil de lípidos,2,853.45,1,1
GDL,Perfil de lípidos,3,0.0,0,0
GDL,Perfil de lípidos,4,0.0,0,0
GDL,Perfil de lípidos,5,682.76,1,1
GDL,Perfil de lípidos,6,0.0,0,0
GDL,Perfil de lípidos,7,4320.7,6,6
GDL,Perfil de lípidos,8,2475.0,3,3
GDL,Perfil pre operatorios,1,0.0,0,0
GDL,Perfil pre operatorios,2,0.0,0,0
GDL,Perfil pre operatorios,3,0.0,0,0
GDL,Perfil pre operatorios,4,0.0,0,0
GDL,Perfil pre operatorios,5,431.03,4,4
GDL,Perfil pre operatorios,6,431.03,9,9
GDL,Perfil pre operatorios,7,0.0,5,5
GDL,Perfil pre operatorios,8,862.06,10,10
GDL,Perfil preparación endometrial,1,0.0,8,8
GDL,Perfil preparación endometrial,2,956.0,2,2
GDL,Perfil preparación endometrial,3,0.0,3,3
GDL,Perfil preparación endometrial,4,478.0,4,4
GDL,Perfil preparación endometrial,5,0.0,12,8
GDL,Perfil preparación endometrial,6,478.0,6,6
GDL,Perfil preparación endometrial,7,0.0,8,8
GDL,Perfil preparación endometrial,8,956.0,14,14
GDL,Progesterona,1,0.0,1,1
GDL,Progesterona,2,775.86,1,2
GDL,Progesterona,3,0.0,0,0
GDL,Progesterona,4,775.86,3,3
GDL,Progesterona,5,387.93,1,1
GDL,Progesterona,6,0.0,1,1
GDL,Progesterona,7,0.0,0,0
GDL,Progesterona,8,387.93,1,1
GDL,Prolactina,1,387.93,2,2
GDL,Prolactina,2,1163.79,3,3
GDL,Prolactina,3,2327.58,6,6
GDL,Prolactina,4,387.93,1,1
GDL,Prolactina,5,775.86,2,2
GDL,Prolactina,6,0.0,0,0
GDL,Prolactina,7,775.86,2,2
GDL,Prolactina,8,1163.79,4,4
GDL,Química Sanguínea 28 elementos,1,0.0,0,0
GDL,Química Sanguínea 28 elementos,2,0.0,0,0
GDL,Química Sanguínea 28 elementos,3,0.0,0,0
GDL,Química Sanguínea 28 elementos,4,0.0,0,0
GDL,Química Sanguínea 28 elementos,5,1172.41,1,1
GDL,Química Sanguínea 28 elementos,6,0.0,1,1
GDL,Química Sanguínea 28 elementos,7,2931.04,2,2
GDL,Química Sanguínea 28 elementos,8,2931.04,3,3
GDL,Química Sanguínea 6 elementos,1,0.0,0,0
GDL,Química Sanguínea 6 elementos,2,0.0,0,0
GDL,Química Sanguínea 6 elementos,3,0.0,0,0
GDL,Química Sanguínea 6 elementos,4,1120.68,2,2
GDL,Química Sanguínea 6 elementos,5,0.0,0,0
GDL,Química Sanguínea 6 elementos,6,0.0,0,0
GDL,Química Sanguínea 6 elementos,7,93.1,1,1
GDL,Química Sanguínea 6 elementos,8,504.31,1,1
GDL,Subunidad beta cuantitativa,1,0.0,0,0
GDL,Subunidad beta cuantitativa,2,474.14,3,3
GDL,Subunidad beta cuantitativa,3,474.14,1,1
GDL,Subunidad beta cuantitativa,4,474.14,2,2
GDL,Subunidad beta cuantitativa,5,948.28,2,2
GDL,Subunidad beta cuantitativa,6,474.14,6,6
GDL,Subunidad beta cuantitativa,7,948.28,4,4
GDL,Subunidad beta cuantitativa,8,0.0,4,4
GDL,T3 - Total,1,0.0,0,0
GDL,T3 - Total,2,0.0,0,0
GDL,T3 - Total,3,0.0,0,0
GDL,T3 - Total,4,0.0,0,0
GDL,T3 - Total,5,0.0,0,0
GDL,T3 - Total,6,0.0,0,0
GDL,T3 - Total,7,87.14,1,1
GDL,T3 - Total,8,0.0,0,0
GDL,T4 - Libre,1,551.72,2,2
GDL,T4 - Libre,2,1103.44,4,4
GDL,T4 - Libre,3,1103.44,4,4
GDL,T4 - Libre,4,1103.44,5,5
GDL,T4 - Libre,5,551.72,2,2
GDL,T4 - Libre,6,275.86,1,1
GDL,T4 - Libre,7,946.55,4,4
GDL,T4 - Libre,8,827.58,7,5
GDL,T4 - Total,1,0.0,0,0
GDL,T4 - Total,2,0.0,0,0
GDL,T4 - Total,3,0.0,0,0
GDL,T4 - Total,4,0.0,0,0
GDL,T4 - Total,5,0.0,0,0
GDL,T4 - Total,6,0.0,0,0
GDL,T4 - Total,7,87.12,1,1
GDL,T4 - Total,8,0.0,0,0
GDL,TSH,1,775.86,4,4
GDL,TSH,2,1551.72,4,4
GDL,TSH,3,1939.65,5,5
GDL,TSH,4,387.93,1,1
GDL,TSH,5,775.86,2,2
GDL,TSH,6,0.0,0,0
GDL,TSH,7,775.86,2,2
GDL,TSH,8,2288.79,13,7
GDL,Testosterona Libre,1,0.0,0,0
GDL,Testosterona Libre,2,0.0,0,0
GDL,Testosterona Libre,3,0.0,0,0
GDL,Testosterona Libre,4,0.0,0,0
GDL,Testosterona Libre,5,1077.59,1,1
GDL,Testosterona Libre,6,0.0,0,0
GDL,Testosterona Libre,7,0.0,0,0
GDL,Testosterona Libre,8,1077.59,1,1
GDL,Testosterona Total,1,0.0,0,0
GDL,Testosterona Total,2,0.0,0,0
GDL,Testosterona Total,3,0.0,0,0
GDL,Testosterona Total,4,0.0,0,0
GDL,Testosterona Total,5,275.86,1,1
GDL,Testosterona Total,6,0.0,0,0
GDL,Testosterona Total,7,0.0,0,0
GDL,Testosterona Total,8,275.86,1,1
GDL,Testosterona Total y Testosterona Libre,1,818.97,1,1
GDL,Testosterona Total y Testosterona Libre,2,0.0,0,0
GDL,Testosterona Total y Testosterona Libre,3,0.0,0,0
GDL,Testosterona Total y Testosterona Libre,4,1637.94,2,2
GDL,Testosterona Total y Testosterona Libre,5,818.97,1,1
GDL,Testosterona Total y Testosterona Libre,6,0.0,0,0
GDL,Testosterona Total y Testosterona Libre,7,818.97,1,1
GDL,Testosterona Total y Testosterona Libre,8,818.97,3,1
GDL,Testosterona biodisponible,1,0.0,0,0
GDL,Testosterona biodisponible,2,0.0,0,0
GDL,Testosterona biodisponible,3,0.0,0,0
GDL,Testosterona biodisponible,4,1384.48,1,1
GDL,Testosterona biodisponible,5,0.0,0,0
GDL,Testosterona biodisponible,6,0.0,0,0
GDL,Testosterona biodisponible,7,0.0,0,0
GDL,Testosterona biodisponible,8,1379.31,3,1
GDL,Tiempos de Coagulación,1,0.0,4,4
GDL,Tiempos de Coagulación,2,905.17,6,6
GDL,Tiempos de Coagulación,3,905.17,6,6
GDL,Tiempos de Coagulación,4,0.0,3,3
GDL,Tiempos de Coagulación,5,905.17,2,2
GDL,Tiempos de Coagulación,6,0.0,0,0
GDL,Tiempos de Coagulación,7,0.0,0,0
GDL,Tiempos de Coagulación,8,905.17,1,1
GDL,VDRL,1,0.0,0,0
GDL,VDRL,2,0.0,0,0
GDL,VDRL,3,0.0,0,0
GDL,VDRL,4,0.0,0,0
GDL,VDRL,5,0.0,0,0
GDL,VDRL,6,387.93,1,1
GDL,VDRL,7,0.0,0,0
GDL,VDRL,8,387.93,2,2
GDL,Vitamina B-12,1,0.0,0,0
GDL,Vitamina B-12,2,0.0,0,0
GDL,Vitamina B-12,3,0.0,0,0
GDL,Vitamina B-12,4,0.0,0,0
GDL,Vitamina B-12,5,0.0,0,0
GDL,Vitamina B-12,6,0.0,0,0
GDL,Vitamina B-12,7,0.0,0,0
GDL,Vitamina B-12,8,810.34,1,1
GDL,"Vitamina D 1,25-di-hidroxi colecalciferol (Con D3)",1,2025.86,1,1
GDL,"Vitamina D 1,25-di-hidroxi colecalciferol (Con D3)",2,6077.58,3,3
GDL,"Vitamina D 1,25-di-hidroxi colecalciferol (Con D3)",3,10129.3,5,5
GDL,"Vitamina D 1,25-di-hidroxi colecalciferol (Con D3)",4,2025.86,1,1
GDL,"Vitamina D 1,25-di-hidroxi colecalciferol (Con D3)",5,2206.9,1,1
GDL,"Vitamina D 1,25-di-hidroxi colecalciferol (Con D3)",6,4051.71,3,3
GDL,"Vitamina D 1,25-di-hidroxi colecalciferol (Con D3)",7,12866.38,6,6
GDL,"Vitamina D 1,25-di-hidroxi colecalciferol (Con D3)",8,5646.55,3,3
GDL,Biopsia de endometrio,1,0.0,0,0
GDL,Biopsia de endometrio,2,0.0,0,0
GDL,Biopsia de endometrio,3,0.0,0,0
GDL,Biopsia de endometrio,4,0.0,0,0
GDL,Biopsia de endometrio,5,0.0,0,0
GDL,Biopsia de endometrio,6,0.0,0,0
GDL,Biopsia de endometrio,7,1551.72,3,1
GDL,Biopsia de endometrio,8,1551.72,1,1
GDL,"Ac. Anti TPO (Tiroperoxidasa, Microsomales)",1,0.0,0,0
GDL,"Ac. Anti TPO (Tiroperoxidasa, Microsomales)",2,0.0,0,0
GDL,"Ac. Anti TPO (Tiroperoxidasa, Microsomales)",3,0.0,0,0
GDL,"Ac. Anti TPO (Tiroperoxidasa, Microsomales)",4,0.0,0,0
GDL,"Ac. Anti TPO (Tiroperoxidasa, Microsomales)",5,0.0,0,0
GDL,"Ac. Anti TPO (Tiroperoxidasa, Microsomales)",6,603.45,1,1
GDL,"Ac. Anti TPO (Tiroperoxidasa, Microsomales)",7,0.0,0,0
GDL,"Ac. Anti TPO (Tiroperoxidasa, Microsomales)",8,1060.19,5,1
GDL,Espermatobioscopía (ED),1,2413.8,4,4
GDL,Espermatobioscopía (ED),2,2413.8,3,3
GDL,Espermatobioscopía (ED),3,5172.4,11,11
GDL,Espermatobioscopía (ED),4,8922.39,12,12
GDL,Espermatobioscopía (ED),5,11637.9,18,16
GDL,Espermatobioscopía (ED),6,12931.0,18,18
GDL,Espermatobioscopía (ED),7,15517.2,21,21
GDL,Espermatobioscopía (ED),8,10215.49,25,23
GDL,Fragmentación del ADN espermático,1,0.0,0,0
GDL,Fragmentación del ADN espermático,2,0.0,0,0
GDL,Fragmentación del ADN espermático,3,0.0,0,0
GDL,Fragmentación del ADN espermático,4,0.0,0,0
GDL,Fragmentación del ADN espermático,5,26530.2,8,8
GDL,Fragmentación del ADN espermático,6,17241.4,5,5
GDL,Fragmentación del ADN espermático,7,13793.12,4,4
GDL,Fragmentación del ADN espermático,8,47586.26,16,14
GDL,PGT-A por embrion,1,42103.45,2,5
GDL,PGT-A por embrion,2,95896.55,3,10
GDL,PGT-A por embrion,3,155792.83,9,19
GDL,PGT-A por embrion,4,297999.98,8,30
GDL,PGT-A por embrion,5,329137.88,10,32
GDL,PGT-A por embrion,6,290517.3,11,29
GDL,PGT-A por embrion,7,362241.52,11,37
GDL,PGT-A por embrion,8,362069.07,12,54
GDL,Servicios Administrativos,1,0.0,0,0
GDL,Servicios Administrativos,2,17241.38,2,2
GDL,Servicios Administrativos,3,8620.69,1,1
GDL,Servicios Administrativos,4,0.0,0,0
GDL,Servicios Administrativos,5,2155.17,1,1
GDL,Servicios Administrativos,6,0.0,0,0
GDL,Servicios Administrativos,7,21551.72,1,1
GDL,Servicios Administrativos,8,0.0,0,0
GDL,Traslado de gametos locales,1,5305.15,3,3
GDL,Traslado de gametos locales,2,0.0,0,0
GDL,Traslado de gametos locales,3,6000.0,3,3
GDL,Traslado de gametos locales,4,0.0,0,0
GDL,Traslado de gametos locales,5,2586.21,1,1
GDL,Traslado de gametos locales,6,4585.35,2,2
GDL,Traslado de gametos locales,7,2586.21,1,1
GDL,Traslado de gametos locales,8,0.0,0,0
GDL,Histeroscopia diagnostica,1,0.0,0,0
GDL,Histeroscopia diagnostica,2,0.0,0,0
GDL,Histeroscopia diagnostica,3,34482.76,2,2
GDL,Histeroscopia diagnostica,4,17241.38,1,1
GDL,Histeroscopia diagnostica,5,17241.38,1,1
GDL,Histeroscopia diagnostica,6,0.0,0,0
GDL,Histeroscopia diagnostica,7,34482.76,2,2
GDL,Histeroscopia diagnostica,8,43103.44,3,3
GDL,Sedación (Anestesia),1,0.0,0,0
GDL,Sedación (Anestesia),2,0.0,0,0
GDL,Sedación (Anestesia),3,0.0,0,0
GDL,Sedación (Anestesia),4,0.0,0,0
GDL,Sedación (Anestesia),5,0.0,0,0
GDL,Sedación (Anestesia),6,0.0,0,0
GDL,Sedación (Anestesia),7,0.0,0,0
GDL,Sedación (Anestesia),8,5172.41,1,1
GDL,[EX] Histeroscopia diagnostica,1,0.0,0,0
GDL,[EX] Histeroscopia diagnostica,2,0.0,0,0
GDL,[EX] Histeroscopia diagnostica,3,30172.42,2,2
GDL,[EX] Histeroscopia diagnostica,4,15086.21,1,1
GDL,[EX] Histeroscopia diagnostica,5,45258.63,3,3
GDL,[EX] Histeroscopia diagnostica,6,60344.84,4,4
GDL,[EX] Histeroscopia diagnostica,7,24482.78,4,2
GDL,[EX] Histeroscopia diagnostica,8,0.0,0,0
GDL,Donación esperma - LAFER - Europeo,1,0.0,0,0
GDL,Donación esperma - LAFER - Europeo,2,0.0,0,0
GDL,Donación esperma - LAFER - Europeo,3,0.0,0,0
GDL,Donación esperma - LAFER - Europeo,4,0.0,0,0
GDL,Donación esperma - LAFER - Europeo,5,21551.72,1,1
GDL,Donación esperma - LAFER - Europeo,6,0.0,0,0
GDL,Donación esperma - LAFER - Europeo,7,21551.72,1,1
GDL,Donación esperma - LAFER - Europeo,8,0.0,0,0
GDL,Donación esperma - LAFER - Extranjero,1,0.0,0,0
GDL,Donación esperma - LAFER - Extranjero,2,0.0,0,0
GDL,Donación esperma - LAFER - Extranjero,3,0.0,0,0
GDL,Donación esperma - LAFER - Extranjero,4,0.0,0,0
GDL,Donación esperma - LAFER - Extranjero,5,0.0,0,0
GDL,Donación esperma - LAFER - Extranjero,6,0.0,0,0
GDL,Donación esperma - LAFER - Extranjero,7,34482.76,2,2
GDL,Donación esperma - LAFER - Extranjero,8,0.0,0,0
GDL,Donación esperma - LAFER - Nacional,1,0.0,0,0
GDL,Donación esperma - LAFER - Nacional,2,0.0,0,0
GDL,Donación esperma - LAFER - Nacional,3,0.0,0,0
GDL,Donación esperma - LAFER - Nacional,4,0.0,0,0
GDL,Donación esperma - LAFER - Nacional,5,0.0,0,0
GDL,Donación esperma - LAFER - Nacional,6,12931.03,1,1
GDL,Donación esperma - LAFER - Nacional,7,38793.1,2,3
GDL,Donación esperma - LAFER - Nacional,8,0.0,0,0
GDL,FIV con 3 Transferencias / IVF with 3 Transfers- GDL,1,0.0,0,0
GDL,FIV con 3 Transferencias / IVF with 3 Transfers- GDL,2,0.0,0,0
GDL,FIV con 3 Transferencias / IVF with 3 Transfers- GDL,3,0.0,0,0
GDL,FIV con 3 Transferencias / IVF with 3 Transfers- GDL,4,0.0,0,0
GDL,FIV con 3 Transferencias / IVF with 3 Transfers- GDL,5,365086.22,4,4
GDL,FIV con 3 Transferencias / IVF with 3 Transfers- GDL,6,331896.56,4,4
GDL,FIV con 3 Transferencias / IVF with 3 Transfers- GDL,7,80603.45,1,1
GDL,FIV con 3 Transferencias / IVF with 3 Transfers- GDL,8,151724.14,2,2
GDL,[EX] Biopsia testicular para FIV/ ICSI,1,0.0,0,0
GDL,[EX] Biopsia testicular para FIV/ ICSI,2,0.0,0,0
GDL,[EX] Biopsia testicular para FIV/ ICSI,3,13793.1,1,1
GDL,[EX] Biopsia testicular para FIV/ ICSI,4,0.0,0,0
GDL,[EX] Biopsia testicular para FIV/ ICSI,5,13793.1,1,1
GDL,[EX] Biopsia testicular para FIV/ ICSI,6,27586.2,2,2
GDL,[EX] Biopsia testicular para FIV/ ICSI,7,0.0,0,0
GDL,[EX] Biopsia testicular para FIV/ ICSI,8,13793.1,1,1
GDL,[EX] Captura + Fertilización GDL,1,0.0,0,0
GDL,[EX] Captura + Fertilización GDL,2,0.0,0,0
GDL,[EX] Captura + Fertilización GDL,3,46551.72,2,2
GDL,[EX] Captura + Fertilización GDL,4,0.0,0,0
GDL,[EX] Captura + Fertilización GDL,5,46551.72,2,2
GDL,[EX] Captura + Fertilización GDL,6,324137.3,16,14
GDL,[EX] Captura + Fertilización GDL,7,23275.86,1,1
GDL,[EX] Captura + Fertilización GDL,8,0.0,2,0
GDL,[EX] Captura GDL,1,0.0,0,0
GDL,[EX] Captura GDL,2,0.0,0,0
GDL,[EX] Captura GDL,3,0.0,0,0
GDL,[EX] Captura GDL,4,155172.4,10,10
GDL,[EX] Captura GDL,5,120689.66,7,7
GDL,[EX] Captura GDL,6,17241.38,1,1
GDL,[EX] Captura GDL,7,8620.69,1,1
GDL,[EX] Captura GDL,8,204958.09,16,14
GDL,[EX] Captura sin recuperación GDL,1,0.0,0,0
GDL,[EX] Captura sin recuperación GDL,2,0.0,0,0
GDL,[EX] Captura sin recuperación GDL,3,0.0,0,0
GDL,[EX] Captura sin recuperación GDL,4,18103.45,1,1
GDL,[EX] Captura sin recuperación GDL,5,0.0,0,0
GDL,[EX] Captura sin recuperación GDL,6,18103.45,1,1
GDL,[EX] Captura sin recuperación GDL,7,0.0,0,0
GDL,[EX] Captura sin recuperación GDL,8,12931.04,1,1
GDL,[EX] Fertilización,1,0.0,0,0
GDL,[EX] Fertilización,2,0.0,0,0
GDL,[EX] Fertilización,3,12068.96,2,2
GDL,[EX] Fertilización,4,42241.36,7,7
GDL,[EX] Fertilización,5,48275.84,8,8
GDL,[EX] Fertilización,6,6034.48,1,1
GDL,[EX] Fertilización,7,6034.48,1,1
GDL,[EX] Fertilización,8,65700.83,13,11
GDL,Inseminacion GDL,1,0.0,0,0
GDL,Inseminacion GDL,2,0.0,0,0
GDL,Inseminacion GDL,3,0.0,0,0
GDL,Inseminacion GDL,4,15948.28,1,1
GDL,Inseminacion GDL,5,15948.28,5,1
GDL,Inseminacion GDL,6,0.0,0,0
GDL,Inseminacion GDL,7,15948.28,1,1
GDL,Inseminacion GDL,8,62198.29,4,4
GDL,"[EX] Inseminación Intrauterina (Incluye: Uso de consultorio, enfermera, capacitación y consumibles)",1,6465.52,1,1
GDL,"[EX] Inseminación Intrauterina (Incluye: Uso de consultorio, enfermera, capacitación y consumibles)",2,6465.52,1,1
GDL,"[EX] Inseminación Intrauterina (Incluye: Uso de consultorio, enfermera, capacitación y consumibles)",3,6465.52,1,1
GDL,"[EX] Inseminación Intrauterina (Incluye: Uso de consultorio, enfermera, capacitación y consumibles)",4,12931.04,2,2
GDL,"[EX] Inseminación Intrauterina (Incluye: Uso de consultorio, enfermera, capacitación y consumibles)",5,19396.56,3,3
GDL,"[EX] Inseminación Intrauterina (Incluye: Uso de consultorio, enfermera, capacitación y consumibles)",6,25862.08,4,4
GDL,"[EX] Inseminación Intrauterina (Incluye: Uso de consultorio, enfermera, capacitación y consumibles)",7,12931.04,2,2
GDL,"[EX] Inseminación Intrauterina (Incluye: Uso de consultorio, enfermera, capacitación y consumibles)",8,32327.6,5,5
GDL,[EX] Transferencia GDL,1,0.0,0,0
GDL,[EX] Transferencia GDL,2,0.0,0,0
GDL,[EX] Transferencia GDL,3,0.0,0,0
GDL,[EX] Transferencia GDL,4,0.0,0,0
GDL,[EX] Transferencia GDL,5,0.0,1,1
GDL,[EX] Transferencia GDL,6,36206.88,6,6
GDL,[EX] Transferencia GDL,7,12068.96,2,2
GDL,[EX] Transferencia GDL,8,36206.88,6,6
GDL,[EX] Transferencia de congelados GDL,1,21280.18,4,4
GDL,[EX] Transferencia de congelados GDL,2,0.0,0,0
GDL,[EX] Transferencia de congelados GDL,3,96250.0,10,10
GDL,[EX] Transferencia de congelados GDL,4,24006.03,4,4
GDL,[EX] Transferencia de congelados GDL,5,25000.0,4,4
GDL,[EX] Transferencia de congelados GDL,6,25000.0,3,3
GDL,[EX] Transferencia de congelados GDL,7,12500.0,1,1
GDL,[EX] Transferencia de congelados GDL,8,75000.0,8,6
GDL,[FET] Transferencia de Embrión Congelado GDL - MET,1,29741.4,1,1
GDL,[FET] Transferencia de Embrión Congelado GDL - MET,2,0.0,1,1
GDL,[FET] Transferencia de Embrión Congelado GDL - MET,3,31465.52,1,1
GDL,[FET] Transferencia de Embrión Congelado GDL - MET,4,0.0,0,0
GDL,[FET] Transferencia de Embrión Congelado GDL - MET,5,31465.52,1,1
GDL,[FET] Transferencia de Embrión Congelado GDL - MET,6,31465.52,1,1
GDL,[FET] Transferencia de Embrión Congelado GDL - MET,7,58232.76,2,2
GDL,[FET] Transferencia de Embrión Congelado GDL - MET,8,0.0,0,0
GDL,Consulta de nutrición GDL,1,0.0,0,0
GDL,Consulta de nutrición GDL,2,0.0,0,0
GDL,Consulta de nutrición GDL,3,0.0,0,0
GDL,Consulta de nutrición GDL,4,0.0,0,0
GDL,Consulta de nutrición GDL,5,1379.31,1,1
GDL,Consulta de nutrición GDL,6,0.0,1,1
GDL,Consulta de nutrición GDL,7,1379.31,1,1
GDL,Consulta de nutrición GDL,8,2413.79,4,2
GDL,Terapia individual - GDL,1,0.0,0,0
GDL,Terapia individual - GDL,2,0.0,0,0
GDL,Terapia individual - GDL,3,0.0,0,0
GDL,Terapia individual - GDL,4,0.0,0,0
GDL,Terapia individual - GDL,5,0.0,0,0
GDL,Terapia individual - GDL,6,0.0,0,0
GDL,Terapia individual - GDL,7,1034.48,1,1
GDL,Terapia individual - GDL,8,1034.48,3,1
MTP,Almacenamiento de gametos 1 año,1,0.0,0,0
MTP,Almacenamiento de gametos 1 año,2,0.0,0,0
MTP,Almacenamiento de gametos 1 año,3,0.0,0,0
MTP,Almacenamiento de gametos 1 año,4,0.0,0,0
MTP,Almacenamiento de gametos 1 año,5,12068.96,2,2
MTP,Almacenamiento de gametos 1 año,6,18965.51,6,6
MTP,Almacenamiento de gametos 1 año,7,4310.34,1,1
MTP,Almacenamiento de gametos 1 año,8,43103.42,17,17
MTP,Almacenamiento de gametos 5 años,1,0.0,0,0
MTP,Almacenamiento de gametos 5 años,2,0.0,0,0
MTP,Almacenamiento de gametos 5 años,3,0.0,0,0
MTP,Almacenamiento de gametos 5 años,4,0.0,0,0
MTP,Almacenamiento de gametos 5 años,5,0.0,0,0
MTP,Almacenamiento de gametos 5 años,6,25862.06,2,2
MTP,Almacenamiento de gametos 5 años,7,0.0,0,0
MTP,Almacenamiento de gametos 5 años,8,17241.38,1,1
MTP,Congelamiento de embriones MET,1,51896.62,1,1
MTP,Congelamiento de embriones MET,2,0.0,0,0
MTP,Congelamiento de embriones MET,3,0.0,0,0
MTP,Congelamiento de embriones MET,4,0.0,0,0
MTP,Congelamiento de embriones MET,5,0.0,0,0
MTP,Congelamiento de embriones MET,6,0.0,0,0
MTP,Congelamiento de embriones MET,7,0.0,0,0
MTP,Congelamiento de embriones MET,8,54956.9,1,1
MTP,Congelamiento de semen (por depósito) CDMX - GDL - MET,1,0.0,0,0
MTP,Congelamiento de semen (por depósito) CDMX - GDL - MET,2,0.0,0,0
MTP,Congelamiento de semen (por depósito) CDMX - GDL - MET,3,0.0,0,0
MTP,Congelamiento de semen (por depósito) CDMX - GDL - MET,4,0.0,0,0
MTP,Congelamiento de semen (por depósito) CDMX - GDL - MET,5,0.0,0,0
MTP,Congelamiento de semen (por depósito) CDMX - GDL - MET,6,8620.69,2,2
MTP,Congelamiento de semen (por depósito) CDMX - GDL - MET,7,4310.34,1,1
MTP,Congelamiento de semen (por depósito) CDMX - GDL - MET,8,4310.34,1,1
MTP,Check up ginecologico,1,0.0,0,0
MTP,Check up ginecologico,2,0.0,0,0
MTP,Check up ginecologico,3,0.0,0,0
MTP,Check up ginecologico,4,0.0,0,0
MTP,Check up ginecologico,5,3448.28,2,2
MTP,Check up ginecologico,6,2586.2,2,2
MTP,Check up ginecologico,7,3879.3,3,3
MTP,Check up ginecologico,8,1293.1,16,16
MTP,Consulta de primera vez,1,0.0,0,0
MTP,Consulta de primera vez,2,0.0,0,0
MTP,Consulta de primera vez,3,0.0,0,0
MTP,Consulta de primera vez,4,862.07,2,2
MTP,Consulta de primera vez,5,6465.5,6,6
MTP,Consulta de primera vez,6,2586.2,4,4
MTP,Consulta de primera vez,7,862.07,19,19
MTP,Consulta de primera vez,8,0.0,25,25
MTP,Check up Fertilidad Mujeres,1,0.0,0,0
MTP,Check up Fertilidad Mujeres,2,0.0,0,0
MTP,Check up Fertilidad Mujeres,3,0.0,0,0
MTP,Check up Fertilidad Mujeres,4,0.0,0,0
MTP,Check up Fertilidad Mujeres,5,5689.65,3,3
MTP,Check up Fertilidad Mujeres,6,3793.1,2,2
MTP,Check up Fertilidad Mujeres,7,7415.51,4,4
MTP,Check up Fertilidad Mujeres,8,3622.41,2,2
MTP,Check up Fertilidad Parejas,1,0.0,0,0
MTP,Check up Fertilidad Parejas,2,0.0,0,0
MTP,Check up Fertilidad Parejas,3,0.0,0,0
MTP,Check up Fertilidad Parejas,4,0.0,0,0
MTP,Check up Fertilidad Parejas,5,6034.48,2,2
MTP,Check up Fertilidad Parejas,6,3017.24,1,1
MTP,Check up Fertilidad Parejas,7,3017.24,1,1
MTP,Check up Fertilidad Parejas,8,9051.72,3,3
MTP,Plática de resultados,1,517.24,1,1
MTP,Plática de resultados,2,1034.48,2,2
MTP,Plática de resultados,3,0.0,0,0
MTP,Plática de resultados,4,0.0,0,0
MTP,Plática de resultados,5,517.24,1,1
MTP,Plática de resultados,6,0.0,0,0
MTP,Plática de resultados,7,517.24,1,1
MTP,Plática de resultados,8,0.0,0,0
MTP,ASPIRINA PROTEC 100MG 28 TAB,1,0.0,0,0
MTP,ASPIRINA PROTEC 100MG 28 TAB,2,240.0,1,1
MTP,ASPIRINA PROTEC 100MG 28 TAB,3,1200.0,5,5
MTP,ASPIRINA PROTEC 100MG 28 TAB,4,480.0,2,2
MTP,ASPIRINA PROTEC 100MG 28 TAB,5,240.0,1,1
MTP,ASPIRINA PROTEC 100MG 28 TAB,6,0.0,0,0
MTP,ASPIRINA PROTEC 100MG 28 TAB,7,480.0,2,2
MTP,ASPIRINA PROTEC 100MG 28 TAB,8,720.0,3,3
MTP,Cetrotide 0.25mg,1,16032.0,5,12
MTP,Cetrotide 0.25mg,2,33400.0,10,25
MTP,Cetrotide 0.25mg,3,40080.0,11,30
MTP,Cetrotide 0.25mg,4,32064.0,10,24
MTP,Cetrotide 0.25mg,5,37408.0,11,28
MTP,Cetrotide 0.25mg,6,10688.0,3,8
MTP,Cetrotide 0.25mg,7,18704.0,4,14
MTP,Cetrotide 0.25mg,8,28056.0,10,24
MTP,GONAL-F PEN2.0 - 300IU,1,0.0,0,0
MTP,GONAL-F PEN2.0 - 300IU,2,5018.0,1,1
MTP,GONAL-F PEN2.0 - 300IU,3,15450.0,3,3
MTP,GONAL-F PEN2.0 - 300IU,4,36050.0,6,7
MTP,GONAL-F PEN2.0 - 300IU,5,33000.0,4,6
MTP,GONAL-F PEN2.0 - 300IU,6,5500.0,1,1
MTP,GONAL-F PEN2.0 - 300IU,7,27500.0,3,5
MTP,GONAL-F PEN2.0 - 300IU,8,22000.0,4,4
MTP,GONAL-F PEN2.0 - 900IU,1,0.0,0,0
MTP,GONAL-F PEN2.0 - 900IU,2,38286.0,3,3
MTP,GONAL-F PEN2.0 - 900IU,3,178668.0,14,14
MTP,GONAL-F PEN2.0 - 900IU,4,127620.0,7,10
MTP,GONAL-F PEN2.0 - 900IU,5,191100.0,13,14
MTP,GONAL-F PEN2.0 - 900IU,6,27300.0,2,2
MTP,GONAL-F PEN2.0 - 900IU,7,81900.0,5,6
MTP,GONAL-F PEN2.0 - 900IU,8,95550.0,6,7
MTP,Gonapeptyl Daily 0.1 (por ampolla),1,6328.0,4,14
MTP,Gonapeptyl Daily 0.1 (por ampolla),2,3616.0,4,8
MTP,Gonapeptyl Daily 0.1 (por ampolla),3,4520.0,5,10
MTP,Gonapeptyl Daily 0.1 (por ampolla),4,3616.0,4,8
MTP,Gonapeptyl Daily 0.1 (por ampolla),5,2880.0,3,6
MTP,Gonapeptyl Daily 0.1 (por ampolla),6,1920.0,2,4
MTP,Gonapeptyl Daily 0.1 (por ampolla),7,1920.0,2,4
MTP,Gonapeptyl Daily 0.1 (por ampolla),8,4800.0,5,10
MTP,LEVONORGESTREL/ ETINILESTRADIOL 0.15/0.03MG 21 TAB (MICROGYNON),1,0.0,0,0
MTP,LEVONORGESTREL/ ETINILESTRADIOL 0.15/0.03MG 21 TAB (MICROGYNON),2,414.0,1,1
MTP,LEVONORGESTREL/ ETINILESTRADIOL 0.15/0.03MG 21 TAB (MICROGYNON),3,828.0,2,2
MTP,LEVONORGESTREL/ ETINILESTRADIOL 0.15/0.03MG 21 TAB (MICROGYNON),4,828.0,2,2
MTP,LEVONORGESTREL/ ETINILESTRADIOL 0.15/0.03MG 21 TAB (MICROGYNON),5,828.0,2,2
MTP,LEVONORGESTREL/ ETINILESTRADIOL 0.15/0.03MG 21 TAB (MICROGYNON),6,414.0,1,1
MTP,LEVONORGESTREL/ ETINILESTRADIOL 0.15/0.03MG 21 TAB (MICROGYNON),7,0.0,0,0
MTP,LEVONORGESTREL/ ETINILESTRADIOL 0.15/0.03MG 21 TAB (MICROGYNON),8,1656.0,5,5
MTP,Letz 2.5mg,1,0.0,0,0
MTP,Letz 2.5mg,2,0.0,0,0
MTP,Letz 2.5mg,3,2400.0,3,3
MTP,Letz 2.5mg,4,0.0,0,0
MTP,Letz 2.5mg,5,0.0,0,0
MTP,Letz 2.5mg,6,800.0,1,1
MTP,Letz 2.5mg,7,0.0,0,0
MTP,Letz 2.5mg,8,800.0,1,1
MTP,Merapur 75 UI (por ampolla),1,55366.0,10,70
MTP,Merapur 75 UI (por ampolla),2,56161.0,14,71
MTP,Merapur 75 UI (por ampolla),3,49833.0,11,63
MTP,Merapur 75 UI (por ampolla),4,43505.0,10,55
MTP,Merapur 75 UI (por ampolla),5,44500.0,10,50
MTP,Merapur 75 UI (por ampolla),6,19580.0,3,22
MTP,Merapur 75 UI (por ampolla),7,84550.0,16,95
MTP,Merapur 75 UI (por ampolla),8,68530.0,15,81
MTP,NOCELE 30 CAPSULAS,1,0.0,0,0
MTP,NOCELE 30 CAPSULAS,2,0.0,0,0
MTP,NOCELE 30 CAPSULAS,3,0.0,0,0
MTP,NOCELE 30 CAPSULAS,4,0.0,0,0
MTP,NOCELE 30 CAPSULAS,5,0.0,0,0
MTP,NOCELE 30 CAPSULAS,6,0.0,0,0
MTP,NOCELE 30 CAPSULAS,7,0.0,0,0
MTP,NOCELE 30 CAPSULAS,8,1500.0,5,5
MTP,OGESTAN ANDRACTIV 30 CAPSULAS,1,0.0,0,0
MTP,OGESTAN ANDRACTIV 30 CAPSULAS,2,0.0,0,0
MTP,OGESTAN ANDRACTIV 30 CAPSULAS,3,0.0,0,0
MTP,OGESTAN ANDRACTIV 30 CAPSULAS,4,0.0,0,0
MTP,OGESTAN ANDRACTIV 30 CAPSULAS,5,0.0,0,0
MTP,OGESTAN ANDRACTIV 30 CAPSULAS,6,0.0,0,0
MTP,OGESTAN ANDRACTIV 30 CAPSULAS,7,0.0,0,0
MTP,OGESTAN ANDRACTIV 30 CAPSULAS,8,500.0,1,1
MTP,OMEGA 3 DE 90 CÁPS (MATTER),1,0.0,0,0
MTP,OMEGA 3 DE 90 CÁPS (MATTER),2,0.0,0,0
MTP,OMEGA 3 DE 90 CÁPS (MATTER),3,1120.69,1,1
MTP,OMEGA 3 DE 90 CÁPS (MATTER),4,1120.69,1,1
MTP,OMEGA 3 DE 90 CÁPS (MATTER),5,1120.69,1,1
MTP,OMEGA 3 DE 90 CÁPS (MATTER),6,0.0,0,0
MTP,OMEGA 3 DE 90 CÁPS (MATTER),7,1120.69,1,1
MTP,OMEGA 3 DE 90 CÁPS (MATTER),8,0.0,0,0
MTP,OVIDREL F-PEN 250MCG - PLUMAS,1,0.0,0,0
MTP,OVIDREL F-PEN 250MCG - PLUMAS,2,12294.0,3,6
MTP,OVIDREL F-PEN 250MCG - PLUMAS,3,12618.0,6,6
MTP,OVIDREL F-PEN 250MCG - PLUMAS,4,10515.0,5,5
MTP,OVIDREL F-PEN 250MCG - PLUMAS,5,11750.0,4,5
MTP,OVIDREL F-PEN 250MCG - PLUMAS,6,4700.0,2,2
MTP,OVIDREL F-PEN 250MCG - PLUMAS,7,7050.0,3,3
MTP,OVIDREL F-PEN 250MCG - PLUMAS,8,14100.0,6,6
MTP,PREDNISONA 20 MG C/30 TAB (METICORTEN) ASPEN,1,0.0,0,0
MTP,PREDNISONA 20 MG C/30 TAB (METICORTEN) ASPEN,2,0.0,0,0
MTP,PREDNISONA 20 MG C/30 TAB (METICORTEN) ASPEN,3,750.0,1,1
MTP,PREDNISONA 20 MG C/30 TAB (METICORTEN) ASPEN,4,750.0,1,1
MTP,PREDNISONA 20 MG C/30 TAB (METICORTEN) ASPEN,5,750.0,1,1
MTP,PREDNISONA 20 MG C/30 TAB (METICORTEN) ASPEN,6,1500.0,2,2
MTP,PREDNISONA 20 MG C/30 TAB (METICORTEN) ASPEN,7,1500.0,2,2
MTP,PREDNISONA 20 MG C/30 TAB (METICORTEN) ASPEN,8,750.0,1,1
MTP,PRIMOGYN 2 MG C/28 GRAG,1,0.0,0,0
MTP,PRIMOGYN 2 MG C/28 GRAG,2,0.0,0,0
MTP,PRIMOGYN 2 MG C/28 GRAG,3,1000.0,1,1
MTP,PRIMOGYN 2 MG C/28 GRAG,4,2000.0,2,2
MTP,PRIMOGYN 2 MG C/28 GRAG,5,2000.0,2,2
MTP,PRIMOGYN 2 MG C/28 GRAG,6,0.0,0,0
MTP,PRIMOGYN 2 MG C/28 GRAG,7,6000.0,6,6
MTP,PRIMOGYN 2 MG C/28 GRAG,8,4000.0,4,4
MTP,REGENESIX MAX CAPSULAS,1,0.0,0,0
MTP,REGENESIX MAX CAPSULAS,2,0.0,0,0
MTP,REGENESIX MAX CAPSULAS,3,0.0,0,0
MTP,REGENESIX MAX CAPSULAS,4,0.0,0,0
MTP,REGENESIX MAX CAPSULAS,5,0.0,0,0
MTP,REGENESIX MAX CAPSULAS,6,0.0,0,0
MTP,REGENESIX MAX CAPSULAS,7,0.0,0,0
MTP,REGENESIX MAX CAPSULAS,8,2400.0,3,3
MTP,SUPLEMENTO - FORCELL FEM,1,0.0,0,0
MTP,SUPLEMENTO - FORCELL FEM,2,895.0,1,1
MTP,SUPLEMENTO - FORCELL FEM,3,3580.0,3,4
MTP,SUPLEMENTO - FORCELL FEM,4,1790.0,2,2
MTP,SUPLEMENTO - FORCELL FEM,5,0.0,0,0
MTP,SUPLEMENTO - FORCELL FEM,6,0.0,0,0
MTP,SUPLEMENTO - FORCELL FEM,7,895.0,1,1
MTP,SUPLEMENTO - FORCELL FEM,8,0.0,0,0
MTP,SUPLEMENTO - FORCELL MEN,1,0.0,0,0
MTP,SUPLEMENTO - FORCELL MEN,2,0.0,0,0
MTP,SUPLEMENTO - FORCELL MEN,3,4724.0,2,2
MTP,SUPLEMENTO - FORCELL MEN,4,4724.0,2,2
MTP,SUPLEMENTO - FORCELL MEN,5,2362.0,1,1
MTP,SUPLEMENTO - FORCELL MEN,6,2362.0,1,1
MTP,SUPLEMENTO - FORCELL MEN,7,7086.0,3,3
MTP,SUPLEMENTO - FORCELL MEN,8,2362.0,1,1
MTP,UTROGESTAN 100MG CAP CAJ C/30,1,0.0,0,0
MTP,UTROGESTAN 100MG CAP CAJ C/30,2,0.0,0,0
MTP,UTROGESTAN 100MG CAP CAJ C/30,3,14950.0,10,23
MTP,UTROGESTAN 100MG CAP CAJ C/30,4,5850.0,4,9
MTP,UTROGESTAN 100MG CAP CAJ C/30,5,5200.0,2,8
MTP,UTROGESTAN 100MG CAP CAJ C/30,6,7150.0,3,11
MTP,UTROGESTAN 100MG CAP CAJ C/30,7,13000.0,5,20
MTP,UTROGESTAN 100MG CAP CAJ C/30,8,8450.0,8,15
MTP,Histerosonografía,1,2887.93,1,1
MTP,Histerosonografía,2,0.0,0,0
MTP,Histerosonografía,3,0.0,0,0
MTP,Histerosonografía,4,0.0,0,0
MTP,Histerosonografía,5,0.0,0,0
MTP,Histerosonografía,6,3017.24,1,1
MTP,Histerosonografía,7,0.0,0,0
MTP,Histerosonografía,8,3017.24,1,1
MTP,Ultrasonido,1,7758.6,6,6
MTP,Ultrasonido,2,9051.71,5,7
MTP,Ultrasonido,3,7758.61,3,6
MTP,Ultrasonido,4,2586.2,2,2
MTP,Ultrasonido,5,1293.1,1,1
MTP,Ultrasonido,6,5172.4,4,4
MTP,Ultrasonido,7,7758.61,5,6
MTP,Ultrasonido,8,5172.4,4,4
MTP,Papanicolaou,1,0.0,2,2
MTP,Papanicolaou,2,0.0,5,5
MTP,Papanicolaou,3,0.0,2,2
MTP,Papanicolaou,4,2355.18,5,5
MTP,Papanicolaou,5,0.0,2,2
MTP,Papanicolaou,6,0.0,1,1
MTP,Papanicolaou,7,1120.69,3,3
MTP,Papanicolaou,8,3362.07,4,4
MTP,Estradiol,1,0.0,0,0
MTP,Estradiol,2,0.0,0,0
MTP,Estradiol,3,0.0,0,0
MTP,Estradiol,4,1043.1,2,2
MTP,Estradiol,5,0.0,0,0
MTP,Estradiol,6,0.0,0,0
MTP,Estradiol,7,521.55,1,1
MTP,Estradiol,8,0.0,0,0
MTP,Examen general de orina,1,0.0,0,0
MTP,Examen general de orina,2,0.0,0,0
MTP,Examen general de orina,3,0.0,0,0
MTP,Examen general de orina,4,0.0,0,0
MTP,Examen general de orina,5,0.0,0,0
MTP,Examen general de orina,6,0.0,0,0
MTP,Examen general de orina,7,465.52,2,2
MTP,Examen general de orina,8,232.76,1,1
MTP,FSH,1,387.93,1,1
MTP,FSH,2,0.0,0,0
MTP,FSH,3,775.86,2,2
MTP,FSH,4,775.86,2,2
MTP,FSH,5,0.0,0,0
MTP,FSH,6,0.0,0,0
MTP,FSH,7,387.93,1,1
MTP,FSH,8,0.0,0,0
MTP,Glucosa,1,0.0,0,0
MTP,Glucosa,2,0.0,0,0
MTP,Glucosa,3,0.0,0,0
MTP,Glucosa,4,189.66,1,1
MTP,Glucosa,5,189.66,1,1
MTP,Glucosa,6,379.32,2,2
MTP,Glucosa,7,379.32,2,2
MTP,Glucosa,8,379.32,2,2
MTP,Grupo Sanguíneo RH,1,0.0,4,4
MTP,Grupo Sanguíneo RH,2,318.97,6,6
MTP,Grupo Sanguíneo RH,3,0.0,4,4
MTP,Grupo Sanguíneo RH,4,0.0,2,2
MTP,Grupo Sanguíneo RH,5,0.0,6,6
MTP,Grupo Sanguíneo RH,6,0.0,0,0
MTP,Grupo Sanguíneo RH,7,318.97,4,4
MTP,Grupo Sanguíneo RH,8,0.0,5,5
MTP,Hormona Luteinizante (LH),1,0.0,0,0
MTP,Hormona Luteinizante (LH),2,0.0,0,0
MTP,Hormona Luteinizante (LH),3,1043.1,2,2
MTP,Hormona Luteinizante (LH),4,1043.1,2,2
MTP,Hormona Luteinizante (LH),5,0.0,0,0
MTP,Hormona Luteinizante (LH),6,0.0,0,0
MTP,Hormona Luteinizante (LH),7,521.55,1,1
MTP,Hormona Luteinizante (LH),8,0.0,0,0
MTP,Insulina basal,1,0.0,0,0
MTP,Insulina basal,2,0.0,0,0
MTP,Insulina basal,3,948.28,2,2
MTP,Insulina basal,4,948.28,2,2
MTP,Insulina basal,5,474.14,1,1
MTP,Insulina basal,6,948.28,2,2
MTP,Insulina basal,7,1896.56,4,4
MTP,Insulina basal,8,1422.42,3,3
MTP,Paquete Análisis Serología,1,0.0,0,0
MTP,Paquete Análisis Serología,2,4310.34,4,4
MTP,Paquete Análisis Serología,3,4310.34,2,2
MTP,Paquete Análisis Serología,4,6465.51,3,3
MTP,Paquete Análisis Serología,5,2155.17,1,1
MTP,Paquete Análisis Serología,6,4310.34,2,2
MTP,Paquete Análisis Serología,7,15086.19,7,7
MTP,Paquete Análisis Serología,8,4310.34,2,2
MTP,Perfil androgenico femenino,1,0.0,0,0
MTP,Perfil androgenico femenino,2,0.0,0,0
MTP,Perfil androgenico femenino,3,0.0,0,0
MTP,Perfil androgenico femenino,4,4310.34,2,2
MTP,Perfil androgenico femenino,5,0.0,0,0
MTP,Perfil androgenico femenino,6,0.0,0,0
MTP,Perfil androgenico femenino,7,4310.34,2,2
MTP,Perfil androgenico femenino,8,2155.17,1,1
MTP,Perfil bioquímico de 24 elementos,1,0.0,0,0
MTP,Perfil bioquímico de 24 elementos,2,0.0,0,0
MTP,Perfil bioquímico de 24 elementos,3,2370.68,2,2
MTP,Perfil bioquímico de 24 elementos,4,1185.34,1,1
MTP,Perfil bioquímico de 24 elementos,5,0.0,0,0
MTP,Perfil bioquímico de 24 elementos,6,0.0,0,0
MTP,Perfil bioquímico de 24 elementos,7,1185.34,1,1
MTP,Perfil bioquímico de 24 elementos,8,1185.34,1,1
MTP,Perfil tiroideo sin anticuerpos,1,0.0,0,0
MTP,Perfil tiroideo sin anticuerpos,2,0.0,0,0
MTP,Perfil tiroideo sin anticuerpos,3,0.0,0,0
MTP,Perfil tiroideo sin anticuerpos,4,0.0,0,0
MTP,Perfil tiroideo sin anticuerpos,5,0.0,0,0
MTP,Perfil tiroideo sin anticuerpos,6,0.0,0,0
MTP,Perfil tiroideo sin anticuerpos,7,1793.1,2,2
MTP,Perfil tiroideo sin anticuerpos,8,1793.1,2,2
MTP,Prolactina,1,0.0,0,0
MTP,Prolactina,2,387.93,1,1
MTP,Prolactina,3,775.86,2,2
MTP,Prolactina,4,387.93,1,1
MTP,Prolactina,5,0.0,0,0
MTP,Prolactina,6,0.0,0,0
MTP,Prolactina,7,387.93,1,1
MTP,Prolactina,8,387.93,1,1
MTP,Química Sanguínea 28 elementos,1,0.0,0,0
MTP,Química Sanguínea 28 elementos,2,0.0,0,0
MTP,Química Sanguínea 28 elementos,3,0.0,0,0
MTP,Química Sanguínea 28 elementos,4,0.0,0,0
MTP,Química Sanguínea 28 elementos,5,0.0,0,0
MTP,Química Sanguínea 28 elementos,6,0.0,0,0
MTP,Química Sanguínea 28 elementos,7,1465.52,1,1
MTP,Química Sanguínea 28 elementos,8,0.0,0,0
MTP,Subunidad beta cuantitativa,1,948.28,3,3
MTP,Subunidad beta cuantitativa,2,0.0,4,4
MTP,Subunidad beta cuantitativa,3,0.0,3,3
MTP,Subunidad beta cuantitativa,4,919.83,3,3
MTP,Subunidad beta cuantitativa,5,948.28,3,3
MTP,Subunidad beta cuantitativa,6,0.0,2,2
MTP,Subunidad beta cuantitativa,7,474.14,2,2
MTP,Subunidad beta cuantitativa,8,0.0,5,5
MTP,TSH,1,0.0,0,0
MTP,TSH,2,0.0,0,0
MTP,TSH,3,775.86,2,2
MTP,TSH,4,387.93,1,1
MTP,TSH,5,0.0,0,0
MTP,TSH,6,387.93,1,1
MTP,TSH,7,387.93,1,1
MTP,TSH,8,387.93,1,1
MTP,Tiempos de Coagulación,1,0.0,4,4
MTP,Tiempos de Coagulación,2,905.17,6,6
MTP,Tiempos de Coagulación,3,0.0,4,4
MTP,Tiempos de Coagulación,4,0.0,2,2
MTP,Tiempos de Coagulación,5,0.0,6,6
MTP,Tiempos de Coagulación,6,0.0,0,0
MTP,Tiempos de Coagulación,7,905.17,4,4
MTP,Tiempos de Coagulación,8,0.0,5,5
MTP,Paquete estudios diagnóstico - MET,1,3750.0,1,1
MTP,Paquete estudios diagnóstico - MET,2,11250.0,3,3
MTP,Paquete estudios diagnóstico - MET,3,15000.0,4,4
MTP,Paquete estudios diagnóstico - MET,4,18750.0,5,5
MTP,Paquete estudios diagnóstico - MET,5,18750.0,5,5
MTP,Paquete estudios diagnóstico - MET,6,11250.0,3,3
MTP,Paquete estudios diagnóstico - MET,7,33750.0,9,9
MTP,Paquete estudios diagnóstico - MET,8,18750.0,6,6
MTP,Espermatobioscopía (ED),1,1206.9,1,1
MTP,Espermatobioscopía (ED),2,2413.8,7,7
MTP,Espermatobioscopía (ED),3,3879.3,6,6
MTP,Espermatobioscopía (ED),4,6465.5,6,6
MTP,Espermatobioscopía (ED),5,5172.4,6,6
MTP,Espermatobioscopía (ED),6,2586.2,3,3
MTP,Espermatobioscopía (ED),7,6465.5,6,6
MTP,Espermatobioscopía (ED),8,5172.4,10,10
MTP,PGT-A por embrion,1,22344.83,1,2
MTP,PGT-A por embrion,2,100551.77,3,10
MTP,PGT-A por embrion,3,52551.72,2,5
MTP,PGT-A por embrion,4,0.0,0,0
MTP,PGT-A por embrion,5,48103.44,2,4
MTP,PGT-A por embrion,6,36982.75,2,3
MTP,PGT-A por embrion,7,0.0,0,0
MTP,PGT-A por embrion,8,178060.34,5,17
MTP,Biopsia testicular,1,0.0,0,0
MTP,Biopsia testicular,2,0.0,0,0
MTP,Biopsia testicular,3,0.0,0,0
MTP,Biopsia testicular,4,0.0,0,0
MTP,Biopsia testicular,5,0.0,0,0
MTP,Biopsia testicular,6,0.0,0,0
MTP,Biopsia testicular,7,0.0,0,0
MTP,Biopsia testicular,8,28000.0,1,1
MTP,3 Coitos Programados - MET,1,0.0,0,0
MTP,3 Coitos Programados - MET,2,0.0,0,0
MTP,3 Coitos Programados - MET,3,17241.38,2,2
MTP,3 Coitos Programados - MET,4,0.0,0,0
MTP,3 Coitos Programados - MET,5,0.0,0,0
MTP,3 Coitos Programados - MET,6,8620.69,1,1
MTP,3 Coitos Programados - MET,7,0.0,0,0
MTP,3 Coitos Programados - MET,8,8620.69,1,1
MTP,FIV con 3 Transferencias / IVF with 3 Transfers- MET,1,0.0,0,0
MTP,FIV con 3 Transferencias / IVF with 3 Transfers- MET,2,0.0,0,0
MTP,FIV con 3 Transferencias / IVF with 3 Transfers- MET,3,0.0,0,0
MTP,FIV con 3 Transferencias / IVF with 3 Transfers- MET,4,51724.14,1,1
MTP,FIV con 3 Transferencias / IVF with 3 Transfers- MET,5,103448.28,2,2
MTP,FIV con 3 Transferencias / IVF with 3 Transfers- MET,6,174568.97,3,3
MTP,FIV con 3 Transferencias / IVF with 3 Transfers- MET,7,139224.14,2,2
MTP,FIV con 3 Transferencias / IVF with 3 Transfers- MET,8,230387.94,4,4
total,(Ex) Mensualidad criopreservación óvulos y/o embriones,1,517.24,1,1
total,(Ex) Mensualidad criopreservación óvulos y/o embriones,2,0.0,0,0
total,(Ex) Mensualidad criopreservación óvulos y/o embriones,3,3620.69,2,7
total,(Ex) Mensualidad criopreservación óvulos y/o embriones,4,6724.14,4,13
total,(Ex) Mensualidad criopreservación óvulos y/o embriones,5,1034.48,2,2
total,(Ex) Mensualidad criopreservación óvulos y/o embriones,6,2068.96,2,4
total,(Ex) Mensualidad criopreservación óvulos y/o embriones,7,1758.62,2,4
total,(Ex) Mensualidad criopreservación óvulos y/o embriones,8,4862.07,2,10
total,Almacenamiento de gametos 1 año,1,0.0,0,0
total,Almacenamiento de gametos 1 año,2,0.0,0,0
total,Almacenamiento de gametos 1 año,3,0.0,0,0
total,Almacenamiento de gametos 1 año,4,54310.31,10,11
total,Almacenamiento de gametos 1 año,5,264654.99,58,59
total,Almacenamiento de gametos 1 año,6,272499.8,57,57
total,Almacenamiento de gametos 1 año,7,461206.74,85,88
total,Almacenamiento de gametos 1 año,8,589008.27,123,125
total,Almacenamiento de gametos 5 años,1,0.0,0,0
total,Almacenamiento de gametos 5 años,2,0.0,0,0
total,Almacenamiento de gametos 5 años,3,0.0,0,0
total,Almacenamiento de gametos 5 años,4,141465.49,10,10
total,Almacenamiento de gametos 5 años,5,396982.63,31,36
total,Almacenamiento de gametos 5 años,6,413792.98,30,30
total,Almacenamiento de gametos 5 años,7,332327.53,23,25
total,Almacenamiento de gametos 5 años,8,457327.5,38,39
total,[EX] Anualidad Criopreservación de  Embriones,1,0.0,0,0
total,[EX] Anualidad Criopreservación de  Embriones,2,0.0,0,0
total,[EX] Anualidad Criopreservación de  Embriones,3,0.0,0,0
total,[EX] Anualidad Criopreservación de  Embriones,4,0.0,0,0
total,[EX] Anualidad Criopreservación de  Embriones,5,0.0,0,0
total,[EX] Anualidad Criopreservación de  Embriones,6,0.0,0,0
total,[EX] Anualidad Criopreservación de  Embriones,7,4310.34,1,1
total,[EX] Anualidad Criopreservación de  Embriones,8,0.0,0,0
total,(EX) EmbryoScope Kit,1,0.0,0,0
total,(EX) EmbryoScope Kit,2,0.0,0,0
total,(EX) EmbryoScope Kit,3,0.0,0,0
total,(EX) EmbryoScope Kit,4,0.0,0,0
total,(EX) EmbryoScope Kit,5,10344.83,2,2
total,(EX) EmbryoScope Kit,6,10344.84,3,3
total,(EX) EmbryoScope Kit,7,6896.56,2,2
total,(EX) EmbryoScope Kit,8,6896.55,2,2
total,Congelamiento de embriones CDMX,1,881031.1,10,10
total,Congelamiento de embriones CDMX,2,750172.36,9,9
total,Congelamiento de embriones CDMX,3,405603.46,4,4
total,Congelamiento de embriones CDMX,4,462500.74,6,6
total,Congelamiento de embriones CDMX,5,223275.87,2,2
total,Congelamiento de embriones CDMX,6,98275.86,1,1
total,Congelamiento de embriones CDMX,7,0.0,0,0
total,Congelamiento de embriones CDMX,8,165517.24,2,2
total,Congelamiento de embriones MET,1,51896.62,1,1
total,Congelamiento de embriones MET,2,0.0,0,0
total,Congelamiento de embriones MET,3,0.0,0,0
total,Congelamiento de embriones MET,4,0.0,0,0
total,Congelamiento de embriones MET,5,0.0,0,0
total,Congelamiento de embriones MET,6,0.0,0,0
total,Congelamiento de embriones MET,7,0.0,0,0
total,Congelamiento de embriones MET,8,54956.9,1,1
total,Congelamiento de semen (por depósito) CDMX,1,0.0,0,0
total,Congelamiento de semen (por depósito) CDMX,2,0.0,0,0
total,Congelamiento de semen (por depósito) CDMX,3,4310.34,1,1
total,Congelamiento de semen (por depósito) CDMX,4,0.0,0,0
total,Congelamiento de semen (por depósito) CDMX,5,0.0,0,0
total,Congelamiento de semen (por depósito) CDMX,6,0.0,0,0
total,Congelamiento de semen (por depósito) CDMX,7,4310.34,1,1
total,Congelamiento de semen (por depósito) CDMX,8,4525.86,1,1
total,Congelamiento de semen (por depósito) CDMX - GDL - MET,1,20689.65,2,5
total,Congelamiento de semen (por depósito) CDMX - GDL - MET,2,30172.39,6,7
total,Congelamiento de semen (por depósito) CDMX - GDL - MET,3,109051.63,23,26
total,Congelamiento de semen (por depósito) CDMX - GDL - MET,4,21551.7,5,5
total,Congelamiento de semen (por depósito) CDMX - GDL - MET,5,4310.34,1,1
total,Congelamiento de semen (por depósito) CDMX - GDL - MET,6,34051.71,7,8
total,Congelamiento de semen (por depósito) CDMX - GDL - MET,7,31896.76,6,7
total,Congelamiento de semen (por depósito) CDMX - GDL - MET,8,47844.82,11,12
total,Congelamiento de óvulos CDMX,1,256035.07,4,4
total,Congelamiento de óvulos CDMX,2,279741.39,4,4
total,Congelamiento de óvulos CDMX,3,271336.21,4,4
total,Congelamiento de óvulos CDMX,4,609913.81,9,9
total,Congelamiento de óvulos CDMX,5,1348922.38,20,20
total,Congelamiento de óvulos CDMX,6,993318.95,15,15
total,Congelamiento de óvulos CDMX,7,765301.73,12,12
total,Congelamiento de óvulos CDMX,8,555818.97,8,8
total,Congelamiento de óvulos GDL - MET,1,40732.76,1,1
total,Congelamiento de óvulos GDL - MET,2,0.0,0,0
total,Congelamiento de óvulos GDL - MET,3,43642.24,1,1
total,Congelamiento de óvulos GDL - MET,4,84375.0,2,2
total,Congelamiento de óvulos GDL - MET,5,128017.24,3,3
total,Congelamiento de óvulos GDL - MET,6,43642.24,1,1
total,Congelamiento de óvulos GDL - MET,7,0.0,0,0
total,Congelamiento de óvulos GDL - MET,8,256034.49,5,5
total,Desvitrificación,1,0.0,0,0
total,Desvitrificación,2,0.0,0,0
total,Desvitrificación,3,8620.69,1,1
total,Desvitrificación,4,8620.69,1,1
total,Desvitrificación,5,0.0,0,0
total,Desvitrificación,6,6896.55,1,1
total,Desvitrificación,7,8620.69,1,1
total,Desvitrificación,8,0.0,0,0
total,Desvitrificación (4 cryotops),1,78924.57,6,6
total,Desvitrificación (4 cryotops),2,40474.14,3,3
total,Desvitrificación (4 cryotops),3,25633.62,2,2
total,Desvitrificación (4 cryotops),4,13491.38,1,1
total,Desvitrificación (4 cryotops),5,13491.38,1,1
total,Desvitrificación (4 cryotops),6,13491.38,1,1
total,Desvitrificación (4 cryotops),7,0.0,0,0
total,Desvitrificación (4 cryotops),8,40474.14,3,3
total,EmbryoScope Kit Interno,1,0.0,0,0
total,EmbryoScope Kit Interno,2,0.0,0,0
total,EmbryoScope Kit Interno,3,0.0,0,0
total,EmbryoScope Kit Interno,4,0.0,0,0
total,EmbryoScope Kit Interno,5,17241.38,2,2
total,EmbryoScope Kit Interno,6,25862.07,3,3
total,EmbryoScope Kit Interno,7,36637.93,5,5
total,EmbryoScope Kit Interno,8,17241.38,5,5
total,Vitrificación de óvulos/embriones - CDMX,1,48400.86,3,3
total,Vitrificación de óvulos/embriones - CDMX,2,16982.76,2,2
total,Vitrificación de óvulos/embriones - CDMX,3,0.0,0,0
total,Vitrificación de óvulos/embriones - CDMX,4,16982.76,1,1
total,Vitrificación de óvulos/embriones - CDMX,5,0.0,0,0
total,Vitrificación de óvulos/embriones - CDMX,6,0.0,0,0
total,Vitrificación de óvulos/embriones - CDMX,7,0.0,0,0
total,Vitrificación de óvulos/embriones - CDMX,8,16982.76,1,1
total,[EX] Captura + Fertilización + VItrificación (Embryo Freezing) GDL,1,81465.51,3,3
total,[EX] Captura + Fertilización + VItrificación (Embryo Freezing) GDL,2,30172.41,1,1
total,[EX] Captura + Fertilización + VItrificación (Embryo Freezing) GDL,3,60344.82,2,2
total,[EX] Captura + Fertilización + VItrificación (Embryo Freezing) GDL,4,0.0,0,0
total,[EX] Captura + Fertilización + VItrificación (Embryo Freezing) GDL,5,0.0,0,0
total,[EX] Captura + Fertilización + VItrificación (Embryo Freezing) GDL,6,181034.46,6,6
total,[EX] Captura + Fertilización + VItrificación (Embryo Freezing) GDL,7,30172.41,1,1
total,[EX] Captura + Fertilización + VItrificación (Embryo Freezing) GDL,8,60344.82,4,2
total,[EX] Captura+ Vitrificacion de ovocitos CDMX,1,74181.06,3,3
total,[EX] Captura+ Vitrificacion de ovocitos CDMX,2,340279.85,14,14
total,[EX] Captura+ Vitrificacion de ovocitos CDMX,3,135788.52,6,6
total,[EX] Captura+ Vitrificacion de ovocitos CDMX,4,195054.05,8,8
total,[EX] Captura+ Vitrificacion de ovocitos CDMX,5,166454.22,7,7
total,[EX] Captura+ Vitrificacion de ovocitos CDMX,6,325894.93,13,13
total,[EX] Captura+ Vitrificacion de ovocitos CDMX,7,162963.88,7,7
total,[EX] Captura+ Vitrificacion de ovocitos CDMX,8,160258.95,8,8
total,[EX] Captura+ Vitrificacion de ovocitos GDL,1,139956.88,6,6
total,[EX] Captura+ Vitrificacion de ovocitos GDL,2,132758.62,6,6
total,[EX] Captura+ Vitrificacion de ovocitos GDL,3,125474.13,6,6
total,[EX] Captura+ Vitrificacion de ovocitos GDL,4,21724.14,1,1
total,[EX] Captura+ Vitrificacion de ovocitos GDL,5,114355.13,5,5
total,[EX] Captura+ Vitrificacion de ovocitos GDL,6,68793.1,3,3
total,[EX] Captura+ Vitrificacion de ovocitos GDL,7,72413.79,3,3
total,[EX] Captura+ Vitrificacion de ovocitos GDL,8,42241.38,2,2
total,[EX] Desvitrificación CDMX,1,18913.79,3,3
total,[EX] Desvitrificación CDMX,2,36836.2,5,5
total,[EX] Desvitrificación CDMX,3,23793.09,3,3
total,[EX] Desvitrificación CDMX,4,7931.03,1,1
total,[EX] Desvitrificación CDMX,5,0.0,1,1
total,[EX] Desvitrificación CDMX,6,6751.45,1,1
total,[EX] Desvitrificación CDMX,7,7931.03,1,1
total,[EX] Desvitrificación CDMX,8,21340.99,5,5
total,[EX] Desvitrificación GDL,1,0.0,0,0
total,[EX] Desvitrificación GDL,2,5352.59,1,1
total,[EX] Desvitrificación GDL,3,24137.92,4,4
total,[EX] Desvitrificación GDL,4,24137.92,4,4
total,[EX] Desvitrificación GDL,5,12068.96,2,2
total,[EX] Desvitrificación GDL,6,54310.32,9,9
total,[EX] Desvitrificación GDL,7,18103.44,3,3
total,[EX] Desvitrificación GDL,8,59666.35,12,10
total,"[EX] Desvitrificación de óvulos congelados, Fertilización + Transferencia en fresco CDMX",1,0.0,0,0
total,"[EX] Desvitrificación de óvulos congelados, Fertilización + Transferencia en fresco CDMX",2,0.0,0,0
total,"[EX] Desvitrificación de óvulos congelados, Fertilización + Transferencia en fresco CDMX",3,0.0,0,0
total,"[EX] Desvitrificación de óvulos congelados, Fertilización + Transferencia en fresco CDMX",4,0.0,0,0
total,"[EX] Desvitrificación de óvulos congelados, Fertilización + Transferencia en fresco CDMX",5,0.0,0,0
total,"[EX] Desvitrificación de óvulos congelados, Fertilización + Transferencia en fresco CDMX",6,19008.62,1,1
total,"[EX] Desvitrificación de óvulos congelados, Fertilización + Transferencia en fresco CDMX",7,0.0,0,0
total,"[EX] Desvitrificación de óvulos congelados, Fertilización + Transferencia en fresco CDMX",8,21120.69,1,1
total,"[EX] Desvitrificación de óvulos congelados, Fertilización + Transferencia en fresco GDL",1,0.0,0,0
total,"[EX] Desvitrificación de óvulos congelados, Fertilización + Transferencia en fresco GDL",2,0.0,0,0
total,"[EX] Desvitrificación de óvulos congelados, Fertilización + Transferencia en fresco GDL",3,0.0,0,0
total,"[EX] Desvitrificación de óvulos congelados, Fertilización + Transferencia en fresco GDL",4,18103.45,1,1
total,"[EX] Desvitrificación de óvulos congelados, Fertilización + Transferencia en fresco GDL",5,18103.45,1,1
total,"[EX] Desvitrificación de óvulos congelados, Fertilización + Transferencia en fresco GDL",6,0.0,0,0
total,"[EX] Desvitrificación de óvulos congelados, Fertilización + Transferencia en fresco GDL",7,0.0,0,0
total,"[EX] Desvitrificación de óvulos congelados, Fertilización + Transferencia en fresco GDL",8,18103.45,1,1
total,[EX] Vitrificación,1,41206.9,7,7
total,[EX] Vitrificación,2,95837.55,16,16
total,[EX] Vitrificación,3,129655.14,19,19
total,[EX] Vitrificación,4,183709.46,28,28
total,[EX] Vitrificación,5,170528.64,25,25
total,[EX] Vitrificación,6,126215.63,19,19
total,[EX] Vitrificación,7,104784.47,18,18
total,[EX] Vitrificación,8,173729.75,34,30
total,Check up ginecologico,1,0.0,0,0
total,Check up ginecologico,2,0.0,0,0
total,Check up ginecologico,3,0.0,0,0
total,Check up ginecologico,4,3448.28,2,2
total,Check up ginecologico,5,61120.61,49,47
total,Check up ginecologico,6,56896.44,54,48
total,Check up ginecologico,7,47844.76,36,36
total,Check up ginecologico,8,54142.2,61,61
total,Check up Integral,1,0.0,0,0
total,Check up Integral,2,0.0,0,0
total,Check up Integral,3,0.0,0,0
total,Check up Integral,4,0.0,0,0
total,Check up Integral,5,0.0,0,0
total,Check up Integral,6,0.0,0,0
total,Check up Integral,7,0.0,0,0
total,Check up Integral,8,9051.72,5,3
total,check up integral,1,0.0,0,0
total,check up integral,2,0.0,0,0
total,check up integral,3,0.0,0,0
total,check up integral,4,0.0,0,0
total,check up integral,5,0.0,0,0
total,check up integral,6,0.0,0,0
total,check up integral,7,0.0,0,0
total,check up integral,8,6034.48,2,2
total,Consulta primera vez SOP,1,0.0,0,0
total,Consulta primera vez SOP,2,0.0,0,0
total,Consulta primera vez SOP,3,0.0,0,0
total,Consulta primera vez SOP,4,1551.72,1,1
total,Consulta primera vez SOP,5,15517.2,10,10
total,Consulta primera vez SOP,6,1551.72,1,1
total,Consulta primera vez SOP,7,14482.72,16,10
total,Consulta primera vez SOP,8,42413.68,38,30
total,Colocacion DIU Mirena [Consultorio],1,0.0,0,0
total,Colocacion DIU Mirena [Consultorio],2,0.0,0,0
total,Colocacion DIU Mirena [Consultorio],3,0.0,0,0
total,Colocacion DIU Mirena [Consultorio],4,6465.52,1,1
total,Colocacion DIU Mirena [Consultorio],5,6465.52,1,1
total,Colocacion DIU Mirena [Consultorio],6,6465.52,1,1
total,Colocacion DIU Mirena [Consultorio],7,6465.52,1,1
total,Colocacion DIU Mirena [Consultorio],8,12284.49,2,2
total,Colocacion DIU PLATA,1,0.0,0,0
total,Colocacion DIU PLATA,2,0.0,0,0
total,Colocacion DIU PLATA,3,3017.24,1,1
total,Colocacion DIU PLATA,4,0.0,0,0
total,Colocacion DIU PLATA,5,0.0,0,0
total,Colocacion DIU PLATA,6,0.0,0,0
total,Colocacion DIU PLATA,7,3017.24,1,1
total,Colocacion DIU PLATA,8,0.0,0,0
total,Consulta obstetricia,1,0.0,0,0
total,Consulta obstetricia,2,0.0,0,0
total,Consulta obstetricia,3,0.0,0,0
total,Consulta obstetricia,4,0.0,0,0
total,Consulta obstetricia,5,0.0,0,0
total,Consulta obstetricia,6,1293.1,1,1
total,Consulta obstetricia,7,0.0,0,0
total,Consulta obstetricia,8,7758.6,7,7
total,Cita primera vez IPS,1,0.0,0,0
total,Cita primera vez IPS,2,5172.42,6,6
total,Cita primera vez IPS,3,1724.14,2,2
total,Cita primera vez IPS,4,3448.28,3,4
total,Cita primera vez IPS,5,1724.14,2,2
total,Cita primera vez IPS,6,3448.28,4,4
total,Cita primera vez IPS,7,2586.21,3,3
total,Cita primera vez IPS,8,8620.7,12,12
total,Consulta de primera vez,1,0.0,0,0
total,Consulta de primera vez,2,0.0,0,0
total,Consulta de primera vez,3,0.0,0,0
total,Consulta de primera vez,4,6724.15,8,8
total,Consulta de primera vez,5,59439.53,51,49
total,Consulta de primera vez,6,88371.43,93,89
total,Consulta de primera vez,7,67888.23,76,76
total,Consulta de primera vez,8,108706.76,168,156
total,Check up Fertilidad Hombres,1,0.0,0,0
total,Check up Fertilidad Hombres,2,0.0,0,0
total,Check up Fertilidad Hombres,3,0.0,0,0
total,Check up Fertilidad Hombres,4,0.0,0,0
total,Check up Fertilidad Hombres,5,1896.55,1,1
total,Check up Fertilidad Hombres,6,1896.55,1,1
total,Check up Fertilidad Hombres,7,1616.38,1,1
total,Check up Fertilidad Hombres,8,2155.17,1,1
total,Check up Fertilidad Hombres GDL,1,6465.51,3,3
total,Check up Fertilidad Hombres GDL,2,0.0,0,0
total,Check up Fertilidad Hombres GDL,3,4310.34,2,2
total,Check up Fertilidad Hombres GDL,4,2155.17,1,1
total,Check up Fertilidad Hombres GDL,5,5948.27,3,3
total,Check up Fertilidad Hombres GDL,6,4310.34,2,2
total,Check up Fertilidad Hombres GDL,7,10775.85,6,6
total,Check up Fertilidad Hombres GDL,8,8362.06,4,4
total,Check up Fertilidad Mujeres,1,0.0,0,0
total,Check up Fertilidad Mujeres,2,0.0,0,0
total,Check up Fertilidad Mujeres,3,0.0,0,0
total,Check up Fertilidad Mujeres,4,2931.04,2,2
total,Check up Fertilidad Mujeres,5,103275.85,60,60
total,Check up Fertilidad Mujeres,6,129879.21,73,73
total,Check up Fertilidad Mujeres,7,96660.27,58,58
total,Check up Fertilidad Mujeres,8,98180.95,57,55
total,Check up Fertilidad Parejas,1,0.0,0,0
total,Check up Fertilidad Parejas,2,0.0,0,0
total,Check up Fertilidad Parejas,3,0.0,0,0
total,Check up Fertilidad Parejas,4,8620.69,3,3
total,Check up Fertilidad Parejas,5,58017.22,19,19
total,Check up Fertilidad Parejas,6,87275.83,31,31
total,Check up Fertilidad Parejas,7,62241.35,21,21
total,Check up Fertilidad Parejas,8,89396.51,34,32
total,Consulta subsecuente,1,7241.36,5,5
total,Consulta subsecuente,2,7112.07,2,5
total,Consulta subsecuente,3,5689.64,4,4
total,Consulta subsecuente,4,4267.23,3,3
total,Consulta subsecuente,5,1422.41,1,1
total,Consulta subsecuente,6,1422.41,1,1
total,Consulta subsecuente,7,2844.82,2,2
total,Consulta subsecuente,8,0.0,0,0
total,Plática de resultados,1,1034.48,2,2
total,Plática de resultados,2,1551.72,3,3
total,Plática de resultados,3,517.24,1,1
total,Plática de resultados,4,1034.48,2,2
total,Plática de resultados,5,517.24,1,1
total,Plática de resultados,6,1034.48,2,2
total,Plática de resultados,7,2068.96,4,4
total,Plática de resultados,8,0.0,0,0
total,Uso de consultorio1hr con US,1,0.0,0,0
total,Uso de consultorio1hr con US,2,2629.3,4,5
total,Uso de consultorio1hr con US,3,2456.88,5,5
total,Uso de consultorio1hr con US,4,0.0,0,0
total,Uso de consultorio1hr con US,5,560.34,1,1
total,Uso de consultorio1hr con US,6,1896.54,6,4
total,Uso de consultorio1hr con US,7,2069.34,4,4
total,Uso de consultorio1hr con US,8,1681.02,3,3
total,ASPIRINA PROTEC 100MG 28 TAB,1,0.0,0,0
total,ASPIRINA PROTEC 100MG 28 TAB,2,6705.6,28,28
total,ASPIRINA PROTEC 100MG 28 TAB,3,18691.2,79,79
total,ASPIRINA PROTEC 100MG 28 TAB,4,16545.6,67,69
total,ASPIRINA PROTEC 100MG 28 TAB,5,15825.6,67,67
total,ASPIRINA PROTEC 100MG 28 TAB,6,14555.6,61,61
total,ASPIRINA PROTEC 100MG 28 TAB,7,15571.2,64,65
total,ASPIRINA PROTEC 100MG 28 TAB,8,11731.2,53,53
total,CUERPO AMARILLO FTE 6X2 50ML/2MG AMP (PROGESTERONA),1,0.0,0,0
total,CUERPO AMARILLO FTE 6X2 50ML/2MG AMP (PROGESTERONA),2,23329.98,14,23
total,CUERPO AMARILLO FTE 6X2 50ML/2MG AMP (PROGESTERONA),3,65088.0,43,64
total,CUERPO AMARILLO FTE 6X2 50ML/2MG AMP (PROGESTERONA),4,65088.0,46,64
total,CUERPO AMARILLO FTE 6X2 50ML/2MG AMP (PROGESTERONA),5,45765.0,31,45
total,CUERPO AMARILLO FTE 6X2 50ML/2MG AMP (PROGESTERONA),6,52884.0,37,52
total,CUERPO AMARILLO FTE 6X2 50ML/2MG AMP (PROGESTERONA),7,64071.0,38,64
total,CUERPO AMARILLO FTE 6X2 50ML/2MG AMP (PROGESTERONA),8,56952.0,46,70
total,Ceftriaxona,1,0.0,0,0
total,Ceftriaxona,2,0.0,0,0
total,Ceftriaxona,3,0.0,0,0
total,Ceftriaxona,4,0.0,0,0
total,Ceftriaxona,5,0.0,0,0
total,Ceftriaxona,6,0.0,0,0
total,Ceftriaxona,7,0.0,0,0
total,Ceftriaxona,8,300.0,1,1
total,Cetrotide 0.25mg,1,382122.0,136,295
total,Cetrotide 0.25mg,2,336618.56,116,250
total,Cetrotide 0.25mg,3,321388.16,105,249
total,Cetrotide 0.25mg,4,287079.68,108,219
total,Cetrotide 0.25mg,5,380439.36,125,286
total,Cetrotide 0.25mg,6,268880.4,95,206
total,Cetrotide 0.25mg,7,287052.96,88,216
total,Cetrotide 0.25mg,8,300038.88,118,248
total,DUPHASTON 10 MG 20 TAB,1,0.0,0,0
total,DUPHASTON 10 MG 20 TAB,2,0.0,0,0
total,DUPHASTON 10 MG 20 TAB,3,0.0,0,0
total,DUPHASTON 10 MG 20 TAB,4,0.0,0,0
total,DUPHASTON 10 MG 20 TAB,5,0.0,0,0
total,DUPHASTON 10 MG 20 TAB,6,3750.0,4,5
total,DUPHASTON 10 MG 20 TAB,7,2250.0,2,3
total,DUPHASTON 10 MG 20 TAB,8,2250.0,2,3
total,GONAL-F PEN2.0 - 300IU,1,0.0,0,0
total,GONAL-F PEN2.0 - 300IU,2,40541.0,8,13
total,GONAL-F PEN2.0 - 300IU,3,102691.0,20,20
total,GONAL-F PEN2.0 - 300IU,4,149741.0,26,29
total,GONAL-F PEN2.0 - 300IU,5,165000.0,25,30
total,GONAL-F PEN2.0 - 300IU,6,104170.0,18,19
total,GONAL-F PEN2.0 - 300IU,7,125510.0,17,23
total,GONAL-F PEN2.0 - 300IU,8,121000.0,22,23
total,GONAL-F PEN2.0 - 900IU,1,0.0,0,0
total,GONAL-F PEN2.0 - 900IU,2,255240.0,15,20
total,GONAL-F PEN2.0 - 900IU,3,764954.28,51,61
total,GONAL-F PEN2.0 - 900IU,4,820442.28,53,65
total,GONAL-F PEN2.0 - 900IU,5,912093.0,60,67
total,GONAL-F PEN2.0 - 900IU,6,571662.0,35,42
total,GONAL-F PEN2.0 - 900IU,7,637455.0,41,47
total,GONAL-F PEN2.0 - 900IU,8,748293.0,45,56
total,Gonapeptyl Daily 0.1 (por ampolla),1,44621.0,46,102
total,Gonapeptyl Daily 0.1 (por ampolla),2,37516.0,40,83
total,Gonapeptyl Daily 0.1 (por ampolla),3,34352.0,41,78
total,Gonapeptyl Daily 0.1 (por ampolla),4,39808.0,43,89
total,Gonapeptyl Daily 0.1 (por ampolla),5,40742.4,42,87
total,Gonapeptyl Daily 0.1 (por ampolla),6,47414.4,42,99
total,Gonapeptyl Daily 0.1 (por ampolla),7,43987.2,39,93
total,Gonapeptyl Daily 0.1 (por ampolla),8,44390.4,49,105
total,LAB - RI WITNESS RFDI PATIENT ID CARDS 6-70-100/50 (PAQUETE 50 PZAS),1,0.0,0,0
total,LAB - RI WITNESS RFDI PATIENT ID CARDS 6-70-100/50 (PAQUETE 50 PZAS),2,0.0,0,0
total,LAB - RI WITNESS RFDI PATIENT ID CARDS 6-70-100/50 (PAQUETE 50 PZAS),3,0.0,0,0
total,LAB - RI WITNESS RFDI PATIENT ID CARDS 6-70-100/50 (PAQUETE 50 PZAS),4,0.0,0,0
total,LAB - RI WITNESS RFDI PATIENT ID CARDS 6-70-100/50 (PAQUETE 50 PZAS),5,0.0,0,0
total,LAB - RI WITNESS RFDI PATIENT ID CARDS 6-70-100/50 (PAQUETE 50 PZAS),6,0.0,0,0
total,LAB - RI WITNESS RFDI PATIENT ID CARDS 6-70-100/50 (PAQUETE 50 PZAS),7,0.0,0,0
total,LAB - RI WITNESS RFDI PATIENT ID CARDS 6-70-100/50 (PAQUETE 50 PZAS),8,431.03,1,1
total,LEVONORGESTREL/ ETINILESTRADIOL 0.15/0.03MG 21 TAB (MICROGYNON),1,0.0,0,0
total,LEVONORGESTREL/ ETINILESTRADIOL 0.15/0.03MG 21 TAB (MICROGYNON),2,828.0,2,2
total,LEVONORGESTREL/ ETINILESTRADIOL 0.15/0.03MG 21 TAB (MICROGYNON),3,2070.0,5,5
total,LEVONORGESTREL/ ETINILESTRADIOL 0.15/0.03MG 21 TAB (MICROGYNON),4,4140.0,10,10
total,LEVONORGESTREL/ ETINILESTRADIOL 0.15/0.03MG 21 TAB (MICROGYNON),5,3726.0,8,9
total,LEVONORGESTREL/ ETINILESTRADIOL 0.15/0.03MG 21 TAB (MICROGYNON),6,1656.0,4,4
total,LEVONORGESTREL/ ETINILESTRADIOL 0.15/0.03MG 21 TAB (MICROGYNON),7,828.0,3,3
total,LEVONORGESTREL/ ETINILESTRADIOL 0.15/0.03MG 21 TAB (MICROGYNON),8,2484.0,7,7
total,Letz 2.5mg,1,6600.0,13,13
total,Letz 2.5mg,2,8000.0,11,11
total,Letz 2.5mg,3,9600.0,12,12
total,Letz 2.5mg,4,2400.0,3,3
total,Letz 2.5mg,5,5600.0,7,7
total,Letz 2.5mg,6,5600.0,7,7
total,Letz 2.5mg,7,4000.0,5,5
total,Letz 2.5mg,8,16544.0,21,22
total,MOMENTS 50 MG 30 TABc,1,0.0,0,0
total,MOMENTS 50 MG 30 TABc,2,0.0,0,0
total,MOMENTS 50 MG 30 TABc,3,950.0,1,1
total,MOMENTS 50 MG 30 TABc,4,950.0,1,1
total,MOMENTS 50 MG 30 TABc,5,2850.0,3,3
total,MOMENTS 50 MG 30 TABc,6,0.0,0,0
total,MOMENTS 50 MG 30 TABc,7,950.0,1,1
total,MOMENTS 50 MG 30 TABc,8,1900.0,2,2
total,MYO D-CHIRO 40:1 (HOLIHERB),1,0.0,0,0
total,MYO D-CHIRO 40:1 (HOLIHERB),2,0.0,0,0
total,MYO D-CHIRO 40:1 (HOLIHERB),3,0.0,0,0
total,MYO D-CHIRO 40:1 (HOLIHERB),4,0.0,0,0
total,MYO D-CHIRO 40:1 (HOLIHERB),5,1731.73,2,2
total,MYO D-CHIRO 40:1 (HOLIHERB),6,2955.0,3,3
total,MYO D-CHIRO 40:1 (HOLIHERB),7,1970.0,2,2
total,MYO D-CHIRO 40:1 (HOLIHERB),8,0.0,0,0
total,Merapur 75 UI (por ampolla),1,419668.0,130,542
total,Merapur 75 UI (por ampolla),2,446091.16,140,563
total,Merapur 75 UI (por ampolla),3,358085.7,119,463
total,Merapur 75 UI (por ampolla),4,448203.92,128,570
total,Merapur 75 UI (por ampolla),5,553313.0,146,627
total,Merapur 75 UI (por ampolla),6,338182.2,91,386
total,Merapur 75 UI (por ampolla),7,446851.2,117,504
total,Merapur 75 UI (por ampolla),8,501799.8,122,584
total,NOCELE 30 CAPSULAS,1,0.0,0,0
total,NOCELE 30 CAPSULAS,2,0.0,0,0
total,NOCELE 30 CAPSULAS,3,0.0,0,0
total,NOCELE 30 CAPSULAS,4,0.0,0,0
total,NOCELE 30 CAPSULAS,5,0.0,0,0
total,NOCELE 30 CAPSULAS,6,0.0,0,0
total,NOCELE 30 CAPSULAS,7,0.0,0,0
total,NOCELE 30 CAPSULAS,8,1500.0,5,5
total,OESTROGEL .0.06 / 100 G (ESTRADIOL EN GEL),1,0.0,0,0
total,OESTROGEL .0.06 / 100 G (ESTRADIOL EN GEL),2,5400.0,4,6
total,OESTROGEL .0.06 / 100 G (ESTRADIOL EN GEL),3,14400.0,8,17
total,OESTROGEL .0.06 / 100 G (ESTRADIOL EN GEL),4,9900.0,11,12
total,OESTROGEL .0.06 / 100 G (ESTRADIOL EN GEL),5,5400.0,6,6
total,OESTROGEL .0.06 / 100 G (ESTRADIOL EN GEL),6,9000.0,9,10
total,OESTROGEL .0.06 / 100 G (ESTRADIOL EN GEL),7,13500.0,14,16
total,OESTROGEL .0.06 / 100 G (ESTRADIOL EN GEL),8,4500.0,5,6
total,OGESTAN ANDRACTIV 30 CAPSULAS,1,0.0,0,0
total,OGESTAN ANDRACTIV 30 CAPSULAS,2,0.0,0,0
total,OGESTAN ANDRACTIV 30 CAPSULAS,3,0.0,0,0
total,OGESTAN ANDRACTIV 30 CAPSULAS,4,0.0,0,0
total,OGESTAN ANDRACTIV 30 CAPSULAS,5,0.0,0,0
total,OGESTAN ANDRACTIV 30 CAPSULAS,6,0.0,0,0
total,OGESTAN ANDRACTIV 30 CAPSULAS,7,0.0,0,0
total,OGESTAN ANDRACTIV 30 CAPSULAS,8,500.0,1,1
total,OMEGA 3 DE 90 CÁPS (MATTER),1,0.0,0,0
total,OMEGA 3 DE 90 CÁPS (MATTER),2,0.0,0,0
total,OMEGA 3 DE 90 CÁPS (MATTER),3,1120.69,1,1
total,OMEGA 3 DE 90 CÁPS (MATTER),4,1120.69,1,1
total,OMEGA 3 DE 90 CÁPS (MATTER),5,1456.9,2,2
total,OMEGA 3 DE 90 CÁPS (MATTER),6,0.0,0,0
total,OMEGA 3 DE 90 CÁPS (MATTER),7,1120.69,1,1
total,OMEGA 3 DE 90 CÁPS (MATTER),8,0.0,0,0
total,OVIDREL F-PEN 250MCG - PLUMAS,1,0.0,0,0
total,OVIDREL F-PEN 250MCG - PLUMAS,2,43137.0,17,21
total,OVIDREL F-PEN 250MCG - PLUMAS,3,77811.0,38,38
total,OVIDREL F-PEN 250MCG - PLUMAS,4,68531.0,33,33
total,OVIDREL F-PEN 250MCG - PLUMAS,5,98559.0,40,42
total,OVIDREL F-PEN 250MCG - PLUMAS,6,75082.5,32,32
total,OVIDREL F-PEN 250MCG - PLUMAS,7,88305.95,37,38
total,OVIDREL F-PEN 250MCG - PLUMAS,8,122764.0,55,56
total,PERGOVERIS PEN 300/150IU,1,0.0,0,0
total,PERGOVERIS PEN 300/150IU,2,0.0,0,0
total,PERGOVERIS PEN 300/150IU,3,21532.0,4,4
total,PERGOVERIS PEN 300/150IU,4,16616.0,3,3
total,PERGOVERIS PEN 300/150IU,5,23400.0,3,4
total,PERGOVERIS PEN 300/150IU,6,27650.0,4,5
total,PERGOVERIS PEN 300/150IU,7,17550.0,2,3
total,PERGOVERIS PEN 300/150IU,8,0.0,0,0
total,PERGOVERIS PEN 450/225IU,1,0.0,0,0
total,PERGOVERIS PEN 450/225IU,2,0.0,0,0
total,PERGOVERIS PEN 450/225IU,3,7661.0,3,3
total,PERGOVERIS PEN 450/225IU,4,0.0,0,0
total,PERGOVERIS PEN 450/225IU,5,0.0,0,0
total,PERGOVERIS PEN 450/225IU,6,16600.0,1,2
total,PERGOVERIS PEN 450/225IU,7,24900.0,3,3
total,PERGOVERIS PEN 450/225IU,8,57104.0,7,8
total,PERGOVERIS PEN 900/450IU,1,0.0,0,0
total,PERGOVERIS PEN 900/450IU,2,56716.0,5,5
total,PERGOVERIS PEN 900/450IU,3,331390.8,17,24
total,PERGOVERIS PEN 900/450IU,4,291020.0,13,22
total,PERGOVERIS PEN 900/450IU,5,393900.0,21,26
total,PERGOVERIS PEN 900/450IU,6,415273.5,21,28
total,PERGOVERIS PEN 900/450IU,7,650541.0,31,43
total,PERGOVERIS PEN 900/450IU,8,611031.01,32,50
total,PREDNISONA 20 MG C/30 TAB (METICORTEN) ASPEN,1,0.0,0,0
total,PREDNISONA 20 MG C/30 TAB (METICORTEN) ASPEN,2,0.0,0,0
total,PREDNISONA 20 MG C/30 TAB (METICORTEN) ASPEN,3,750.0,1,1
total,PREDNISONA 20 MG C/30 TAB (METICORTEN) ASPEN,4,750.0,1,1
total,PREDNISONA 20 MG C/30 TAB (METICORTEN) ASPEN,5,750.0,1,1
total,PREDNISONA 20 MG C/30 TAB (METICORTEN) ASPEN,6,2250.0,3,3
total,PREDNISONA 20 MG C/30 TAB (METICORTEN) ASPEN,7,3000.0,4,4
total,PREDNISONA 20 MG C/30 TAB (METICORTEN) ASPEN,8,750.0,2,2
total,PRIMOGYN 2 MG C/28 GRAG,1,0.0,0,0
total,PRIMOGYN 2 MG C/28 GRAG,2,100760.0,39,105
total,PRIMOGYN 2 MG C/28 GRAG,3,314560.0,121,318
total,PRIMOGYN 2 MG C/28 GRAG,4,190940.0,76,194
total,PRIMOGYN 2 MG C/28 GRAG,5,214760.0,91,217
total,PRIMOGYN 2 MG C/28 GRAG,6,247940.0,100,248
total,PRIMOGYN 2 MG C/28 GRAG,7,262000.0,113,264
total,PRIMOGYN 2 MG C/28 GRAG,8,261700.0,119,285
total,PROVERA 5 MG 24 TAB,1,0.0,0,0
total,PROVERA 5 MG 24 TAB,2,0.0,0,0
total,PROVERA 5 MG 24 TAB,3,0.0,0,0
total,PROVERA 5 MG 24 TAB,4,0.0,0,0
total,PROVERA 5 MG 24 TAB,5,0.0,0,0
total,PROVERA 5 MG 24 TAB,6,0.0,0,0
total,PROVERA 5 MG 24 TAB,7,0.0,0,0
total,PROVERA 5 MG 24 TAB,8,450.0,1,1
total,REGENESIX MAX CAPSULAS,1,0.0,0,0
total,REGENESIX MAX CAPSULAS,2,0.0,0,0
total,REGENESIX MAX CAPSULAS,3,0.0,0,0
total,REGENESIX MAX CAPSULAS,4,0.0,0,0
total,REGENESIX MAX CAPSULAS,5,0.0,0,0
total,REGENESIX MAX CAPSULAS,6,0.0,0,0
total,REGENESIX MAX CAPSULAS,7,0.0,0,0
total,REGENESIX MAX CAPSULAS,8,3200.0,4,4
total,REKOVELLE SOL FOR INJ 36MCG/1.08ML CON 6 AGUJA,1,0.0,0,0
total,REKOVELLE SOL FOR INJ 36MCG/1.08ML CON 6 AGUJA,2,19696.0,2,2
total,REKOVELLE SOL FOR INJ 36MCG/1.08ML CON 6 AGUJA,3,19696.0,2,2
total,REKOVELLE SOL FOR INJ 36MCG/1.08ML CON 6 AGUJA,4,0.0,0,0
total,REKOVELLE SOL FOR INJ 36MCG/1.08ML CON 6 AGUJA,5,9848.0,1,1
total,REKOVELLE SOL FOR INJ 36MCG/1.08ML CON 6 AGUJA,6,9848.0,1,1
total,REKOVELLE SOL FOR INJ 36MCG/1.08ML CON 6 AGUJA,7,29544.0,3,3
total,REKOVELLE SOL FOR INJ 36MCG/1.08ML CON 6 AGUJA,8,19696.0,2,2
total,REKOVELLE SOL FOR INJ 72MCG/2.16ML CON 9 AGUJA,1,0.0,0,0
total,REKOVELLE SOL FOR INJ 72MCG/2.16ML CON 9 AGUJA,2,39216.0,2,2
total,REKOVELLE SOL FOR INJ 72MCG/2.16ML CON 9 AGUJA,3,39216.0,2,2
total,REKOVELLE SOL FOR INJ 72MCG/2.16ML CON 9 AGUJA,4,39216.0,2,2
total,REKOVELLE SOL FOR INJ 72MCG/2.16ML CON 9 AGUJA,5,18300.0,1,1
total,REKOVELLE SOL FOR INJ 72MCG/2.16ML CON 9 AGUJA,6,54900.0,3,3
total,REKOVELLE SOL FOR INJ 72MCG/2.16ML CON 9 AGUJA,7,73200.0,4,4
total,REKOVELLE SOL FOR INJ 72MCG/2.16ML CON 9 AGUJA,8,18300.0,1,1
total,SUPLEMENTO - FORCELL DUO,1,0.0,0,0
total,SUPLEMENTO - FORCELL DUO,2,2194.14,2,2
total,SUPLEMENTO - FORCELL DUO,3,0.0,0,0
total,SUPLEMENTO - FORCELL DUO,4,4524.0,3,4
total,SUPLEMENTO - FORCELL DUO,5,3393.0,3,3
total,SUPLEMENTO - FORCELL DUO,6,1131.0,1,1
total,SUPLEMENTO - FORCELL DUO,7,3393.0,3,3
total,SUPLEMENTO - FORCELL DUO,8,7849.14,7,7
total,SUPLEMENTO - FORCELL FEM,1,0.0,0,0
total,SUPLEMENTO - FORCELL FEM,2,2631.3,3,3
total,SUPLEMENTO - FORCELL FEM,3,3580.0,3,4
total,SUPLEMENTO - FORCELL FEM,4,4475.0,4,5
total,SUPLEMENTO - FORCELL FEM,5,2685.0,3,3
total,SUPLEMENTO - FORCELL FEM,6,895.0,1,1
total,SUPLEMENTO - FORCELL FEM,7,4475.0,4,5
total,SUPLEMENTO - FORCELL FEM,8,4475.0,5,5
total,SUPLEMENTO - FORCELL MEN,1,0.0,0,0
total,SUPLEMENTO - FORCELL MEN,2,2362.0,1,1
total,SUPLEMENTO - FORCELL MEN,3,4724.0,2,2
total,SUPLEMENTO - FORCELL MEN,4,4724.0,2,2
total,SUPLEMENTO - FORCELL MEN,5,9448.0,4,4
total,SUPLEMENTO - FORCELL MEN,6,4724.0,2,2
total,SUPLEMENTO - FORCELL MEN,7,9448.0,4,4
total,SUPLEMENTO - FORCELL MEN,8,16534.0,7,7
total,SUPLEMENTO ONE,1,0.0,0,0
total,SUPLEMENTO ONE,2,0.0,0,0
total,SUPLEMENTO ONE,3,0.0,0,0
total,SUPLEMENTO ONE,4,0.0,0,0
total,SUPLEMENTO ONE,5,0.0,0,0
total,SUPLEMENTO ONE,6,1034.48,1,1
total,SUPLEMENTO ONE,7,1034.48,1,1
total,SUPLEMENTO ONE,8,1034.48,1,1
total,UTROGESTAN 100MG CAP CAJ C/30,1,0.0,0,0
total,UTROGESTAN 100MG CAP CAJ C/30,2,0.0,0,0
total,UTROGESTAN 100MG CAP CAJ C/30,3,14950.0,10,23
total,UTROGESTAN 100MG CAP CAJ C/30,4,5850.0,4,9
total,UTROGESTAN 100MG CAP CAJ C/30,5,5200.0,2,8
total,UTROGESTAN 100MG CAP CAJ C/30,6,7150.0,3,11
total,UTROGESTAN 100MG CAP CAJ C/30,7,13000.0,5,20
total,UTROGESTAN 100MG CAP CAJ C/30,8,8450.0,8,15
total,UTROGESTAN 200 MG 14 CÁPSULAS,1,0.0,0,0
total,UTROGESTAN 200 MG 14 CÁPSULAS,2,89964.0,41,133
total,UTROGESTAN 200 MG 14 CÁPSULAS,3,261100.0,108,379
total,UTROGESTAN 200 MG 14 CÁPSULAS,4,174958.0,80,256
total,UTROGESTAN 200 MG 14 CÁPSULAS,5,169974.0,69,243
total,UTROGESTAN 200 MG 14 CÁPSULAS,6,170716.0,73,244
total,UTROGESTAN 200 MG 14 CÁPSULAS,7,175700.0,81,254
total,UTROGESTAN 200 MG 14 CÁPSULAS,8,177016.0,91,280
total,Histerosonografía,1,8663.79,3,3
total,Histerosonografía,2,2887.93,1,1
total,Histerosonografía,3,12068.96,4,4
total,Histerosonografía,4,12068.96,4,4
total,Histerosonografía,5,3017.24,1,1
total,Histerosonografía,6,15086.2,5,5
total,Histerosonografía,7,6034.48,2,2
total,Histerosonografía,8,6034.48,4,4
total,Ultrasonido,1,41379.21,30,33
total,Ultrasonido,2,50689.56,34,40
total,Ultrasonido,3,50430.91,36,39
total,Ultrasonido,4,42672.3,33,33
total,Ultrasonido,5,53017.1,41,41
total,Ultrasonido,6,62068.81,47,48
total,Ultrasonido,7,79569.64,61,64
total,Ultrasonido,8,43232.64,37,37
total,Espermocultivo,1,1448.28,6,6
total,Espermocultivo,2,1448.28,3,3
total,Espermocultivo,3,1931.04,5,5
total,Espermocultivo,4,2413.8,5,5
total,Espermocultivo,5,2120.7,3,3
total,Espermocultivo,6,3275.88,4,4
total,Espermocultivo,7,4094.85,7,7
total,Espermocultivo,8,3275.88,4,4
total,Cultivo de Exudado Vaginal,1,3922.38,7,7
total,Cultivo de Exudado Vaginal,2,1681.02,3,3
total,Cultivo de Exudado Vaginal,3,1120.68,2,2
total,Cultivo de Exudado Vaginal,4,3922.38,7,7
total,Cultivo de Exudado Vaginal,5,1681.02,5,5
total,Cultivo de Exudado Vaginal,6,6163.74,11,11
total,Cultivo de Exudado Vaginal,7,7284.42,13,13
total,Cultivo de Exudado Vaginal,8,3922.38,7,7
total,Cultivo de orina,1,0.0,0,0
total,Cultivo de orina,2,0.0,0,0
total,Cultivo de orina,3,474.14,1,1
total,Cultivo de orina,4,0.0,0,0
total,Cultivo de orina,5,474.14,1,1
total,Cultivo de orina,6,0.0,0,0
total,Cultivo de orina,7,0.0,0,0
total,Cultivo de orina,8,474.14,1,1
total,Panel de drogas en orina (III),1,1594.83,1,1
total,Panel de drogas en orina (III),2,1594.83,1,1
total,Panel de drogas en orina (III),3,1594.83,1,1
total,Panel de drogas en orina (III),4,0.0,0,0
total,Panel de drogas en orina (III),5,0.0,0,0
total,Panel de drogas en orina (III),6,0.0,0,0
total,Panel de drogas en orina (III),7,1594.83,1,1
total,Panel de drogas en orina (III),8,1594.83,1,1
total,Urocultivo,1,3275.88,4,4
total,Urocultivo,2,4094.85,5,5
total,Urocultivo,3,4094.85,5,5
total,Urocultivo,4,8189.7,11,11
total,Urocultivo,5,4913.82,7,7
total,Urocultivo,6,1637.94,2,2
total,Urocultivo,7,1637.94,2,2
total,Urocultivo,8,3275.88,4,4
total,Cariotipo en sangre periférica,1,0.0,0,0
total,Cariotipo en sangre periférica,2,0.0,0,0
total,Cariotipo en sangre periférica,3,7887.93,1,1
total,Cariotipo en sangre periférica,4,7887.93,1,1
total,Cariotipo en sangre periférica,5,0.0,0,0
total,Cariotipo en sangre periférica,6,0.0,0,0
total,Cariotipo en sangre periférica,7,0.0,0,0
total,Cariotipo en sangre periférica,8,7887.93,1,1
total,Papanicolaou,1,4827.59,22,22
total,Papanicolaou,2,10894.88,45,45
total,Papanicolaou,3,18700.12,53,53
total,Papanicolaou,4,16486.26,40,40
total,Papanicolaou,5,6724.13,56,52
total,Papanicolaou,6,13448.28,72,72
total,Papanicolaou,7,16800.11,63,63
total,Papanicolaou,8,16508.63,64,62
total,Perfil ETS,1,0.0,0,0
total,Perfil ETS,2,0.0,0,0
total,Perfil ETS,3,0.0,0,0
total,Perfil ETS,4,0.0,0,0
total,Perfil ETS,5,128017.11,32,32
total,Perfil ETS,6,118275.76,28,28
total,Perfil ETS,7,172819.03,37,37
total,Perfil ETS,8,192827.62,46,46
total,Acido úrico,1,0.0,0,0
total,Acido úrico,2,0.0,0,0
total,Acido úrico,3,0.0,0,0
total,Acido úrico,4,118.1,1,1
total,Acido úrico,5,0.0,0,0
total,Acido úrico,6,118.1,1,1
total,Acido úrico,7,118.1,1,1
total,Acido úrico,8,0.0,0,0
total,Androstenediona,1,0.0,0,0
total,Androstenediona,2,0.0,0,0
total,Androstenediona,3,0.0,0,0
total,Androstenediona,4,387.93,1,1
total,Androstenediona,5,775.86,2,2
total,Androstenediona,6,0.0,0,0
total,Androstenediona,7,387.93,1,1
total,Androstenediona,8,0.0,0,0
total,Antimulleriana AMH (Nanogramos),1,0.0,0,0
total,Antimulleriana AMH (Nanogramos),2,17293.1,61,61
total,Antimulleriana AMH (Nanogramos),3,33241.38,127,127
total,Antimulleriana AMH (Nanogramos),4,26431.06,100,100
total,Antimulleriana AMH (Nanogramos),5,24224.16,108,108
total,Antimulleriana AMH (Nanogramos),6,17655.19,114,114
total,Antimulleriana AMH (Nanogramos),7,17137.95,108,108
total,Antimulleriana AMH (Nanogramos),8,37931.08,122,122
total,BUN,1,0.0,0,0
total,BUN,2,0.0,0,0
total,BUN,3,0.0,0,0
total,BUN,4,86.21,1,1
total,BUN,5,0.0,0,0
total,BUN,6,86.21,1,1
total,BUN,7,86.21,1,1
total,BUN,8,0.0,0,0
total,Biometria Hemática Pack,1,0.0,0,0
total,Biometria Hemática Pack,2,0.0,0,0
total,Biometria Hemática Pack,3,0.0,0,0
total,Biometria Hemática Pack,4,0.0,4,4
total,Biometria Hemática Pack,5,883.62,32,32
total,Biometria Hemática Pack,6,387.93,11,11
total,Biometria Hemática Pack,7,1140.59,14,14
total,Biometria Hemática Pack,8,775.86,11,11
total,CA 125,1,560.34,1,1
total,CA 125,2,0.0,0,0
total,CA 125,3,0.0,0,0
total,CA 125,4,0.0,0,0
total,CA 125,5,0.0,0,0
total,CA 125,6,560.34,1,1
total,CA 125,7,0.0,0,0
total,CA 125,8,560.34,1,1
total,Citomegalovirus IgG,1,0.0,0,0
total,Citomegalovirus IgG,2,0.0,0,0
total,Citomegalovirus IgG,3,0.0,0,0
total,Citomegalovirus IgG,4,0.0,0,0
total,Citomegalovirus IgG,5,0.0,0,0
total,Citomegalovirus IgG,6,0.0,0,0
total,Citomegalovirus IgG,7,0.0,0,0
total,Citomegalovirus IgG,8,536.21,1,1
total,Citomegalovirus IgM,1,0.0,0,0
total,Citomegalovirus IgM,2,0.0,0,0
total,Citomegalovirus IgM,3,0.0,0,0
total,Citomegalovirus IgM,4,0.0,0,0
total,Citomegalovirus IgM,5,0.0,0,0
total,Citomegalovirus IgM,6,0.0,0,0
total,Citomegalovirus IgM,7,0.0,0,0
total,Citomegalovirus IgM,8,536.21,1,1
total,Creatinina,1,0.0,0,0
total,Creatinina,2,180.0,1,1
total,Creatinina,3,0.0,0,0
total,Creatinina,4,540.0,3,3
total,Creatinina,5,0.0,0,0
total,Creatinina,6,180.0,1,1
total,Creatinina,7,180.0,1,1
total,Creatinina,8,90.0,1,1
total,Cultivo de anaerobios,1,0.0,0,0
total,Cultivo de anaerobios,2,0.0,0,0
total,Cultivo de anaerobios,3,0.0,0,0
total,Cultivo de anaerobios,4,0.0,0,0
total,Cultivo de anaerobios,5,0.0,0,0
total,Cultivo de anaerobios,6,0.0,0,0
total,Cultivo de anaerobios,7,0.0,0,0
total,Cultivo de anaerobios,8,560.34,1,1
total,Cultivo de secreción,1,0.0,0,0
total,Cultivo de secreción,2,0.0,0,0
total,Cultivo de secreción,3,0.0,0,0
total,Cultivo de secreción,4,0.0,0,0
total,Cultivo de secreción,5,0.0,0,0
total,Cultivo de secreción,6,0.0,0,0
total,Cultivo de secreción,7,0.0,0,0
total,Cultivo de secreción,8,560.34,1,1
total,Cultivos infecciosos masculinos,1,0.0,0,0
total,Cultivos infecciosos masculinos,2,0.0,0,0
total,Cultivos infecciosos masculinos,3,0.0,0,0
total,Cultivos infecciosos masculinos,4,0.0,0,0
total,Cultivos infecciosos masculinos,5,0.0,0,0
total,Cultivos infecciosos masculinos,6,0.0,0,0
total,Cultivos infecciosos masculinos,7,0.0,0,0
total,Cultivos infecciosos masculinos,8,4310.34,1,1
total,Estradiol,1,4109.83,8,10
total,Estradiol,2,7270.42,14,18
total,Estradiol,3,1560.34,4,4
total,Estradiol,4,3129.3,7,7
total,Estradiol,5,1564.65,7,7
total,Estradiol,6,1564.65,5,5
total,Estradiol,7,5737.05,11,11
total,Estradiol,8,3129.3,6,6
total,Estudio Homosisteina,1,0.0,0,0
total,Estudio Homosisteina,2,0.0,0,0
total,Estudio Homosisteina,3,0.0,0,0
total,Estudio Homosisteina,4,0.0,0,0
total,Estudio Homosisteina,5,0.0,0,0
total,Estudio Homosisteina,6,2000.0,1,1
total,Estudio Homosisteina,7,2000.0,1,1
total,Estudio Homosisteina,8,0.0,0,0
total,Examen general de orina,1,931.04,5,5
total,Examen general de orina,2,1163.8,6,6
total,Examen general de orina,3,1396.56,6,6
total,Examen general de orina,4,1862.08,8,8
total,Examen general de orina,5,931.04,4,4
total,Examen general de orina,6,232.76,1,1
total,Examen general de orina,7,1629.32,7,7
total,Examen general de orina,8,698.28,4,4
total,FSH,1,1939.65,6,6
total,FSH,2,1939.65,12,12
total,FSH,3,1551.72,6,6
total,FSH,4,1887.93,6,6
total,FSH,5,775.86,3,3
total,FSH,6,1163.79,3,3
total,FSH,7,3051.72,9,9
total,FSH,8,1163.79,3,3
total,"FSH, LH, Estradiol",1,1379.31,1,1
total,"FSH, LH, Estradiol",2,0.0,0,0
total,"FSH, LH, Estradiol",3,0.0,0,0
total,"FSH, LH, Estradiol",4,0.0,0,0
total,"FSH, LH, Estradiol",5,0.0,0,0
total,"FSH, LH, Estradiol",6,0.0,0,0
total,"FSH, LH, Estradiol",7,1379.31,1,1
total,"FSH, LH, Estradiol",8,0.0,0,0
total,Ferritina,1,0.0,0,0
total,Ferritina,2,0.0,0,0
total,Ferritina,3,0.0,0,0
total,Ferritina,4,0.0,0,0
total,Ferritina,5,0.0,0,0
total,Ferritina,6,0.0,0,0
total,Ferritina,7,722.42,2,2
total,Ferritina,8,0.0,0,0
total,Folatos,1,0.0,0,0
total,Folatos,2,0.0,0,0
total,Folatos,3,0.0,0,0
total,Folatos,4,0.0,0,0
total,Folatos,5,0.0,0,0
total,Folatos,6,0.0,0,0
total,Folatos,7,438.79,1,1
total,Folatos,8,0.0,0,0
total,Globulina Transportadora de Hormonas sexuales ( SHBG),1,0.0,0,0
total,Globulina Transportadora de Hormonas sexuales ( SHBG),2,0.0,0,0
total,Globulina Transportadora de Hormonas sexuales ( SHBG),3,0.0,0,0
total,Globulina Transportadora de Hormonas sexuales ( SHBG),4,1172.4,4,4
total,Globulina Transportadora de Hormonas sexuales ( SHBG),5,2637.9,9,9
total,Globulina Transportadora de Hormonas sexuales ( SHBG),6,586.2,2,2
total,Globulina Transportadora de Hormonas sexuales ( SHBG),7,586.2,3,3
total,Globulina Transportadora de Hormonas sexuales ( SHBG),8,586.2,4,2
total,Glucosa,1,3603.54,20,20
total,Glucosa,2,1896.6,10,10
total,Glucosa,3,1137.96,6,6
total,Glucosa,4,1706.94,9,9
total,Glucosa,5,758.64,4,4
total,Glucosa,6,1896.6,10,10
total,Glucosa,7,3413.88,18,18
total,Glucosa,8,1991.43,11,11
total,Grupo Sanguíneo RH,1,2759.09,62,62
total,Grupo Sanguíneo RH,2,1275.88,42,42
total,Grupo Sanguíneo RH,3,2870.73,53,53
total,Grupo Sanguíneo RH,4,3189.7,53,53
total,Grupo Sanguíneo RH,5,956.91,26,26
total,Grupo Sanguíneo RH,6,0.0,1,1
total,Grupo Sanguíneo RH,7,637.94,10,10
total,Grupo Sanguíneo RH,8,637.94,11,11
total,Hemoglobina glicosilada,1,5215.54,11,11
total,Hemoglobina glicosilada,2,1896.56,4,4
total,Hemoglobina glicosilada,3,948.28,2,2
total,Hemoglobina glicosilada,4,2844.84,7,7
total,Hemoglobina glicosilada,5,1896.56,4,4
total,Hemoglobina glicosilada,6,4712.95,10,10
total,Hemoglobina glicosilada,7,8246.59,18,18
total,Hemoglobina glicosilada,8,2370.7,6,6
total,Hepatitis B HBeAg,1,0.0,0,0
total,Hepatitis B HBeAg,2,1939.65,4,4
total,Hepatitis B HBeAg,3,0.0,0,0
total,Hepatitis B HBeAg,4,0.0,0,0
total,Hepatitis B HBeAg,5,646.55,1,1
total,Hepatitis B HBeAg,6,0.0,0,0
total,Hepatitis B HBeAg,7,0.0,0,0
total,Hepatitis B HBeAg,8,646.55,2,2
total,Hepatitis B superficie HBsAg,1,0.0,0,0
total,Hepatitis B superficie HBsAg,2,862.07,1,1
total,Hepatitis B superficie HBsAg,3,1293.1,2,2
total,Hepatitis B superficie HBsAg,4,0.0,0,0
total,Hepatitis B superficie HBsAg,5,818.97,1,1
total,Hepatitis B superficie HBsAg,6,0.0,0,0
total,Hepatitis B superficie HBsAg,7,862.07,1,1
total,Hepatitis B superficie HBsAg,8,862.07,1,1
total,Hepatitis C,1,0.0,0,0
total,Hepatitis C,2,1637.94,2,2
total,Hepatitis C,3,818.97,1,1
total,Hepatitis C,4,0.0,0,0
total,Hepatitis C,5,818.97,1,1
total,Hepatitis C,6,0.0,0,0
total,Hepatitis C,7,0.0,0,0
total,Hepatitis C,8,1637.94,2,2
total,Hormona Luteinizante (LH),1,0.0,0,0
total,Hormona Luteinizante (LH),2,2086.2,6,7
total,Hormona Luteinizante (LH),3,3129.3,11,11
total,Hormona Luteinizante (LH),4,3650.85,8,8
total,Hormona Luteinizante (LH),5,5737.05,18,18
total,Hormona Luteinizante (LH),6,3129.3,9,9
total,Hormona Luteinizante (LH),7,6780.15,16,16
total,Hormona Luteinizante (LH),8,5215.5,18,16
total,Idice HOMA,1,0.0,0,0
total,Idice HOMA,2,0.0,0,0
total,Idice HOMA,3,0.0,0,0
total,Idice HOMA,4,0.0,0,0
total,Idice HOMA,5,0.0,0,0
total,Idice HOMA,6,0.0,0,0
total,Idice HOMA,7,303.28,1,1
total,Idice HOMA,8,0.0,0,0
total,Insulina basal,1,11853.5,26,26
total,Insulina basal,2,6163.82,13,13
total,Insulina basal,3,5215.54,12,12
total,Insulina basal,4,7112.1,16,16
total,Insulina basal,5,5215.54,11,11
total,Insulina basal,6,8060.38,17,17
total,Insulina basal,7,15405.24,34,34
total,Insulina basal,8,8928.48,20,20
total,Marcadores tumorales ovario,1,0.0,0,0
total,Marcadores tumorales ovario,2,0.0,0,0
total,Marcadores tumorales ovario,3,0.0,0,0
total,Marcadores tumorales ovario,4,0.0,0,0
total,Marcadores tumorales ovario,5,0.0,0,0
total,Marcadores tumorales ovario,6,0.0,0,0
total,Marcadores tumorales ovario,7,0.0,0,0
total,Marcadores tumorales ovario,8,4137.93,3,3
total,Panel de detección de 10 ETS,1,0.0,0,0
total,Panel de detección de 10 ETS,2,0.0,0,0
total,Panel de detección de 10 ETS,3,0.0,0,0
total,Panel de detección de 10 ETS,4,0.0,0,0
total,Panel de detección de 10 ETS,5,0.0,0,0
total,Panel de detección de 10 ETS,6,0.0,0,0
total,Panel de detección de 10 ETS,7,0.0,0,0
total,Panel de detección de 10 ETS,8,4741.38,1,1
total,Paquete Análisis Serología,1,81955.09,64,62
total,Paquete Análisis Serología,2,66422.34,44,44
total,Paquete Análisis Serología,3,89418.01,71,72
total,Paquete Análisis Serología,4,112758.5,65,65
total,Paquete Análisis Serología,5,91538.17,51,51
total,Paquete Análisis Serología,6,90387.83,57,57
total,Paquete Análisis Serología,7,112736.95,68,68
total,Paquete Análisis Serología,8,123383.49,90,90
total,Paquete Hormonas Basales,1,31853.46,28,28
total,Paquete Hormonas Basales,2,23275.89,11,11
total,Paquete Hormonas Basales,3,20534.5,12,12
total,Paquete Hormonas Basales,4,33620.73,13,13
total,Paquete Hormonas Basales,5,15000.02,6,6
total,Paquete Hormonas Basales,6,22689.67,19,19
total,Paquete Hormonas Basales,7,31034.52,24,24
total,Paquete Hormonas Basales,8,7758.63,5,5
total,Perfil Hepatico,1,0.0,0,0
total,Perfil Hepatico,2,0.0,0,0
total,Perfil Hepatico,3,0.0,0,0
total,Perfil Hepatico,4,0.0,0,0
total,Perfil Hepatico,5,0.0,0,0
total,Perfil Hepatico,6,629.31,1,1
total,Perfil Hepatico,7,629.31,1,1
total,Perfil Hepatico,8,566.38,2,2
total,Perfil TORCH IgG e IgM,1,3017.24,1,1
total,Perfil TORCH IgG e IgM,2,6034.48,2,2
total,Perfil TORCH IgG e IgM,3,6034.48,2,2
total,Perfil TORCH IgG e IgM,4,12068.96,4,4
total,Perfil TORCH IgG e IgM,5,3017.24,1,1
total,Perfil TORCH IgG e IgM,6,0.0,0,0
total,Perfil TORCH IgG e IgM,7,6034.48,2,2
total,Perfil TORCH IgG e IgM,8,6034.48,2,2
total,Perfil Tiroideo con Ac. Antitiroideos,1,14827.6,8,8
total,Perfil Tiroideo con Ac. Antitiroideos,2,1853.45,1,1
total,Perfil Tiroideo con Ac. Antitiroideos,3,7413.8,4,4
total,Perfil Tiroideo con Ac. Antitiroideos,4,12017.77,7,7
total,Perfil Tiroideo con Ac. Antitiroideos,5,11120.7,8,8
total,Perfil Tiroideo con Ac. Antitiroideos,6,9156.04,5,5
total,Perfil Tiroideo con Ac. Antitiroideos,7,9156.04,5,5
total,Perfil Tiroideo con Ac. Antitiroideos,8,11120.7,6,6
total,Perfil androgenico femenino,1,0.0,0,0
total,Perfil androgenico femenino,2,0.0,0,0
total,Perfil androgenico femenino,3,0.0,0,0
total,Perfil androgenico femenino,4,4310.34,2,2
total,Perfil androgenico femenino,5,4310.34,2,2
total,Perfil androgenico femenino,6,0.0,0,0
total,Perfil androgenico femenino,7,4310.34,2,2
total,Perfil androgenico femenino,8,2155.17,1,1
total,Perfil bioquímico de 24 elementos,1,0.0,0,0
total,Perfil bioquímico de 24 elementos,2,0.0,0,0
total,Perfil bioquímico de 24 elementos,3,2370.68,2,2
total,Perfil bioquímico de 24 elementos,4,4741.36,4,4
total,Perfil bioquímico de 24 elementos,5,0.0,0,0
total,Perfil bioquímico de 24 elementos,6,0.0,0,0
total,Perfil bioquímico de 24 elementos,7,1185.34,1,1
total,Perfil bioquímico de 24 elementos,8,1185.34,1,1
total,Perfil bioquímico de 35 elementos,1,0.0,0,0
total,Perfil bioquímico de 35 elementos,2,0.0,0,0
total,Perfil bioquímico de 35 elementos,3,0.0,0,0
total,Perfil bioquímico de 35 elementos,4,4741.38,2,2
total,Perfil bioquímico de 35 elementos,5,7112.07,3,3
total,Perfil bioquímico de 35 elementos,6,0.0,0,0
total,Perfil bioquímico de 35 elementos,7,2228.45,1,1
total,Perfil bioquímico de 35 elementos,8,0.0,0,0
total,Perfil de lípidos,1,853.45,1,1
total,Perfil de lípidos,2,1706.9,2,2
total,Perfil de lípidos,3,853.45,1,1
total,Perfil de lípidos,4,0.0,0,0
total,Perfil de lípidos,5,682.76,1,1
total,Perfil de lípidos,6,1706.9,2,2
total,Perfil de lípidos,7,5174.15,8,8
total,Perfil de lípidos,8,5035.35,6,6
total,Perfil disparo captura,1,0.0,41,41
total,Perfil disparo captura,2,2151.0,35,35
total,Perfil disparo captura,3,0.0,43,43
total,Perfil disparo captura,4,2052.1,41,41
total,Perfil disparo captura,5,1434.0,45,45
total,Perfil disparo captura,6,717.0,47,47
total,Perfil disparo captura,7,2585.98,47,47
total,Perfil disparo captura,8,1434.0,59,59
total,Perfil inicio,1,1195.0,86,86
total,Perfil inicio,2,2390.0,68,68
total,Perfil inicio,3,3585.0,83,83
total,Perfil inicio,4,5975.0,79,79
total,Perfil inicio,5,0.0,93,93
total,Perfil inicio,6,478.0,62,62
total,Perfil inicio,7,0.0,84,84
total,Perfil inicio,8,1985.18,98,98
total,Perfil pre captura,1,0.0,9,9
total,Perfil pre captura,2,0.0,1,1
total,Perfil pre captura,3,0.0,4,4
total,Perfil pre captura,4,0.0,1,1
total,Perfil pre captura,5,0.0,0,0
total,Perfil pre captura,6,0.0,3,3
total,Perfil pre captura,7,412.07,3,3
total,Perfil pre captura,8,0.0,3,3
total,Perfil pre operatorio CDMX,1,0.0,0,0
total,Perfil pre operatorio CDMX,2,0.0,0,0
total,Perfil pre operatorio CDMX,3,0.0,0,0
total,Perfil pre operatorio CDMX,4,0.0,0,0
total,Perfil pre operatorio CDMX,5,862.06,9,9
total,Perfil pre operatorio CDMX,6,862.06,16,16
total,Perfil pre operatorio CDMX,7,3017.21,26,26
total,Perfil pre operatorio CDMX,8,3448.24,35,35
total,Perfil pre operatorios,1,0.0,0,0
total,Perfil pre operatorios,2,0.0,0,0
total,Perfil pre operatorios,3,0.0,0,0
total,Perfil pre operatorios,4,0.0,0,0
total,Perfil pre operatorios,5,2844.81,13,13
total,Perfil pre operatorios,6,431.03,19,19
total,Perfil pre operatorios,7,646.55,17,17
total,Perfil pre operatorios,8,862.06,16,16
total,Perfil pre transferencia,1,0.0,31,31
total,Perfil pre transferencia,2,0.0,28,28
total,Perfil pre transferencia,3,478.0,29,29
total,Perfil pre transferencia,4,478.0,25,25
total,Perfil pre transferencia,5,478.0,28,28
total,Perfil pre transferencia,6,0.0,33,33
total,Perfil pre transferencia,7,478.0,37,37
total,Perfil pre transferencia,8,478.0,33,33
total,Perfil prenatal,1,55819.05,19,19
total,Perfil prenatal,2,22327.62,9,9
total,Perfil prenatal,3,57222.5,26,26
total,Perfil prenatal,4,31705.22,18,18
total,Perfil prenatal,5,41465.58,13,13
total,Perfil prenatal,6,60603.54,19,19
total,Perfil prenatal,7,41465.58,17,17
total,Perfil prenatal,8,70172.52,30,30
total,Perfil preoperatorio básico,1,0.0,0,0
total,Perfil preoperatorio básico,2,1997.41,2,2
total,Perfil preoperatorio básico,3,0.0,0,0
total,Perfil preoperatorio básico,4,0.0,0,0
total,Perfil preoperatorio básico,5,0.0,0,0
total,Perfil preoperatorio básico,6,1120.69,1,1
total,Perfil preoperatorio básico,7,0.0,0,0
total,Perfil preoperatorio básico,8,1120.69,1,1
total,Perfil preparación endometrial,1,0.0,67,67
total,Perfil preparación endometrial,2,1912.0,49,49
total,Perfil preparación endometrial,3,478.0,66,66
total,Perfil preparación endometrial,4,478.0,45,45
total,Perfil preparación endometrial,5,1434.0,66,62
total,Perfil preparación endometrial,6,1434.0,60,60
total,Perfil preparación endometrial,7,478.0,73,73
total,Perfil preparación endometrial,8,3824.0,77,77
total,Perfil seguimiento folicular,1,0.0,132,132
total,Perfil seguimiento folicular,2,2390.0,114,115
total,Perfil seguimiento folicular,3,2390.0,113,114
total,Perfil seguimiento folicular,4,2868.0,111,111
total,Perfil seguimiento folicular,5,5258.0,118,118
total,Perfil seguimiento folicular,6,2390.0,98,98
total,Perfil seguimiento folicular,7,3345.18,108,108
total,Perfil seguimiento folicular,8,956.0,104,104
total,Perfil tiroideo sin anticuerpos,1,0.0,0,0
total,Perfil tiroideo sin anticuerpos,2,0.0,0,0
total,Perfil tiroideo sin anticuerpos,3,0.0,0,0
total,Perfil tiroideo sin anticuerpos,4,0.0,0,0
total,Perfil tiroideo sin anticuerpos,5,896.55,1,1
total,Perfil tiroideo sin anticuerpos,6,3586.2,4,4
total,Perfil tiroideo sin anticuerpos,7,1793.1,2,2
total,Perfil tiroideo sin anticuerpos,8,3586.2,4,4
total,Progesterona,1,1551.72,6,6
total,Progesterona,2,4655.16,20,24
total,Progesterona,3,1551.72,5,5
total,Progesterona,4,1163.79,8,8
total,Progesterona,5,775.86,6,6
total,Progesterona,6,3491.37,12,12
total,Progesterona,7,4267.23,13,13
total,Progesterona,8,4655.16,13,13
total,Prolactina,1,8899.12,26,26
total,Prolactina,2,3879.3,13,13
total,Prolactina,3,6594.81,17,17
total,Prolactina,4,5772.41,16,16
total,Prolactina,5,3879.3,10,10
total,Prolactina,6,4655.16,12,12
total,Prolactina,7,9310.32,24,24
total,Prolactina,8,8534.46,24,24
total,Química Sanguínea 28 elementos,1,14655.2,10,10
total,Química Sanguínea 28 elementos,2,7327.6,6,6
total,Química Sanguínea 28 elementos,3,8793.12,9,9
total,Química Sanguínea 28 elementos,4,11548.3,8,8
total,Química Sanguínea 28 elementos,5,12896.57,10,10
total,Química Sanguínea 28 elementos,6,8793.12,7,7
total,Química Sanguínea 28 elementos,7,12368.99,9,9
total,Química Sanguínea 28 elementos,8,7239.67,7,7
total,Química Sanguínea 29 elementos,1,0.0,0,0
total,Química Sanguínea 29 elementos,2,0.0,0,0
total,Química Sanguínea 29 elementos,3,0.0,0,0
total,Química Sanguínea 29 elementos,4,0.0,0,0
total,Química Sanguínea 29 elementos,5,0.0,0,0
total,Química Sanguínea 29 elementos,6,0.0,0,0
total,Química Sanguínea 29 elementos,7,2931.04,2,2
total,Química Sanguínea 29 elementos,8,0.0,0,0
total,Química Sanguínea 6 elementos,1,0.0,0,0
total,Química Sanguínea 6 elementos,2,0.0,0,0
total,Química Sanguínea 6 elementos,3,560.34,1,1
total,Química Sanguínea 6 elementos,4,1120.68,2,2
total,Química Sanguínea 6 elementos,5,0.0,0,0
total,Química Sanguínea 6 elementos,6,0.0,0,0
total,Química Sanguínea 6 elementos,7,653.44,2,2
total,Química Sanguínea 6 elementos,8,504.31,1,1
total,Subunidad beta cuantitativa,1,4741.4,36,36
total,Subunidad beta cuantitativa,2,1896.56,67,67
total,Subunidad beta cuantitativa,3,1422.42,45,45
total,Subunidad beta cuantitativa,4,3764.67,61,61
total,Subunidad beta cuantitativa,5,6637.96,49,49
total,Subunidad beta cuantitativa,6,4741.4,64,64
total,Subunidad beta cuantitativa,7,3318.98,41,41
total,Subunidad beta cuantitativa,8,2370.7,59,59
total,T3 - Total,1,0.0,0,0
total,T3 - Total,2,0.0,0,0
total,T3 - Total,3,0.0,0,0
total,T3 - Total,4,0.0,0,0
total,T3 - Total,5,0.0,0,0
total,T3 - Total,6,0.0,0,0
total,T3 - Total,7,87.14,1,1
total,T3 - Total,8,0.0,0,0
total,T4 - Libre,1,551.72,2,2
total,T4 - Libre,2,1655.16,6,6
total,T4 - Libre,3,1103.44,6,6
total,T4 - Libre,4,1103.44,5,5
total,T4 - Libre,5,1379.3,5,5
total,T4 - Libre,6,827.58,4,4
total,T4 - Libre,7,1774.13,7,7
total,T4 - Libre,8,827.58,7,5
total,T4 - Total,1,0.0,0,0
total,T4 - Total,2,0.0,0,0
total,T4 - Total,3,0.0,0,0
total,T4 - Total,4,0.0,0,0
total,T4 - Total,5,0.0,0,0
total,T4 - Total,6,275.86,1,1
total,T4 - Total,7,87.12,1,1
total,T4 - Total,8,0.0,0,0
total,TSH,1,2692.24,11,11
total,TSH,2,2715.51,10,10
total,TSH,3,4267.23,16,16
total,TSH,4,5384.48,14,14
total,TSH,5,4267.23,11,11
total,TSH,6,3103.44,9,9
total,TSH,7,6594.81,17,17
total,TSH,8,4616.37,20,14
total,Testosterona Libre,1,0.0,0,0
total,Testosterona Libre,2,0.0,0,0
total,Testosterona Libre,3,0.0,0,0
total,Testosterona Libre,4,2155.18,2,2
total,Testosterona Libre,5,1077.59,1,1
total,Testosterona Libre,6,0.0,0,0
total,Testosterona Libre,7,0.0,0,0
total,Testosterona Libre,8,1077.59,1,1
total,Testosterona Total,1,827.58,3,3
total,Testosterona Total,2,275.86,1,1
total,Testosterona Total,3,551.72,2,2
total,Testosterona Total,4,551.72,2,2
total,Testosterona Total,5,1931.02,7,7
total,Testosterona Total,6,1103.44,4,4
total,Testosterona Total,7,0.0,0,0
total,Testosterona Total,8,1353.45,2,2
total,Testosterona Total y Testosterona Libre,1,818.97,1,1
total,Testosterona Total y Testosterona Libre,2,1637.94,2,2
total,Testosterona Total y Testosterona Libre,3,0.0,0,0
total,Testosterona Total y Testosterona Libre,4,3275.88,4,4
total,Testosterona Total y Testosterona Libre,5,1637.94,2,2
total,Testosterona Total y Testosterona Libre,6,0.0,0,0
total,Testosterona Total y Testosterona Libre,7,2456.91,3,3
total,Testosterona Total y Testosterona Libre,8,818.97,3,1
total,Testosterona biodisponible,1,0.0,0,0
total,Testosterona biodisponible,2,0.0,0,0
total,Testosterona biodisponible,3,0.0,0,0
total,Testosterona biodisponible,4,1384.48,1,1
total,Testosterona biodisponible,5,0.0,0,0
total,Testosterona biodisponible,6,0.0,0,0
total,Testosterona biodisponible,7,0.0,0,0
total,Testosterona biodisponible,8,1379.31,3,1
total,Tiempos de Coagulación,1,7127.13,63,63
total,Tiempos de Coagulación,2,4818.95,43,43
total,Tiempos de Coagulación,3,5844.81,52,52
total,Tiempos de Coagulación,4,5844.81,52,52
total,Tiempos de Coagulación,5,2999.99,28,28
total,Tiempos de Coagulación,6,2715.51,5,5
total,Tiempos de Coagulación,7,1810.34,10,10
total,Tiempos de Coagulación,8,1357.76,11,11
total,VDRL,1,0.0,2,2
total,VDRL,2,387.93,1,1
total,VDRL,3,0.0,0,0
total,VDRL,4,1528.45,5,5
total,VDRL,5,387.93,2,2
total,VDRL,6,387.93,1,1
total,VDRL,7,0.0,0,0
total,VDRL,8,775.86,3,3
total,Vitamina B-12,1,0.0,0,0
total,Vitamina B-12,2,0.0,0,0
total,Vitamina B-12,3,0.0,0,0
total,Vitamina B-12,4,517.24,1,1
total,Vitamina B-12,5,1034.48,2,2
total,Vitamina B-12,6,0.0,0,0
total,Vitamina B-12,7,1003.45,2,2
total,Vitamina B-12,8,810.34,1,1
total,Vitamina D,1,2758.62,2,2
total,Vitamina D,2,2758.62,2,2
total,Vitamina D,3,1379.31,3,3
total,Vitamina D,4,2758.62,2,2
total,Vitamina D,5,8275.86,7,7
total,Vitamina D,6,2758.62,3,3
total,Vitamina D,7,1296.55,1,1
total,Vitamina D,8,0.0,0,0
total,"Vitamina D 1,25-di-hidroxi colecalciferol (Con D3)",1,8103.44,5,5
total,"Vitamina D 1,25-di-hidroxi colecalciferol (Con D3)",2,12155.16,6,6
total,"Vitamina D 1,25-di-hidroxi colecalciferol (Con D3)",3,14181.02,7,7
total,"Vitamina D 1,25-di-hidroxi colecalciferol (Con D3)",4,15560.33,8,8
total,"Vitamina D 1,25-di-hidroxi colecalciferol (Con D3)",5,20137.93,8,8
total,"Vitamina D 1,25-di-hidroxi colecalciferol (Con D3)",6,4051.71,3,3
total,"Vitamina D 1,25-di-hidroxi colecalciferol (Con D3)",7,18383.62,9,9
total,"Vitamina D 1,25-di-hidroxi colecalciferol (Con D3)",8,11163.79,5,5
total,Biopsia de endometrio,1,0.0,0,0
total,Biopsia de endometrio,2,0.0,0,0
total,Biopsia de endometrio,3,0.0,0,0
total,Biopsia de endometrio,4,0.0,0,0
total,Biopsia de endometrio,5,0.0,0,0
total,Biopsia de endometrio,6,0.0,0,0
total,Biopsia de endometrio,7,1551.72,3,1
total,Biopsia de endometrio,8,6206.88,4,4
total,Patología Biopsia de endometrio,1,0.0,0,0
total,Patología Biopsia de endometrio,2,0.0,0,0
total,Patología Biopsia de endometrio,3,4655.16,3,3
total,Patología Biopsia de endometrio,4,3103.44,2,2
total,Patología Biopsia de endometrio,5,3103.44,2,2
total,Patología Biopsia de endometrio,6,1551.72,1,1
total,Patología Biopsia de endometrio,7,6249.99,4,4
total,Patología Biopsia de endometrio,8,0.0,0,0
total,"Ac. Anti TPO (Tiroperoxidasa, Microsomales)",1,603.45,1,1
total,"Ac. Anti TPO (Tiroperoxidasa, Microsomales)",2,0.0,0,0
total,"Ac. Anti TPO (Tiroperoxidasa, Microsomales)",3,0.0,0,0
total,"Ac. Anti TPO (Tiroperoxidasa, Microsomales)",4,0.0,0,0
total,"Ac. Anti TPO (Tiroperoxidasa, Microsomales)",5,0.0,0,0
total,"Ac. Anti TPO (Tiroperoxidasa, Microsomales)",6,603.45,1,1
total,"Ac. Anti TPO (Tiroperoxidasa, Microsomales)",7,0.0,0,0
total,"Ac. Anti TPO (Tiroperoxidasa, Microsomales)",8,1060.19,5,1
total,DHA-S (DHEA-SO4),1,0.0,0,0
total,DHA-S (DHEA-SO4),2,0.0,0,0
total,DHA-S (DHEA-SO4),3,0.0,0,0
total,DHA-S (DHEA-SO4),4,474.14,1,1
total,DHA-S (DHEA-SO4),5,474.14,1,1
total,DHA-S (DHEA-SO4),6,1422.42,3,3
total,DHA-S (DHEA-SO4),7,474.14,1,1
total,DHA-S (DHEA-SO4),8,0.0,0,0
total,Paquete estudios diagnóstico - MET,1,3750.0,1,1
total,Paquete estudios diagnóstico - MET,2,11250.0,3,3
total,Paquete estudios diagnóstico - MET,3,15000.0,4,4
total,Paquete estudios diagnóstico - MET,4,18750.0,5,5
total,Paquete estudios diagnóstico - MET,5,18750.0,5,5
total,Paquete estudios diagnóstico - MET,6,11250.0,3,3
total,Paquete estudios diagnóstico - MET,7,33750.0,9,9
total,Paquete estudios diagnóstico - MET,8,18750.0,6,6
total,patología,1,0.0,0,0
total,patología,2,0.0,0,0
total,patología,3,0.0,0,0
total,patología,4,0.0,0,0
total,patología,5,0.0,0,0
total,patología,6,0.0,0,0
total,patología,7,0.0,0,0
total,patología,8,3103.44,3,3
total,Espermatobioscopía (ED),1,15387.97,16,16
total,Espermatobioscopía (ED),2,24655.2,28,28
total,Espermatobioscopía (ED),3,30732.69,36,36
total,Espermatobioscopía (ED),4,31965.45,35,35
total,Espermatobioscopía (ED),5,34913.7,42,40
total,Espermatobioscopía (ED),6,27025.79,41,41
total,Espermatobioscopía (ED),7,37499.9,42,42
total,Espermatobioscopía (ED),8,30749.93,65,63
total,Fragmentación del ADN espermático,1,21422.44,7,7
total,Fragmentación del ADN espermático,2,0.0,0,0
total,Fragmentación del ADN espermático,3,0.0,0,0
total,Fragmentación del ADN espermático,4,0.0,0,0
total,Fragmentación del ADN espermático,5,107370.82,33,33
total,Fragmentación del ADN espermático,6,76963.88,23,23
total,Fragmentación del ADN espermático,7,92638.04,27,27
total,Fragmentación del ADN espermático,8,101810.46,34,32
total,[EX] Espermatobioscopía,1,0.0,0,0
total,[EX] Espermatobioscopía,2,2586.2,2,2
total,[EX] Espermatobioscopía,3,1163.79,1,1
total,[EX] Espermatobioscopía,4,1293.1,1,1
total,[EX] Espermatobioscopía,5,1293.1,2,2
total,[EX] Espermatobioscopía,6,3879.3,3,3
total,[EX] Espermatobioscopía,7,1293.1,1,1
total,[EX] Espermatobioscopía,8,2586.2,3,3
total,PGT-A por embrion,1,556012.96,14,57
total,PGT-A por embrion,2,818669.01,24,109
total,PGT-A por embrion,3,1310777.26,42,128
total,PGT-A por embrion,4,1140137.87,36,116
total,PGT-A por embrion,5,1190927.5,37,125
total,PGT-A por embrion,6,1163836.22,38,119
total,PGT-A por embrion,7,1188094.96,32,126
total,PGT-A por embrion,8,1590043.15,56,197
total,Devolución,1,0.0,0,0
total,Devolución,2,0.0,0,0
total,Devolución,3,0.0,0,0
total,Devolución,4,0.0,0,0
total,Devolución,5,-2775.0,1,-1
total,Devolución,6,0.0,0,0
total,Devolución,7,-10150.0,1,-1
total,Devolución,8,0.0,0,0
total,Servicios Administrativos,1,0.0,0,0
total,Servicios Administrativos,2,17241.38,2,2
total,Servicios Administrativos,3,8620.69,1,1
total,Servicios Administrativos,4,0.0,0,0
total,Servicios Administrativos,5,2155.17,3,1
total,Servicios Administrativos,6,431.03,2,2
total,Servicios Administrativos,7,39884.46,6,6
total,Servicios Administrativos,8,2586.21,1,1
total,Traslado de gametos locales,1,8684.49,5,5
total,Traslado de gametos locales,2,6000.0,3,3
total,Traslado de gametos locales,3,7724.14,5,5
total,Traslado de gametos locales,4,5172.42,2,2
total,Traslado de gametos locales,5,5172.42,2,2
total,Traslado de gametos locales,6,7171.56,3,3
total,Traslado de gametos locales,7,7758.63,3,3
total,Traslado de gametos locales,8,2586.21,1,1
total,Traslado de gametos nacional,1,12931.03,1,1
total,Traslado de gametos nacional,2,11206.9,1,1
total,Traslado de gametos nacional,3,24137.93,2,2
total,Traslado de gametos nacional,4,12931.03,1,1
total,Traslado de gametos nacional,5,0.0,0,0
total,Traslado de gametos nacional,6,43103.43,4,4
total,Traslado de gametos nacional,7,0.0,0,0
total,Traslado de gametos nacional,8,25862.06,2,2
total,Aspiración de quiste - CDMX,1,20172.41,1,1
total,Aspiración de quiste - CDMX,2,0.0,0,0
total,Aspiración de quiste - CDMX,3,20172.41,1,1
total,Aspiración de quiste - CDMX,4,20172.41,1,1
total,Aspiración de quiste - CDMX,5,21551.72,1,1
total,Aspiración de quiste - CDMX,6,20172.41,1,1
total,Aspiración de quiste - CDMX,7,60517.23,3,3
total,Aspiración de quiste - CDMX,8,0.0,0,0
total,Biopsia testicular,1,0.0,0,0
total,Biopsia testicular,2,0.0,0,0
total,Biopsia testicular,3,0.0,0,0
total,Biopsia testicular,4,0.0,0,0
total,Biopsia testicular,5,29310.34,1,1
total,Biopsia testicular,6,0.0,0,0
total,Biopsia testicular,7,0.0,0,0
total,Biopsia testicular,8,56000.17,2,2
total,Histeroscopia con energia,1,0.0,0,0
total,Histeroscopia con energia,2,0.0,0,0
total,Histeroscopia con energia,3,0.0,0,0
total,Histeroscopia con energia,4,0.0,0,0
total,Histeroscopia con energia,5,0.0,0,0
total,Histeroscopia con energia,6,0.0,0,0
total,Histeroscopia con energia,7,6724.14,1,1
total,Histeroscopia con energia,8,0.0,0,0
total,Histeroscopia diagnostica,1,0.0,0,0
total,Histeroscopia diagnostica,2,0.0,0,0
total,Histeroscopia diagnostica,3,86206.9,5,5
total,Histeroscopia diagnostica,4,137931.04,8,8
total,Histeroscopia diagnostica,5,132586.2,7,7
total,Histeroscopia diagnostica,6,90517.24,6,6
total,Histeroscopia diagnostica,7,219827.57,12,12
total,Histeroscopia diagnostica,8,258620.66,15,15
total,Sedación (Anestesia),1,0.0,0,0
total,Sedación (Anestesia),2,0.0,0,0
total,Sedación (Anestesia),3,0.0,0,0
total,Sedación (Anestesia),4,0.0,0,0
total,Sedación (Anestesia),5,0.0,0,0
total,Sedación (Anestesia),6,0.0,0,0
total,Sedación (Anestesia),7,10000.0,1,1
total,Sedación (Anestesia),8,5172.41,1,1
total,Uso de Quirófano,1,0.0,0,0
total,Uso de Quirófano,2,0.0,0,0
total,Uso de Quirófano,3,0.0,0,0
total,Uso de Quirófano,4,0.0,0,0
total,Uso de Quirófano,5,0.0,0,0
total,Uso de Quirófano,6,0.0,0,0
total,Uso de Quirófano,7,8620.69,1,1
total,Uso de Quirófano,8,0.0,0,0
total,[EX] Histeroscopia diagnostica,1,0.0,0,0
total,[EX] Histeroscopia diagnostica,2,0.0,0,0
total,[EX] Histeroscopia diagnostica,3,75431.05,5,5
total,[EX] Histeroscopia diagnostica,4,60344.84,4,4
total,[EX] Histeroscopia diagnostica,5,45258.63,3,3
total,[EX] Histeroscopia diagnostica,6,75431.05,5,5
total,[EX] Histeroscopia diagnostica,7,54655.2,6,4
total,[EX] Histeroscopia diagnostica,8,75431.05,5,5
total,[EX] Punción de quiste GDL,1,0.0,0,0
total,[EX] Punción de quiste GDL,2,0.0,0,0
total,[EX] Punción de quiste GDL,3,0.0,0,0
total,[EX] Punción de quiste GDL,4,0.0,0,0
total,[EX] Punción de quiste GDL,5,0.0,0,0
total,[EX] Punción de quiste GDL,6,0.0,0,0
total,[EX] Punción de quiste GDL,7,11379.31,1,1
total,[EX] Punción de quiste GDL,8,0.0,0,0
total,All Inclusive Surrogacy Package CDMX,1,0.0,0,0
total,All Inclusive Surrogacy Package CDMX,2,225862.07,1,1
total,All Inclusive Surrogacy Package CDMX,3,0.0,0,0
total,All Inclusive Surrogacy Package CDMX,4,225862.1,1,1
total,All Inclusive Surrogacy Package CDMX,5,142241.38,1,1
total,All Inclusive Surrogacy Package CDMX,6,0.0,0,0
total,All Inclusive Surrogacy Package CDMX,7,543103.44,3,3
total,All Inclusive Surrogacy Package CDMX,8,819396.91,5,5
total,Essentials Surrogacy Package CDMX,1,0.0,0,0
total,Essentials Surrogacy Package CDMX,2,0.0,0,0
total,Essentials Surrogacy Package CDMX,3,0.0,0,0
total,Essentials Surrogacy Package CDMX,4,0.0,0,0
total,Essentials Surrogacy Package CDMX,5,0.0,0,0
total,Essentials Surrogacy Package CDMX,6,0.0,0,0
total,Essentials Surrogacy Package CDMX,7,0.0,0,0
total,Essentials Surrogacy Package CDMX,8,94655.17,1,1
total,Integrated Frozen Donor Surrogacy Package CDMX,1,0.0,0,0
total,Integrated Frozen Donor Surrogacy Package CDMX,2,0.0,0,0
total,Integrated Frozen Donor Surrogacy Package CDMX,3,0.0,0,0
total,Integrated Frozen Donor Surrogacy Package CDMX,4,0.0,0,0
total,Integrated Frozen Donor Surrogacy Package CDMX,5,0.0,0,0
total,Integrated Frozen Donor Surrogacy Package CDMX,6,555172.42,2,2
total,Integrated Frozen Donor Surrogacy Package CDMX,7,0.0,0,0
total,Integrated Frozen Donor Surrogacy Package CDMX,8,546206.9,1,2
total,Valoración subrogada,1,22758.56,16,16
total,Valoración subrogada,2,5689.64,4,4
total,Valoración subrogada,3,0.0,0,0
total,Valoración subrogada,4,4267.23,4,4
total,Valoración subrogada,5,15646.51,11,11
total,Valoración subrogada,6,5689.64,4,4
total,Valoración subrogada,7,4267.23,3,3
total,Valoración subrogada,8,2844.82,3,3
total,3 Coitos Programados - MET,1,0.0,0,0
total,3 Coitos Programados - MET,2,0.0,0,0
total,3 Coitos Programados - MET,3,17241.38,2,2
total,3 Coitos Programados - MET,4,0.0,0,0
total,3 Coitos Programados - MET,5,0.0,0,0
total,3 Coitos Programados - MET,6,8620.69,1,1
total,3 Coitos Programados - MET,7,0.0,0,0
total,3 Coitos Programados - MET,8,8620.69,1,1
total,Coito programado - CDMX,1,4310.34,1,1
total,Coito programado - CDMX,2,4181.03,1,1
total,Coito programado - CDMX,3,0.0,0,0
total,Coito programado - CDMX,4,0.0,0,0
total,Coito programado - CDMX,5,0.0,0,0
total,Coito programado - CDMX,6,4310.34,1,1
total,Coito programado - CDMX,7,4310.34,1,1
total,Coito programado - CDMX,8,8620.68,3,3
total,Donación esperma - LAFER - Europeo,1,0.0,0,0
total,Donación esperma - LAFER - Europeo,2,0.0,0,0
total,Donación esperma - LAFER - Europeo,3,0.0,0,0
total,Donación esperma - LAFER - Europeo,4,21551.72,1,1
total,Donación esperma - LAFER - Europeo,5,43103.44,2,2
total,Donación esperma - LAFER - Europeo,6,0.0,0,0
total,Donación esperma - LAFER - Europeo,7,43103.44,2,2
total,Donación esperma - LAFER - Europeo,8,43103.44,2,2
total,Donación esperma - LAFER - Extranjero,1,0.0,0,0
total,Donación esperma - LAFER - Extranjero,2,0.0,0,0
total,Donación esperma - LAFER - Extranjero,3,0.0,0,0
total,Donación esperma - LAFER - Extranjero,4,0.0,0,0
total,Donación esperma - LAFER - Extranjero,5,0.0,0,0
total,Donación esperma - LAFER - Extranjero,6,17241.38,1,1
total,Donación esperma - LAFER - Extranjero,7,34482.76,2,2
total,Donación esperma - LAFER - Extranjero,8,0.0,0,0
total,Donación esperma - LAFER - Nacional,1,0.0,0,0
total,Donación esperma - LAFER - Nacional,2,0.0,0,0
total,Donación esperma - LAFER - Nacional,3,0.0,0,0
total,Donación esperma - LAFER - Nacional,4,0.0,0,0
total,Donación esperma - LAFER - Nacional,5,0.0,0,0
total,Donación esperma - LAFER - Nacional,6,25862.06,2,2
total,Donación esperma - LAFER - Nacional,7,38793.1,2,3
total,Donación esperma - LAFER - Nacional,8,0.0,0,0
total,Donadora de ovulos categoria 3,1,0.0,0,0
total,Donadora de ovulos categoria 3,2,0.0,0,0
total,Donadora de ovulos categoria 3,3,0.0,0,0
total,Donadora de ovulos categoria 3,4,0.0,0,0
total,Donadora de ovulos categoria 3,5,0.0,0,0
total,Donadora de ovulos categoria 3,6,0.0,0,0
total,Donadora de ovulos categoria 3,7,0.0,0,0
total,Donadora de ovulos categoria 3,8,146551.72,1,1
total,Donante Europeo E,1,0.0,0,0
total,Donante Europeo E,2,0.0,0,0
total,Donante Europeo E,3,0.0,0,0
total,Donante Europeo E,4,0.0,0,0
total,Donante Europeo E,5,0.0,0,0
total,Donante Europeo E,6,0.0,0,0
total,Donante Europeo E,7,0.0,0,0
total,Donante Europeo E,8,47413.79,1,1
total,Donante Europeo M,1,0.0,0,0
total,Donante Europeo M,2,0.0,0,0
total,Donante Europeo M,3,0.0,0,0
total,Donante Europeo M,4,0.0,0,0
total,Donante Europeo M,5,0.0,0,0
total,Donante Europeo M,6,0.0,0,0
total,Donante Europeo M,7,0.0,0,0
total,Donante Europeo M,8,24137.93,1,1
total,Óvulos FI,1,77586.21,2,12
total,Óvulos FI,2,0.0,0,0
total,Óvulos FI,3,254172.41,2,18
total,Óvulos FI,4,211200.0,4,24
total,Óvulos FI,5,198000.0,1,12
total,Óvulos FI,6,132000.0,2,8
total,Óvulos FI,7,0.0,0,0
total,Óvulos FI,8,250000.0,2,30
total,20 Óvulos Garantizados / 20 Eggs Guaranteed CDMX,1,0.0,0,0
total,20 Óvulos Garantizados / 20 Eggs Guaranteed CDMX,2,0.0,0,0
total,20 Óvulos Garantizados / 20 Eggs Guaranteed CDMX,3,0.0,0,0
total,20 Óvulos Garantizados / 20 Eggs Guaranteed CDMX,4,0.0,0,0
total,20 Óvulos Garantizados / 20 Eggs Guaranteed CDMX,5,0.0,0,0
total,20 Óvulos Garantizados / 20 Eggs Guaranteed CDMX,6,54956.9,1,1
total,20 Óvulos Garantizados / 20 Eggs Guaranteed CDMX,7,116379.31,1,1
total,20 Óvulos Garantizados / 20 Eggs Guaranteed CDMX,8,232758.62,2,2
total,FIV con 3 Transferencias / IVF with 3 Transfers - CDMX,1,0.0,0,0
total,FIV con 3 Transferencias / IVF with 3 Transfers - CDMX,2,0.0,0,0
total,FIV con 3 Transferencias / IVF with 3 Transfers - CDMX,3,0.0,0,0
total,FIV con 3 Transferencias / IVF with 3 Transfers - CDMX,4,241379.32,2,2
total,FIV con 3 Transferencias / IVF with 3 Transfers - CDMX,5,1267413.82,12,12
total,FIV con 3 Transferencias / IVF with 3 Transfers - CDMX,6,1231034.5,12,12
total,FIV con 3 Transferencias / IVF with 3 Transfers - CDMX,7,1599137.97,15,15
total,FIV con 3 Transferencias / IVF with 3 Transfers - CDMX,8,1496551.76,15,15
total,FIV con 3 Transferencias / IVF with 3 Transfers- GDL,1,0.0,0,0
total,FIV con 3 Transferencias / IVF with 3 Transfers- GDL,2,0.0,0,0
total,FIV con 3 Transferencias / IVF with 3 Transfers- GDL,3,0.0,0,0
total,FIV con 3 Transferencias / IVF with 3 Transfers- GDL,4,0.0,0,0
total,FIV con 3 Transferencias / IVF with 3 Transfers- GDL,5,365086.22,4,4
total,FIV con 3 Transferencias / IVF with 3 Transfers- GDL,6,331896.56,4,4
total,FIV con 3 Transferencias / IVF with 3 Transfers- GDL,7,80603.45,1,1
total,FIV con 3 Transferencias / IVF with 3 Transfers- GDL,8,151724.14,2,2
total,FIV con 3 Transferencias / IVF with 3 Transfers- MET,1,0.0,0,0
total,FIV con 3 Transferencias / IVF with 3 Transfers- MET,2,0.0,0,0
total,FIV con 3 Transferencias / IVF with 3 Transfers- MET,3,0.0,0,0
total,FIV con 3 Transferencias / IVF with 3 Transfers- MET,4,51724.14,1,1
total,FIV con 3 Transferencias / IVF with 3 Transfers- MET,5,103448.28,2,2
total,FIV con 3 Transferencias / IVF with 3 Transfers- MET,6,174568.97,3,3
total,FIV con 3 Transferencias / IVF with 3 Transfers- MET,7,139224.14,2,2
total,FIV con 3 Transferencias / IVF with 3 Transfers- MET,8,230387.94,4,4
total,"Fertilización, crecimiento y desarrollo embrionario a día 5",1,14435.34,1,1
total,"Fertilización, crecimiento y desarrollo embrionario a día 5",2,0.0,0,0
total,"Fertilización, crecimiento y desarrollo embrionario a día 5",3,15284.48,1,1
total,"Fertilización, crecimiento y desarrollo embrionario a día 5",4,16982.76,1,1
total,"Fertilización, crecimiento y desarrollo embrionario a día 5",5,0.0,0,0
total,"Fertilización, crecimiento y desarrollo embrionario a día 5",6,0.0,0,0
total,"Fertilización, crecimiento y desarrollo embrionario a día 5",7,0.0,0,0
total,"Fertilización, crecimiento y desarrollo embrionario a día 5",8,33965.52,2,2
total,[EX] Biopsia testicular para FIV/ ICSI,1,0.0,0,0
total,[EX] Biopsia testicular para FIV/ ICSI,2,0.0,0,0
total,[EX] Biopsia testicular para FIV/ ICSI,3,27586.2,2,2
total,[EX] Biopsia testicular para FIV/ ICSI,4,0.0,0,0
total,[EX] Biopsia testicular para FIV/ ICSI,5,13793.1,1,1
total,[EX] Biopsia testicular para FIV/ ICSI,6,27586.2,2,2
total,[EX] Biopsia testicular para FIV/ ICSI,7,13793.1,1,1
total,[EX] Biopsia testicular para FIV/ ICSI,8,13793.1,2,2
total,[EX] Captura + Fertilización GDL,1,0.0,0,0
total,[EX] Captura + Fertilización GDL,2,0.0,0,0
total,[EX] Captura + Fertilización GDL,3,46551.72,2,2
total,[EX] Captura + Fertilización GDL,4,0.0,0,0
total,[EX] Captura + Fertilización GDL,5,46551.72,2,2
total,[EX] Captura + Fertilización GDL,6,324137.3,16,14
total,[EX] Captura + Fertilización GDL,7,23275.86,1,1
total,[EX] Captura + Fertilización GDL,8,0.0,2,0
total,[EX] Captura + fertilización CDMX,1,205750.0,10,10
total,[EX] Captura + fertilización CDMX,2,227593.56,10,10
total,[EX] Captura + fertilización CDMX,3,538750.0,22,22
total,[EX] Captura + fertilización CDMX,4,398362.07,16,16
total,[EX] Captura + fertilización CDMX,5,282385.25,12,12
total,[EX] Captura + fertilización CDMX,6,198750.0,8,8
total,[EX] Captura + fertilización CDMX,7,329770.5,15,15
total,[EX] Captura + fertilización CDMX,8,287500.0,15,15
total,[EX] Captura CDMX,1,9482.76,1,1
total,[EX] Captura CDMX,2,0.0,0,0
total,[EX] Captura CDMX,3,0.0,0,0
total,[EX] Captura CDMX,4,0.0,0,0
total,[EX] Captura CDMX,5,18965.52,1,1
total,[EX] Captura CDMX,6,0.0,0,0
total,[EX] Captura CDMX,7,0.0,0,0
total,[EX] Captura CDMX,8,43620.69,3,3
total,[EX] Captura GDL,1,0.0,0,0
total,[EX] Captura GDL,2,0.0,0,0
total,[EX] Captura GDL,3,0.0,0,0
total,[EX] Captura GDL,4,155172.4,10,10
total,[EX] Captura GDL,5,120689.66,7,7
total,[EX] Captura GDL,6,17241.38,1,1
total,[EX] Captura GDL,7,8620.69,1,1
total,[EX] Captura GDL,8,204958.09,16,14
total,[EX] Captura sin recuperación CDMX,1,0.0,0,0
total,[EX] Captura sin recuperación CDMX,2,50431.02,3,3
total,[EX] Captura sin recuperación CDMX,3,0.0,0,0
total,[EX] Captura sin recuperación CDMX,4,0.0,0,0
total,[EX] Captura sin recuperación CDMX,5,0.0,0,0
total,[EX] Captura sin recuperación CDMX,6,0.0,0,0
total,[EX] Captura sin recuperación CDMX,7,0.0,0,0
total,[EX] Captura sin recuperación CDMX,8,16810.34,1,1
total,[EX] Captura sin recuperación GDL,1,0.0,0,0
total,[EX] Captura sin recuperación GDL,2,0.0,0,0
total,[EX] Captura sin recuperación GDL,3,0.0,0,0
total,[EX] Captura sin recuperación GDL,4,18103.45,1,1
total,[EX] Captura sin recuperación GDL,5,0.0,0,0
total,[EX] Captura sin recuperación GDL,6,18103.45,1,1
total,[EX] Captura sin recuperación GDL,7,0.0,0,0
total,[EX] Captura sin recuperación GDL,8,12931.04,1,1
total,[EX] Fertilización,1,16300.76,3,3
total,[EX] Fertilización,2,4655.18,1,1
total,[EX] Fertilización,3,29508.61,5,5
total,[EX] Fertilización,4,42241.36,7,7
total,[EX] Fertilización,5,54008.6,9,9
total,[EX] Fertilización,6,6034.48,1,1
total,[EX] Fertilización,7,6034.48,1,1
total,[EX] Fertilización,8,83200.82,16,14
total,Inseminacion CDMX,1,17586.21,1,1
total,Inseminacion CDMX,2,20689.66,1,1
total,Inseminacion CDMX,3,20689.66,1,1
total,Inseminacion CDMX,4,76896.56,4,4
total,Inseminacion CDMX,5,62068.98,3,3
total,Inseminacion CDMX,6,38275.87,2,2
total,Inseminacion CDMX,7,57931.04,3,3
total,Inseminacion CDMX,8,30603.45,2,2
total,Inseminacion GDL,1,0.0,0,0
total,Inseminacion GDL,2,0.0,0,0
total,Inseminacion GDL,3,0.0,0,0
total,Inseminacion GDL,4,15948.28,1,1
total,Inseminacion GDL,5,15948.28,5,1
total,Inseminacion GDL,6,0.0,0,0
total,Inseminacion GDL,7,15948.28,1,1
total,Inseminacion GDL,8,62198.29,4,4
total,"[EX] Inseminación Intrauterina (Incluye: Uso de consultorio, enfermera, capacitación y consumibles)",1,6465.52,1,1
total,"[EX] Inseminación Intrauterina (Incluye: Uso de consultorio, enfermera, capacitación y consumibles)",2,12931.04,2,2
total,"[EX] Inseminación Intrauterina (Incluye: Uso de consultorio, enfermera, capacitación y consumibles)",3,12931.04,2,2
total,"[EX] Inseminación Intrauterina (Incluye: Uso de consultorio, enfermera, capacitación y consumibles)",4,16163.8,3,3
total,"[EX] Inseminación Intrauterina (Incluye: Uso de consultorio, enfermera, capacitación y consumibles)",5,19396.56,3,3
total,"[EX] Inseminación Intrauterina (Incluye: Uso de consultorio, enfermera, capacitación y consumibles)",6,32327.6,5,5
total,"[EX] Inseminación Intrauterina (Incluye: Uso de consultorio, enfermera, capacitación y consumibles)",7,19396.56,3,3
total,"[EX] Inseminación Intrauterina (Incluye: Uso de consultorio, enfermera, capacitación y consumibles)",8,38793.12,6,6
total,Preparación endometrial,1,0.0,0,0
total,Preparación endometrial,2,0.0,0,0
total,Preparación endometrial,3,0.0,0,0
total,Preparación endometrial,4,0.0,0,0
total,Preparación endometrial,5,0.0,0,0
total,Preparación endometrial,6,0.0,0,0
total,Preparación endometrial,7,34482.76,1,1
total,Preparación endometrial,8,0.0,0,0
total,Transferencia embrionaria - CDMX,1,12500.0,1,1
total,Transferencia embrionaria - CDMX,2,0.0,0,0
total,Transferencia embrionaria - CDMX,3,0.0,0,0
total,Transferencia embrionaria - CDMX,4,0.0,0,0
total,Transferencia embrionaria - CDMX,5,0.0,0,0
total,Transferencia embrionaria - CDMX,6,0.0,0,0
total,Transferencia embrionaria - CDMX,7,11206.9,1,1
total,Transferencia embrionaria - CDMX,8,0.0,0,0
total,[EX] Transferencia GDL,1,0.0,0,0
total,[EX] Transferencia GDL,2,0.0,0,0
total,[EX] Transferencia GDL,3,0.0,0,0
total,[EX] Transferencia GDL,4,0.0,0,0
total,[EX] Transferencia GDL,5,0.0,1,1
total,[EX] Transferencia GDL,6,36206.88,6,6
total,[EX] Transferencia GDL,7,12068.96,2,2
total,[EX] Transferencia GDL,8,36206.88,6,6
total,[EX] Transferencia de congelados CDMX,1,80862.78,6,6
total,[EX] Transferencia de congelados CDMX,2,239883.68,18,18
total,[EX] Transferencia de congelados CDMX,3,195323.27,13,13
total,[EX] Transferencia de congelados CDMX,4,152844.82,10,10
total,[EX] Transferencia de congelados CDMX,5,228706.88,16,16
total,[EX] Transferencia de congelados CDMX,6,291034.46,19,19
total,[EX] Transferencia de congelados CDMX,7,230431.02,15,15
total,[EX] Transferencia de congelados CDMX,8,195754.13,14,14
total,[EX] Transferencia de congelados GDL,1,21280.18,4,4
total,[EX] Transferencia de congelados GDL,2,0.0,0,0
total,[EX] Transferencia de congelados GDL,3,96250.0,10,10
total,[EX] Transferencia de congelados GDL,4,24006.03,4,4
total,[EX] Transferencia de congelados GDL,5,25000.0,4,4
total,[EX] Transferencia de congelados GDL,6,25000.0,3,3
total,[EX] Transferencia de congelados GDL,7,12500.0,1,1
total,[EX] Transferencia de congelados GDL,8,75000.0,8,6
total,[FET] Transferencia de Embrión Congelado CDMX,1,805689.59,20,20
total,[FET] Transferencia de Embrión Congelado CDMX,2,537262.87,15,15
total,[FET] Transferencia de Embrión Congelado CDMX,3,1003448.16,31,31
total,[FET] Transferencia de Embrión Congelado CDMX,4,734805.97,18,19
total,[FET] Transferencia de Embrión Congelado CDMX,5,944827.49,27,27
total,[FET] Transferencia de Embrión Congelado CDMX,6,570646.53,13,14
total,[FET] Transferencia de Embrión Congelado CDMX,7,746465.47,21,21
total,[FET] Transferencia de Embrión Congelado CDMX,8,896961.12,25,25
total,[FET] Transferencia de Embrión Congelado GDL - MET,1,29741.4,1,1
total,[FET] Transferencia de Embrión Congelado GDL - MET,2,0.0,1,1
total,[FET] Transferencia de Embrión Congelado GDL - MET,3,31465.52,3,3
total,[FET] Transferencia de Embrión Congelado GDL - MET,4,0.0,0,0
total,[FET] Transferencia de Embrión Congelado GDL - MET,5,31465.52,4,4
total,[FET] Transferencia de Embrión Congelado GDL - MET,6,31465.52,3,3
total,[FET] Transferencia de Embrión Congelado GDL - MET,7,58232.76,3,3
total,[FET] Transferencia de Embrión Congelado GDL - MET,8,0.0,4,4
total,Sesión de Acupuntura - CDMX,1,0.0,0,0
total,Sesión de Acupuntura - CDMX,2,1551.72,1,1
total,Sesión de Acupuntura - CDMX,3,0.0,0,0
total,Sesión de Acupuntura - CDMX,4,1551.72,1,1
total,Sesión de Acupuntura - CDMX,5,9137.91,109,110
total,Sesión de Acupuntura - CDMX,6,3103.44,2,2
total,Sesión de Acupuntura - CDMX,7,3010.34,5,5
total,Sesión de Acupuntura - CDMX,8,8312.05,12,12
total,Sesión de Masaje - CDMX,1,0.0,0,0
total,Sesión de Masaje - CDMX,2,0.0,0,0
total,Sesión de Masaje - CDMX,3,0.0,0,0
total,Sesión de Masaje - CDMX,4,0.0,0,0
total,Sesión de Masaje - CDMX,5,0.0,3,3
total,Sesión de Masaje - CDMX,6,0.0,0,0
total,Sesión de Masaje - CDMX,7,0.0,0,0
total,Sesión de Masaje - CDMX,8,1551.72,2,2
total,Consulta de nutrición CDMX,1,0.0,0,0
total,Consulta de nutrición CDMX,2,0.0,0,0
total,Consulta de nutrición CDMX,3,0.0,0,0
total,Consulta de nutrición CDMX,4,0.0,0,0
total,Consulta de nutrición CDMX,5,7241.37,10,10
total,Consulta de nutrición CDMX,6,3103.44,2,2
total,Consulta de nutrición CDMX,7,7665.5,5,5
total,Consulta de nutrición CDMX,8,0.0,1,1
total,Consulta de nutrición GDL,1,0.0,0,0
total,Consulta de nutrición GDL,2,0.0,0,0
total,Consulta de nutrición GDL,3,0.0,0,0
total,Consulta de nutrición GDL,4,0.0,0,0
total,Consulta de nutrición GDL,5,1379.31,1,1
total,Consulta de nutrición GDL,6,0.0,1,1
total,Consulta de nutrición GDL,7,1379.31,1,1
total,Consulta de nutrición GDL,8,2413.79,4,2
total,Terapia individual - GDL,1,0.0,0,0
total,Terapia individual - GDL,2,0.0,0,0
total,Terapia individual - GDL,3,0.0,0,0
total,Terapia individual - GDL,4,0.0,0,0
total,Terapia individual - GDL,5,0.0,0,0
total,Terapia individual - GDL,6,0.0,0,0
total,Terapia individual - GDL,7,1034.48,1,1
total,Terapia individual - GDL,8,1034.48,3,1
